ID,Type,SKU,Name,Published,Regular price,Sale price,Categories,Short description,Description,Meta: _ps_species,Meta: _ps_log_length,Meta: _ps_unit,Meta: _ps_unit_qty,Meta: _ps_drying,Meta: _ps_moisture,Meta: _ps_name_fr,Meta: _ps_short_fr,Meta: _ps_desc_fr,Meta: _ps_name_en,Meta: _ps_short_en,Meta: _ps_desc_en,Meta: _ps_name_es,Meta: _ps_short_es,Meta: _ps_desc_es
125,simple,WH-4342,"33 cm – Hartholz-Mix 85 % – Palette 1,7 m³ – 2,5 Ster",1,300,225,Brennholz,"Die Palette enthält mehrere Holzarten, überwiegend Harthölzer: Esche, Buche, Hainbuche, der Rest ist Weichholz wie Kastanie. Ideal für ein gutes Gleichgewicht zwischen Glut und lebhaften Flammen, ohne Ihren Ofen zu verschmutzen.","<div class=""page3a2a2"">
<table class=""page3a2a2a"">
<tbody>
<tr class=""page3a2a2a1"">
<td class=""page3a2a2a1a"">
<div class=""page3a2a2a1a1"">Übersicht</div></td>
<td class=""page3a2a2a1b"">
<div class=""page3a2a2a1a3"">Palette mit 1,7 m³, auf 33 cm gespaltene Scheite aus 85 % Hartholz und 15 % Kastanie. In Europa hergestelltes Holz, natürlich getrocknet auf unter 20 % Restfeuchte.</div>
<div class=""page3a2a2a1a2"">Das Holz ist sauber auf 33 cm gespalten – das ideale Format für einen modernen Holzofen, einen kleinen Kamineinsatz oder eine geschlossene Feuerstelle.</div>
<div class=""page3a2a2a1a2"">Kastanie ist ein weiches Laubholz, das sich leicht anzünden lässt und gute Wärme liefert, aber schneller abbrennt als Hartholz.</div>
<div class=""page3a2a2a1a3"">Restfeuchte</div>
<div class=""page3a2a2a1a2"">Unter 20 %</div>
<div class=""page3a2a2a1a3"">Holzart</div>
<div class=""page3a2a2a1a2"">85 % Hartholz (Hainbuche, Esche, Buche) und 15 % Kastanie</div></td>
</tr>
</tbody>
</table>
</div>
<div class=""page3a2a2"">
<table class=""page3a2a2a"">
<tbody>
<tr class=""page3a2a2a1"">
<td class=""page3a2a2a1a"">
<div class=""page3a2a2a1a1"">Weitere Informationen</div></td>
<td class=""page3a2a2a1b"">
<div class=""page3a2a2a1a3"">Volumen in m³</div>
<div class=""page3a2a2a1a2"">1.7 m3</div>
<div class=""page3a2a2a1a3"">Volumen in Ster</div>
<div class=""page3a2a2a1a2"">2,5 Ster</div>
<div class=""page3a2a2a1a3"">Trocknungsart</div>
<div class=""page3a2a2a1a2"">Natürlich im Freien</div>
<div class=""page3a2a2a1a3"">Holztyp</div>
<div class=""page3a2a2a1a2"">Mischung aus Hart- und Weichholz</div>
<div class=""page3a2a2a1a3"">Länge</div>
<div class=""page3a2a2a1a2"">33 cm</div></td>
</tr>
</tbody>
</table>
</div>",mixed,33,rm,2.5,air,20,33 cm - Mélange 85% bois durs - Palette 1.7 m3 - 2.5 stères,"La palette contient plusieurs essences, majoritairement des bois durs : frêne, hêtre, charme puis le reste de bois tendre de type chàtaignier. Cela est donc idéal pour un bon équilibre entre braises et flammes vives sans encrasser votre poêle.","<div class=""page3a2a2"">
<table class=""page3a2a2a"">
<tbody>
<tr class=""page3a2a2a1"">
<td class=""page3a2a2a1a"">
<div class=""page3a2a2a1a1"">Présentation</div></td>
<td class=""page3a2a2a1b"">
<div class=""page3a2a2a1a3"">Palette de 1,7M3, en bûches refendues en 33 cm, composées de 85% de bois durs et de 15% de châtaignier. Bois fabriqué en Europe, séchage naturel inférieur à 20% d'humidité.</div>
<div class=""page3a2a2a1a2"">Le bois est bien refendu en bûches de 33 cm, le format qui convient parfaitement pour un poêle à bois moderne, un petit insert ou dans un foyer fermé.</div>
<div class=""page3a2a2a1a2"">Le châtaignier est un bois feuillus tendre qui s'allumera facilement et qui produira une bonne chaleur mais il se consumera plus rapidement qu'un bois dur.</div>
<div class=""page3a2a2a1a3"">Taux D'humidité</div>
<div class=""page3a2a2a1a2"">Inférieur à 20%</div>
<div class=""page3a2a2a1a3"">Essence</div>
<div class=""page3a2a2a1a2"">85% bois durs (charme, frêne, hêtre) et 15% châtaignier</div></td>
</tr>
</tbody>
</table>
</div>
<div class=""page3a2a2"">
<table class=""page3a2a2a"">
<tbody>
<tr class=""page3a2a2a1"">
<td class=""page3a2a2a1a"">
<div class=""page3a2a2a1a1"">Informations complémentaires</div></td>
<td class=""page3a2a2a1b"">
<div class=""page3a2a2a1a3"">Volume En M3</div>
<div class=""page3a2a2a1a2"">1.7 m3</div>
<div class=""page3a2a2a1a3"">Volume En Stères</div>
<div class=""page3a2a2a1a2"">2.5 stères</div>
<div class=""page3a2a2a1a3"">Technique De Séchage</div>
<div class=""page3a2a2a1a2"">Naturel en extérieur</div>
<div class=""page3a2a2a1a3"">Type De Bois</div>
<div class=""page3a2a2a1a2"">Mélange durs et tendres</div>
<div class=""page3a2a2a1a3"">Longueur</div>
<div class=""page3a2a2a1a2"">33 cm</div></td>
</tr>
</tbody>
</table>
</div>",33 cm – 85% hardwood mix – pallet 1.7 m³ – 2.5 steres,"The pallet contains several wood species, mostly hardwoods: ash, beech, hornbeam, with the rest being softwood such as chestnut. Ideal for a good balance between embers and lively flames without clogging your stove.","<div class=""page3a2a2"">
<table class=""page3a2a2a"">
<tbody>
<tr class=""page3a2a2a1"">
<td class=""page3a2a2a1a"">
<div class=""page3a2a2a1a1"">Overview</div></td>
<td class=""page3a2a2a1b"">
<div class=""page3a2a2a1a3"">1.7 m³ pallet of logs split to 33 cm, made of 85% hardwood and 15% chestnut. Wood produced in Europe, naturally dried to below 20% moisture.</div>
<div class=""page3a2a2a1a2"">The wood is neatly split into 33 cm logs, the perfect size for a modern wood stove, a small insert or a closed fireplace.</div>
<div class=""page3a2a2a1a2"">Chestnut is a soft hardwood that lights easily and gives good heat, but burns faster than a dense hardwood.</div>
<div class=""page3a2a2a1a3"">Moisture content</div>
<div class=""page3a2a2a1a2"">Below 20%</div>
<div class=""page3a2a2a1a3"">Wood species</div>
<div class=""page3a2a2a1a2"">85% hardwood (hornbeam, ash, beech) and 15% chestnut</div></td>
</tr>
</tbody>
</table>
</div>
<div class=""page3a2a2"">
<table class=""page3a2a2a"">
<tbody>
<tr class=""page3a2a2a1"">
<td class=""page3a2a2a1a"">
<div class=""page3a2a2a1a1"">Additional information</div></td>
<td class=""page3a2a2a1b"">
<div class=""page3a2a2a1a3"">Volume in m³</div>
<div class=""page3a2a2a1a2"">1.7 m3</div>
<div class=""page3a2a2a1a3"">Volume in steres</div>
<div class=""page3a2a2a1a2"">2.5 steres</div>
<div class=""page3a2a2a1a3"">Drying method</div>
<div class=""page3a2a2a1a2"">Naturally outdoors</div>
<div class=""page3a2a2a1a3"">Type of wood</div>
<div class=""page3a2a2a1a2"">Mix of hardwood and softwood</div>
<div class=""page3a2a2a1a3"">Length</div>
<div class=""page3a2a2a1a2"">33 cm</div></td>
</tr>
</tbody>
</table>
</div>","33 cm – Mezcla 85 % maderas duras – Palé 1,7 m³ – 2,5 estéreos","El palé contiene varias especies, sobre todo maderas duras: fresno, haya y carpe, y el resto madera blanda como el castaño. Ideal para un buen equilibrio entre brasas y llamas vivas sin ensuciar su estufa.","<div class=""page3a2a2"">
<table class=""page3a2a2a"">
<tbody>
<tr class=""page3a2a2a1"">
<td class=""page3a2a2a1a"">
<div class=""page3a2a2a1a1"">Presentación</div></td>
<td class=""page3a2a2a1b"">
<div class=""page3a2a2a1a3"">Palé de 1,7 m³ con troncos partidos a 33 cm, compuesto por un 85 % de maderas duras y un 15 % de castaño. Madera producida en Europa, secado natural por debajo del 20 % de humedad.</div>
<div class=""page3a2a2a1a2"">La madera está bien partida en troncos de 33 cm, el formato perfecto para una estufa de leña moderna, un pequeño insert o un hogar cerrado.</div>
<div class=""page3a2a2a1a2"">El castaño es una frondosa blanda que se enciende con facilidad y da buen calor, pero se consume más rápido que una madera dura.</div>
<div class=""page3a2a2a1a3"">Humedad</div>
<div class=""page3a2a2a1a2"">Inferior al 20 %</div>
<div class=""page3a2a2a1a3"">Especie</div>
<div class=""page3a2a2a1a2"">85 % maderas duras (carpe, fresno, haya) y 15 % castaño</div></td>
</tr>
</tbody>
</table>
</div>
<div class=""page3a2a2"">
<table class=""page3a2a2a"">
<tbody>
<tr class=""page3a2a2a1"">
<td class=""page3a2a2a1a"">
<div class=""page3a2a2a1a1"">Información adicional</div></td>
<td class=""page3a2a2a1b"">
<div class=""page3a2a2a1a3"">Volumen en m³</div>
<div class=""page3a2a2a1a2"">1.7 m3</div>
<div class=""page3a2a2a1a3"">Volumen en estéreos</div>
<div class=""page3a2a2a1a2"">2,5 estéreos</div>
<div class=""page3a2a2a1a3"">Técnica de secado</div>
<div class=""page3a2a2a1a2"">Natural al aire libre</div>
<div class=""page3a2a2a1a3"">Tipo de madera</div>
<div class=""page3a2a2a1a2"">Mezcla de maderas duras y blandas</div>
<div class=""page3a2a2a1a3"">Longitud</div>
<div class=""page3a2a2a1a2"">33 cm</div></td>
</tr>
</tbody>
</table>
</div>"
126,simple,WH-4343,"50 cm – Hartholz-Mix 80 % – Palette 1,2 m³ – 1,5 Ster",1,280,224,Brennholz,"Dieses Palettenholz besteht aus Buche, Esche, Eiche und Pappel (80 % Hartholz). Lagern Sie es an einem belüfteten, vor Feuchtigkeit geschützten Ort, damit es nicht schimmelt. Die kleine Palette ist praktisch, wenn Sie wenig Lagerplatz haben. Sie ist mit einer zu 100 % recycelbaren Folie abgedeckt.","<div class=""page3a2a2"">
<table class=""page3a2a2a"">
<tbody>
<tr class=""page3a2a2a1"">
<td class=""page3a2a2a1a"">
<div class=""page3a2a2a1a1"">Übersicht</div></td>
<td class=""page3a2a2a1b"">
<div class=""page3a2a2a1a3"">Auf 50 cm gespaltene Scheite, Mischung mit 80 % Hartholz, natürlich getrocknet.</div>
<div class=""page3a2a2a1a2"">Dieses Holz wird natürlich an der freien Luft getrocknet – ohne zusätzliche Energie, was den CO₂-Ausstoss senkt.</div>
<div class=""page3a2a2a1a2"">Die Zusammensetzung dieser Palette spiegelt Europas Wälder wider: überwiegend Laubholz – Buche, Esche, Hainbuche und Ahorn – sowie etwas Weichholz (hilft beim Anzünden), hauptsächlich Birke und Pappel.</div>
<div class=""page3a2a2a1a3"">Restfeuchte</div>
<div class=""page3a2a2a1a2"">Unter 20 %</div>
<div class=""page3a2a2a1a3"">Holzart</div>
<div class=""page3a2a2a1a2"">80 % Hartholz, 20 % Weichholz</div></td>
</tr>
</tbody>
</table>
</div>
<div class=""page3a2a2"">
<table class=""page3a2a2a"">
<tbody>
<tr class=""page3a2a2a1"">
<td class=""page3a2a2a1a"">
<div class=""page3a2a2a1a1"">Weitere Informationen</div></td>
<td class=""page3a2a2a1b"">
<div class=""page3a2a2a1a3"">Volumen in m³</div>
<div class=""page3a2a2a1a2"">1.2 m3</div>
<div class=""page3a2a2a1a3"">Volumen in Ster</div>
<div class=""page3a2a2a1a2"">1,5 Ster</div>
<div class=""page3a2a2a1a3"">Trocknungsart</div>
<div class=""page3a2a2a1a2"">Natürlich im Freien</div>
<div class=""page3a2a2a1a3"">Holztyp</div>
<div class=""page3a2a2a1a2"">Mischung aus Hart- und Weichholz</div>
<div class=""page3a2a2a1a3"">Länge</div>
<div class=""page3a2a2a1a2"">50 cm</div></td>
</tr>
</tbody>
</table>
</div>",mixed,50,rm,1.5,air,20,50 cm - Mélange 80% bois durs - Palette 1.2 m3 - 1.5 stères,"Ce bois en palette est composé de hêtre, frêne, chêne et peuplier (80 % de bois durs). Ce bois doit être stocké dans un endroit ventilé à l'abri de l'humidité pour éviter que le bois moisisse. Cette petite palette est pratique pour les personnes ayant peu de place de stockage. Elle est recouverte d'un plastique 100% recyclable.","<div class=""page3a2a2"">
<table class=""page3a2a2a"">
<tbody>
<tr class=""page3a2a2a1"">
<td class=""page3a2a2a1a"">
<div class=""page3a2a2a1a1"">Présentation</div></td>
<td class=""page3a2a2a1b"">
<div class=""page3a2a2a1a3"">Bûches refendues en 50 cm, mélange 80% bois durs, séchage naturel.</div>
<div class=""page3a2a2a1a2"">Ce bois est séché naturellement à l'air libre afin d'éviter la consommation d'une autre énergie pour le sécher ce qui entraîne une réduction des émissions de CO2.</div>
<div class=""page3a2a2a1a2"">La composition de cette palette est le reflet des forêts Européennes : composées majoritairement de feuillus : hêtre, frêne, charme et érable et quelques essences de bois tendres (pour vous aider à l'allumage) : bouleau et peuplier principalement.</div>
<div class=""page3a2a2a1a3"">Taux D'humidité</div>
<div class=""page3a2a2a1a2"">Inférieur à 20%</div>
<div class=""page3a2a2a1a3"">Essence</div>
<div class=""page3a2a2a1a2"">80% bois durs, 20% bois tendres</div></td>
</tr>
</tbody>
</table>
</div>
<div class=""page3a2a2"">
<table class=""page3a2a2a"">
<tbody>
<tr class=""page3a2a2a1"">
<td class=""page3a2a2a1a"">
<div class=""page3a2a2a1a1"">Informations complémentaires</div></td>
<td class=""page3a2a2a1b"">
<div class=""page3a2a2a1a3"">Volume En M3</div>
<div class=""page3a2a2a1a2"">1.2 m3</div>
<div class=""page3a2a2a1a3"">Volume En Stères</div>
<div class=""page3a2a2a1a2"">1.5 stères</div>
<div class=""page3a2a2a1a3"">Technique De Séchage</div>
<div class=""page3a2a2a1a2"">Naturel en extérieur</div>
<div class=""page3a2a2a1a3"">Type De Bois</div>
<div class=""page3a2a2a1a2"">Mélange durs et tendres</div>
<div class=""page3a2a2a1a3"">Longueur</div>
<div class=""page3a2a2a1a2"">50 cm</div></td>
</tr>
</tbody>
</table>
</div>",50 cm – 80% hardwood mix – pallet 1.2 m³ – 1.5 steres,"This pallet wood consists of beech, ash, oak and poplar (80% hardwood). Store it in a ventilated place protected from damp so that the wood does not go mouldy. This small pallet is handy if you have little storage space. It is covered with 100% recyclable plastic.","<div class=""page3a2a2"">
<table class=""page3a2a2a"">
<tbody>
<tr class=""page3a2a2a1"">
<td class=""page3a2a2a1a"">
<div class=""page3a2a2a1a1"">Overview</div></td>
<td class=""page3a2a2a1b"">
<div class=""page3a2a2a1a3"">Logs split to 50 cm, 80% hardwood mix, naturally dried.</div>
<div class=""page3a2a2a1a2"">This wood is dried naturally in the open air, so no extra energy is used to dry it, which reduces CO₂ emissions.</div>
<div class=""page3a2a2a1a2"">The mix on this pallet reflects Europe's forests: mostly hardwoods – beech, ash, hornbeam and maple – plus a few softwoods (to help you light the fire), mainly birch and poplar.</div>
<div class=""page3a2a2a1a3"">Moisture content</div>
<div class=""page3a2a2a1a2"">Below 20%</div>
<div class=""page3a2a2a1a3"">Wood species</div>
<div class=""page3a2a2a1a2"">80% hardwood, 20% softwood</div></td>
</tr>
</tbody>
</table>
</div>
<div class=""page3a2a2"">
<table class=""page3a2a2a"">
<tbody>
<tr class=""page3a2a2a1"">
<td class=""page3a2a2a1a"">
<div class=""page3a2a2a1a1"">Additional information</div></td>
<td class=""page3a2a2a1b"">
<div class=""page3a2a2a1a3"">Volume in m³</div>
<div class=""page3a2a2a1a2"">1.2 m3</div>
<div class=""page3a2a2a1a3"">Volume in steres</div>
<div class=""page3a2a2a1a2"">1.5 steres</div>
<div class=""page3a2a2a1a3"">Drying method</div>
<div class=""page3a2a2a1a2"">Naturally outdoors</div>
<div class=""page3a2a2a1a3"">Type of wood</div>
<div class=""page3a2a2a1a2"">Mix of hardwood and softwood</div>
<div class=""page3a2a2a1a3"">Length</div>
<div class=""page3a2a2a1a2"">50 cm</div></td>
</tr>
</tbody>
</table>
</div>","50 cm – Mezcla 80 % maderas duras – Palé 1,2 m³ – 1,5 estéreos","Esta leña en palé se compone de haya, fresno, roble y álamo (80 % maderas duras). Debe almacenarse en un lugar ventilado y protegido de la humedad para evitar que la madera se enmohezca. Este palé pequeño es práctico si dispone de poco espacio. Está cubierto con un plástico 100 % reciclable.","<div class=""page3a2a2"">
<table class=""page3a2a2a"">
<tbody>
<tr class=""page3a2a2a1"">
<td class=""page3a2a2a1a"">
<div class=""page3a2a2a1a1"">Presentación</div></td>
<td class=""page3a2a2a1b"">
<div class=""page3a2a2a1a3"">Troncos partidos a 50 cm, mezcla con 80 % de maderas duras, secado natural.</div>
<div class=""page3a2a2a1a2"">Esta madera se seca de forma natural al aire libre, sin consumir otra energía para secarla, lo que reduce las emisiones de CO₂.</div>
<div class=""page3a2a2a1a2"">La composición de este palé refleja los bosques europeos: sobre todo frondosas – haya, fresno, carpe y arce – y algunas maderas blandas (para ayudar al encendido), principalmente abedul y álamo.</div>
<div class=""page3a2a2a1a3"">Humedad</div>
<div class=""page3a2a2a1a2"">Inferior al 20 %</div>
<div class=""page3a2a2a1a3"">Especie</div>
<div class=""page3a2a2a1a2"">80 % maderas duras, 20 % maderas blandas</div></td>
</tr>
</tbody>
</table>
</div>
<div class=""page3a2a2"">
<table class=""page3a2a2a"">
<tbody>
<tr class=""page3a2a2a1"">
<td class=""page3a2a2a1a"">
<div class=""page3a2a2a1a1"">Información adicional</div></td>
<td class=""page3a2a2a1b"">
<div class=""page3a2a2a1a3"">Volumen en m³</div>
<div class=""page3a2a2a1a2"">1.2 m3</div>
<div class=""page3a2a2a1a3"">Volumen en estéreos</div>
<div class=""page3a2a2a1a2"">1,5 estéreos</div>
<div class=""page3a2a2a1a3"">Técnica de secado</div>
<div class=""page3a2a2a1a2"">Natural al aire libre</div>
<div class=""page3a2a2a1a3"">Tipo de madera</div>
<div class=""page3a2a2a1a2"">Mezcla de maderas duras y blandas</div>
<div class=""page3a2a2a1a3"">Longitud</div>
<div class=""page3a2a2a1a2"">50 cm</div></td>
</tr>
</tbody>
</table>
</div>"
127,simple,WH-4344,12 grosse Netzsäcke – Birke,1,120,96,Brennholz,"Entspricht etwa 1 lose befüllten Big Bag. Es sind dieselben Scheite wie in unseren Holzkisten – kammergetrocknetes Hartholz. Ideal für Lieferungen an Häuser am Hang, mit Treppen, engen Durchgängen usw., wo eine Kiste nur schwer hinkommt. Haben Sie eine Kieseinfahrt, sind Netzsäcke die beste Wahl.","<div class=""page3a2a2"">
<table class=""page3a2a2a"">
<tbody>
<tr class=""page3a2a2a1"">
<td class=""page3a2a2a1a"">
<div class=""page3a2a2a1a1"">Übersicht</div></td>
<td class=""page3a2a2a1b"">
<div class=""page3a2a2a1a3"">Unsere Option mit 12 Netzen ist die kleinste Menge kammergetrockneter Hartholzscheite, die wir liefern.</div>
<div class=""page3a2a2a1a2"">Diese 12 Netze entsprechen ungefähr einem lose befüllten Standard-Big-Bag. Unsere Kundinnen und Kunden schätzen die Netzsäcke, weil sie vielseitiger sind und sich ideal für schwer zugängliche Orte eignen, an denen keine Kiste aufgestellt werden kann, etwa bei Kieswegen oder Treppen. Die Netzsäcke lassen sich leicht anheben, in einem Schuppen oder Nebengebäude lagern und Sack für Sack ins Haus tragen.</div>
<div class=""page3a2a2a1a2"">Im Durchschnitt stapeln unsere Kunden 12 Netzsäcke in weniger als 5 Minuten im Holzlager! Alle unsere Scheite sind kammergetrocknet auf unter 20 % Restfeuchte – meist liegt der Wert sogar bei rund 15 % oder darunter.</div></td>
</tr>
</tbody>
</table>
</div>
<div class=""page3a2a2"">
<table class=""page3a2a2a"">
<tbody>
<tr class=""page3a2a2a1"">
<td class=""page3a2a2a1a"">
<div class=""page3a2a2a1a1"">Weitere Informationen</div></td>
<td class=""page3a2a2a1b"">
<div class=""page3a2a2a1a3"">Versandgewicht</div>
<div class=""page3a2a2a1a2"">180 kg</div></td>
</tr>
</tbody>
</table>
</div>",birch,,,,kiln,20,12 grands sacs à filet - bouleau,"Équivaut à 1 sac de chantier rempli en vrac environ. Ce sont les mêmes bûches que celles fournies dans nos caisses - bois dur séché au four. Elles conviennent parfaitement aux livraisons pour les maisons en pente, les escaliers, les passages étroits, etc., où il peut être difficile d'obtenir l'une de nos caisses. Par conséquent, si vous avez une allée en gravier, les sacs en filet sont idéaux.","<div class=""page3a2a2"">
<table class=""page3a2a2a"">
<tbody>
<tr class=""page3a2a2a1"">
<td class=""page3a2a2a1a"">
<div class=""page3a2a2a1a1"">Présentation</div></td>
<td class=""page3a2a2a1b"">
<div class=""page3a2a2a1a3"">Notre option 12 filets est le plus petit volume de bûches de bois dur séché au four que nous livrons.</div>
<div class=""page3a2a2a1a2"">Ces 12 filets correspondent approximativement à un sac de chantier standard rempli en vrac. Nos clients trouvent que les sacs en filet sont plus polyvalents et conviennent parfaitement aux zones difficiles d'accès ou aux endroits dont l'accès est restreint et où il est impossible d'utiliser une caisse, par exemple une allée de gravier ou des marches. Les sacs en filet de bûches peuvent être facilement soulevés et stockés dans un hangar ou une dépendance, et transportés dans votre maison un sac à la fois.</div>
<div class=""page3a2a2a1a2"">En moyenne, nos clients peuvent empiler 12 sacs nets dans un magasin de bois en moins de 5 minutes ! Nos bûches sont toutes séchées au four à moins de 20% d'humidité, et la plupart du temps, vous trouverez l'humidité autour de 15% ou moins.</div></td>
</tr>
</tbody>
</table>
</div>
<div class=""page3a2a2"">
<table class=""page3a2a2a"">
<tbody>
<tr class=""page3a2a2a1"">
<td class=""page3a2a2a1a"">
<div class=""page3a2a2a1a1"">Informations complémentaires</div></td>
<td class=""page3a2a2a1b"">
<div class=""page3a2a2a1a3"">Poids d'expédition</div>
<div class=""page3a2a2a1a2"">180 kg</div></td>
</tr>
</tbody>
</table>
</div>",12 large net bags – birch,"Roughly equivalent to 1 loosely filled builder's bag. These are the same logs as in our crates – kiln-dried hardwood. Perfect for deliveries to houses on slopes, with steps, narrow passages and so on, where a crate is hard to place. So if you have a gravel drive, net bags are ideal.","<div class=""page3a2a2"">
<table class=""page3a2a2a"">
<tbody>
<tr class=""page3a2a2a1"">
<td class=""page3a2a2a1a"">
<div class=""page3a2a2a1a1"">Overview</div></td>
<td class=""page3a2a2a1b"">
<div class=""page3a2a2a1a3"">Our 12-net option is the smallest volume of kiln-dried hardwood logs we deliver.</div>
<div class=""page3a2a2a1a2"">These 12 nets roughly match one standard, loosely filled builder's bag. Our customers find net bags more versatile and ideal for hard-to-reach spots or places with restricted access where a crate cannot be used, such as a gravel drive or steps. The log net bags are easy to lift, store in a shed or outbuilding and carry into your home one bag at a time.</div>
<div class=""page3a2a2a1a2"">On average our customers stack 12 net bags in a log store in under 5 minutes! All our logs are kiln-dried to below 20% moisture, and most of the time you will find it around 15% or less.</div></td>
</tr>
</tbody>
</table>
</div>
<div class=""page3a2a2"">
<table class=""page3a2a2a"">
<tbody>
<tr class=""page3a2a2a1"">
<td class=""page3a2a2a1a"">
<div class=""page3a2a2a1a1"">Additional information</div></td>
<td class=""page3a2a2a1b"">
<div class=""page3a2a2a1a3"">Shipping weight</div>
<div class=""page3a2a2a1a2"">180 kg</div></td>
</tr>
</tbody>
</table>
</div>",12 sacos de malla grandes – abedul,"Equivale aproximadamente a 1 saco de obra lleno a granel. Son los mismos troncos que en nuestros cajones: madera dura secada en horno. Perfectos para entregas en casas en pendiente, con escaleras, pasos estrechos, etc., donde es difícil colocar uno de nuestros cajones. Si tiene un camino de grava, los sacos de malla son ideales.","<div class=""page3a2a2"">
<table class=""page3a2a2a"">
<tbody>
<tr class=""page3a2a2a1"">
<td class=""page3a2a2a1a"">
<div class=""page3a2a2a1a1"">Presentación</div></td>
<td class=""page3a2a2a1b"">
<div class=""page3a2a2a1a3"">Nuestra opción de 12 mallas es el volumen más pequeño de troncos de madera dura secada en horno que entregamos.</div>
<div class=""page3a2a2a1a2"">Estas 12 mallas equivalen aproximadamente a un saco de obra estándar lleno a granel. Nuestros clientes consideran que los sacos de malla son más versátiles e ideales para zonas de difícil acceso o lugares con acceso restringido donde no se puede usar un cajón, como un camino de grava o escalones. Los sacos se levantan con facilidad, se guardan en un cobertizo o anexo y se llevan a casa de uno en uno.</div>
<div class=""page3a2a2a1a2"">De media, nuestros clientes apilan 12 sacos de malla en una leñera en menos de 5 minutos. Todos nuestros troncos se secan en horno por debajo del 20 % de humedad y, la mayoría de las veces, la humedad ronda el 15 % o menos.</div></td>
</tr>
</tbody>
</table>
</div>
<div class=""page3a2a2"">
<table class=""page3a2a2a"">
<tbody>
<tr class=""page3a2a2a1"">
<td class=""page3a2a2a1a"">
<div class=""page3a2a2a1a1"">Información adicional</div></td>
<td class=""page3a2a2a1b"">
<div class=""page3a2a2a1a3"">Peso de envío</div>
<div class=""page3a2a2a1a2"">180 kg</div></td>
</tr>
</tbody>
</table>
</div>"
128,simple,WH-4345,24 grosse Netzsäcke – Birke,1,230,184,Brennholz,"Entspricht etwa 2 lose befüllten Big Bags. Es sind dieselben Scheite wie in unseren Holzkisten – kammergetrocknetes Hartholz. Ideal für Lieferungen an Häuser am Hang, mit Treppen, engen Durchgängen usw., wo eine Kiste nur schwer hinkommt. Haben Sie eine Kieseinfahrt, sind Netzsäcke die beste Wahl. Unser Fahrer stellt die Netze am Strassenrand oder so nah wie möglich an Ihrem Haus ab, und Sie können sie von Hand verräumen.","<div class=""page3a2a2"">
<table class=""page3a2a2a"">
<tbody>
<tr class=""page3a2a2a1"">
<td class=""page3a2a2a1a"">
<div class=""page3a2a2a1a1"">Übersicht</div></td>
<td class=""page3a2a2a1b"">
<div class=""page3a2a2a1a3"">Kammergetrocknete Hartholzscheite.</div>
<div class=""page3a2a2a1a2"">24 grosse Netzsäcke mit Scheiten, was etwa 2 lose befüllten Big Bags entspricht. Es sind dieselben Scheite wie in unseren Holzkisten – kammergetrocknetes Hartholz. Ideal für Lieferungen an Häuser am Hang, mit Treppen, engen Durchgängen usw., wo eine Kiste nur schwer Platz findet. Die Säcke kommen auf einer Palette und lassen sich leicht in jedes Nebengebäude bringen.</div>
<div class=""page3a2a2a1a2"">Haben Sie eine Kieseinfahrt, sind Netzsäcke ideal: Sie werden am Strassenrand oder so nah wie für unseren Fahrer möglich abgestellt und lassen sich von Hand verräumen. Die Scheite eignen sich für die meisten Holzöfen und offenen Kamine. Sie sind in der Regel gespalten und höchstens 25 cm lang.</div></td>
</tr>
</tbody>
</table>
</div>
<div class=""page3a2a2"">
<table class=""page3a2a2a"">
<tbody>
<tr class=""page3a2a2a1"">
<td class=""page3a2a2a1a"">
<div class=""page3a2a2a1a1"">Weitere Informationen</div></td>
<td class=""page3a2a2a1b"">
<div class=""page3a2a2a1a3"">Versandgewicht</div>
<div class=""page3a2a2a1a2"">400 kg</div></td>
</tr>
</tbody>
</table>
</div>",birch,,,,kiln,,24 grands sacs à filet - bouleau,"Équivaut à 2 sacs de chantier remplis en vrac environ. Ce sont les mêmes bûches que celles fournies dans nos caisses - bois dur séché au four. Ils conviennent parfaitement aux livraisons pour les maisons situées sur des pentes, des marches, des passages étroits, etc. où il peut être difficile d'obtenir un de nos casiers. Si vous avez une allée en gravier, les sacs en filet sont idéaux. Les filets sont déposés au bord du trottoir ou aussi près que possible de votre domicile par notre chauffeur et peuvent être déplacés à la main.","<div class=""page3a2a2"">
<table class=""page3a2a2a"">
<tbody>
<tr class=""page3a2a2a1"">
<td class=""page3a2a2a1a"">
<div class=""page3a2a2a1a1"">Présentation</div></td>
<td class=""page3a2a2a1b"">
<div class=""page3a2a2a1a3"">Bûches de bois dur séchées au four.</div>
<div class=""page3a2a2a1a2"">24 grands sacs nets de bûches, ce qui équivaut approximativement à 2 sacs de chantier remplis en vrac. Ce sont les mêmes bûches que celles fournies dans nos caisses - du bois dur séché au four. Ils conviennent parfaitement aux livraisons de maisons situées sur des pentes, des marches, des passages étroits, etc. où vous pourriez avoir du mal à placer un de nos casiers. Ils sont fournis sur une palette et peuvent être facilement déplacés vers n'importe quelle dépendance ou bâtiment.</div>
<div class=""page3a2a2a1a2"">Si vous avez une allée en gravier, les sacs en filet sont idéaux - ils seront laissés au bord du trottoir ou aussi près que notre chauffeur peut les amener jusqu'à vous et peuvent être déplacés à la main. Les bûches sont idéales pour la plupart des poêles à bois ou des feux ouverts. Elles sont généralement fendues et ne mesurent pas plus de 25 cm de long.</div></td>
</tr>
</tbody>
</table>
</div>
<div class=""page3a2a2"">
<table class=""page3a2a2a"">
<tbody>
<tr class=""page3a2a2a1"">
<td class=""page3a2a2a1a"">
<div class=""page3a2a2a1a1"">Informations complémentaires</div></td>
<td class=""page3a2a2a1b"">
<div class=""page3a2a2a1a3"">Poids d'expédition</div>
<div class=""page3a2a2a1a2"">400 kg</div></td>
</tr>
</tbody>
</table>
</div>",24 large net bags – birch,"Roughly equivalent to 2 loosely filled builder's bags. These are the same logs as in our crates – kiln-dried hardwood. Perfect for deliveries to houses on slopes, with steps, narrow passages and so on, where one of our crates is hard to place. If you have a gravel drive, net bags are ideal. Our driver leaves the nets at the kerbside or as close to your home as possible, and they can be moved by hand.","<div class=""page3a2a2"">
<table class=""page3a2a2a"">
<tbody>
<tr class=""page3a2a2a1"">
<td class=""page3a2a2a1a"">
<div class=""page3a2a2a1a1"">Overview</div></td>
<td class=""page3a2a2a1b"">
<div class=""page3a2a2a1a3"">Kiln-dried hardwood logs.</div>
<div class=""page3a2a2a1a2"">24 large net bags of logs, roughly equivalent to 2 loosely filled builder's bags. These are the same logs as in our crates – kiln-dried hardwood. Perfect for deliveries to houses on slopes, with steps, narrow passages and so on, where you might struggle to place one of our crates. They come on a pallet and can easily be moved to any outbuilding.</div>
<div class=""page3a2a2a1a2"">If you have a gravel drive, net bags are ideal – they are left at the kerbside or as close to you as our driver can get, and can be moved by hand. The logs suit most wood stoves and open fires. They are usually split and no longer than 25 cm.</div></td>
</tr>
</tbody>
</table>
</div>
<div class=""page3a2a2"">
<table class=""page3a2a2a"">
<tbody>
<tr class=""page3a2a2a1"">
<td class=""page3a2a2a1a"">
<div class=""page3a2a2a1a1"">Additional information</div></td>
<td class=""page3a2a2a1b"">
<div class=""page3a2a2a1a3"">Shipping weight</div>
<div class=""page3a2a2a1a2"">400 kg</div></td>
</tr>
</tbody>
</table>
</div>",24 sacos de malla grandes – abedul,"Equivale aproximadamente a 2 sacos de obra llenos a granel. Son los mismos troncos que en nuestros cajones: madera dura secada en horno. Perfectos para entregas en casas en pendiente, con escalones, pasos estrechos, etc., donde es difícil colocar uno de nuestros cajones. Si tiene un camino de grava, los sacos de malla son ideales. Nuestro conductor deja las mallas junto a la acera o lo más cerca posible de su casa y pueden moverse a mano.","<div class=""page3a2a2"">
<table class=""page3a2a2a"">
<tbody>
<tr class=""page3a2a2a1"">
<td class=""page3a2a2a1a"">
<div class=""page3a2a2a1a1"">Presentación</div></td>
<td class=""page3a2a2a1b"">
<div class=""page3a2a2a1a3"">Troncos de madera dura secada en horno.</div>
<div class=""page3a2a2a1a2"">24 sacos de malla grandes con troncos, lo que equivale aproximadamente a 2 sacos de obra llenos a granel. Son los mismos troncos que en nuestros cajones: madera dura secada en horno. Perfectos para entregas en casas en pendiente, con escalones, pasos estrechos, etc., donde puede ser difícil colocar uno de nuestros cajones. Se entregan en un palé y se pueden trasladar fácilmente a cualquier anexo o edificio.</div>
<div class=""page3a2a2a1a2"">Si tiene un camino de grava, los sacos de malla son ideales: se dejan junto a la acera o lo más cerca que nuestro conductor pueda llegar y se pueden mover a mano. Los troncos son ideales para la mayoría de estufas de leña y chimeneas abiertas. Suelen estar partidos y no miden más de 25 cm.</div></td>
</tr>
</tbody>
</table>
</div>
<div class=""page3a2a2"">
<table class=""page3a2a2a"">
<tbody>
<tr class=""page3a2a2a1"">
<td class=""page3a2a2a1a"">
<div class=""page3a2a2a1a1"">Información adicional</div></td>
<td class=""page3a2a2a1b"">
<div class=""page3a2a2a1a3"">Peso de envío</div>
<div class=""page3a2a2a1a2"">400 kg</div></td>
</tr>
</tbody>
</table>
</div>"
129,simple,WH-4346,Grosse Kiste Hainbuchenholz,1,350,262.50,Brennholz,"Diese grosse Kiste ist mit erstklassigem, kammergetrocknetem Hainbuchenholz gefüllt. Die sorgfältige Schichtung ergibt ein Volumen von etwa 3,5 Säcken Brennholz. Wenn Sie Ihren Holzofen abends und am Wochenende intensiv nutzen, ist diese Kiste perfekt und bringt Sie durch den Winter.","<div class=""page3a2a2"">
<table class=""page3a2a2a"">
<tbody>
<tr class=""page3a2a2a1"">
<td class=""page3a2a2a1a"">
<div class=""page3a2a2a1a1"">Übersicht</div></td>
<td class=""page3a2a2a1b"">
<div class=""page3a2a2a1a3"">Ein aussergewöhnliches Brennholz, da es sehr dicht und hart ist.</div>
<div class=""page3a2a2a1a2"">Dadurch brennt es sehr langsam, sogar langsamer als Esche. Es ist weniger bekannt als ähnliche Holzarten wie Eiche und Buche, ist aber ein Brennholz von höchster Qualität.</div>
<div class=""page3a2a2a1a3"">Feuchtigkeitsgehalt</div>
<div class=""page3a2a2a1a2"">18 % oder weniger</div>
<div class=""page3a2a2a1a3"">Gewicht der Kiste</div>
<div class=""page3a2a2a1a2"">710 kg</div></td>
</tr>
</tbody>
</table>
</div>
<div class=""page3a2a2"">
<table class=""page3a2a2a"">
<tbody>
<tr class=""page3a2a2a1"">
<td class=""page3a2a2a1a"">
<div class=""page3a2a2a1a1"">Weitere Informationen</div></td>
<td class=""page3a2a2a1b"">
<div class=""page3a2a2a1a3"">Scheitlänge</div>
<div class=""page3a2a2a1a2"">23–25 cm (passt in 95 % der Öfen)</div>
<div class=""page3a2a2a1a3"">Scheitdurchmesser</div>
<div class=""page3a2a2a1a2"">6-15cm</div>
<div class=""page3a2a2a1a3"">Schüttvolumen</div>
<div class=""page3a2a2a1a2"">2.7m3</div>
<div class=""page3a2a2a1a3"">Gestapeltes Volumen</div>
<div class=""page3a2a2a1a2"">1.6m3</div>
<div class=""page3a2a2a1a3"">Aussenmasse der Kiste</div>
<div class=""page3a2a2a1a2"">112x114x162</div>
<div class=""page3a2a2a1a3"">Innenmasse der Kiste</div>
<div class=""page3a2a2a1a2"">107x109x146</div></td>
</tr>
</tbody>
</table>
</div>",hornbeam,,,,,,Grande caisse en bois de charme,"Cette grande caisse est remplie de bois de charme de première qualité séché au four. L'empilage soigné garantit un volume équivalent à environ 3,5 sacs de bûches. Si vous utilisez votre poêle à bois de manière intensive le soir et le week-end, cette caisse est parfaite et vous permettra de passer l'hiver.","<div class=""page3a2a2"">
<table class=""page3a2a2a"">
<tbody>
<tr class=""page3a2a2a1"">
<td class=""page3a2a2a1a"">
<div class=""page3a2a2a1a1"">Présentation</div></td>
<td class=""page3a2a2a1b"">
<div class=""page3a2a2a1a3"">Bois exceptionnel à brûler, car il est très dense et dur.</div>
<div class=""page3a2a2a1a2"">Cela signifie qu'il brûle très lentement, même plus lentement que le frêne. Il n'est pas aussi connu que d'autres espèces de bois similaires comme le chêne et le hêtre, mais c'est un bois de chauffage de qualité supérieure.</div>
<div class=""page3a2a2a1a3"">Teneur en humidité</div>
<div class=""page3a2a2a1a2"">18% ou moins</div>
<div class=""page3a2a2a1a3"">Poids de la caisse</div>
<div class=""page3a2a2a1a2"">710 kg</div></td>
</tr>
</tbody>
</table>
</div>
<div class=""page3a2a2"">
<table class=""page3a2a2a"">
<tbody>
<tr class=""page3a2a2a1"">
<td class=""page3a2a2a1a"">
<div class=""page3a2a2a1a1"">Informations complémentaires</div></td>
<td class=""page3a2a2a1b"">
<div class=""page3a2a2a1a3"">Longueur des bûches</div>
<div class=""page3a2a2a1a2"">23-25cm (convient à 95% des poêles)</div>
<div class=""page3a2a2a1a3"">Diamètre de la bûche</div>
<div class=""page3a2a2a1a2"">6-15cm</div>
<div class=""page3a2a2a1a3"">Volume en vrac</div>
<div class=""page3a2a2a1a2"">2.7m3</div>
<div class=""page3a2a2a1a3"">Volume empilé</div>
<div class=""page3a2a2a1a2"">1.6m3</div>
<div class=""page3a2a2a1a3"">Dimensions extérieures de la caisse</div>
<div class=""page3a2a2a1a2"">112x114x162</div>
<div class=""page3a2a2a1a3"">Dimensions intérieures de la caisse</div>
<div class=""page3a2a2a1a2"">107x109x146</div></td>
</tr>
</tbody>
</table>
</div>",Large crate of hornbeam,"This large crate is filled with premium kiln-dried hornbeam. Careful stacking gives a volume of about 3.5 bags of logs. If you use your wood stove a lot in the evenings and at weekends, this crate is perfect and will see you through the winter.","<div class=""page3a2a2"">
<table class=""page3a2a2a"">
<tbody>
<tr class=""page3a2a2a1"">
<td class=""page3a2a2a1a"">
<div class=""page3a2a2a1a1"">Overview</div></td>
<td class=""page3a2a2a1b"">
<div class=""page3a2a2a1a3"">An exceptional wood to burn, as it is very dense and hard.</div>
<div class=""page3a2a2a1a2"">This means it burns very slowly, even more slowly than ash. It is not as well known as similar species such as oak and beech, but it is a top-quality firewood.</div>
<div class=""page3a2a2a1a3"">Moisture content</div>
<div class=""page3a2a2a1a2"">18% or less</div>
<div class=""page3a2a2a1a3"">Crate weight</div>
<div class=""page3a2a2a1a2"">710 kg</div></td>
</tr>
</tbody>
</table>
</div>
<div class=""page3a2a2"">
<table class=""page3a2a2a"">
<tbody>
<tr class=""page3a2a2a1"">
<td class=""page3a2a2a1a"">
<div class=""page3a2a2a1a1"">Additional information</div></td>
<td class=""page3a2a2a1b"">
<div class=""page3a2a2a1a3"">Log length</div>
<div class=""page3a2a2a1a2"">23–25 cm (fits 95% of stoves)</div>
<div class=""page3a2a2a1a3"">Log diameter</div>
<div class=""page3a2a2a1a2"">6-15cm</div>
<div class=""page3a2a2a1a3"">Loose volume</div>
<div class=""page3a2a2a1a2"">2.7m3</div>
<div class=""page3a2a2a1a3"">Stacked volume</div>
<div class=""page3a2a2a1a2"">1.6m3</div>
<div class=""page3a2a2a1a3"">External crate dimensions</div>
<div class=""page3a2a2a1a2"">112x114x162</div>
<div class=""page3a2a2a1a3"">Internal crate dimensions</div>
<div class=""page3a2a2a1a2"">107x109x146</div></td>
</tr>
</tbody>
</table>
</div>",Cajón grande de leña de carpe,"Este cajón grande está lleno de leña de carpe de primera calidad secada en horno. El apilado cuidadoso garantiza un volumen equivalente a unos 3,5 sacos de troncos. Si usa su estufa de leña intensamente por las tardes y los fines de semana, este cajón es perfecto y le permitirá pasar el invierno.","<div class=""page3a2a2"">
<table class=""page3a2a2a"">
<tbody>
<tr class=""page3a2a2a1"">
<td class=""page3a2a2a1a"">
<div class=""page3a2a2a1a1"">Presentación</div></td>
<td class=""page3a2a2a1b"">
<div class=""page3a2a2a1a3"">Una madera excepcional para quemar, porque es muy densa y dura.</div>
<div class=""page3a2a2a1a2"">Esto significa que arde muy lentamente, incluso más que el fresno. No es tan conocida como otras especies similares como el roble y el haya, pero es una leña de calidad superior.</div>
<div class=""page3a2a2a1a3"">Contenido de humedad</div>
<div class=""page3a2a2a1a2"">18 % o menos</div>
<div class=""page3a2a2a1a3"">Peso del cajón</div>
<div class=""page3a2a2a1a2"">710 kg</div></td>
</tr>
</tbody>
</table>
</div>
<div class=""page3a2a2"">
<table class=""page3a2a2a"">
<tbody>
<tr class=""page3a2a2a1"">
<td class=""page3a2a2a1a"">
<div class=""page3a2a2a1a1"">Información adicional</div></td>
<td class=""page3a2a2a1b"">
<div class=""page3a2a2a1a3"">Longitud de los troncos</div>
<div class=""page3a2a2a1a2"">23-25 cm (apto para el 95 % de las estufas)</div>
<div class=""page3a2a2a1a3"">Diámetro del tronco</div>
<div class=""page3a2a2a1a2"">6-15cm</div>
<div class=""page3a2a2a1a3"">Volumen a granel</div>
<div class=""page3a2a2a1a2"">2.7m3</div>
<div class=""page3a2a2a1a3"">Volumen apilado</div>
<div class=""page3a2a2a1a2"">1.6m3</div>
<div class=""page3a2a2a1a3"">Dimensiones exteriores del cajón</div>
<div class=""page3a2a2a1a2"">112x114x162</div>
<div class=""page3a2a2a1a3"">Dimensiones interiores del cajón</div>
<div class=""page3a2a2a1a2"">107x109x146</div></td>
</tr>
</tbody>
</table>
</div>"
130,simple,WH-4347,Kammergetrocknete Scheite – Kiste extra gross,1,280,224,Brennholz,Die grosse Kiste mit kammergetrocknetem Eschenholz ist die ideale Grösse für regelmässige Nutzer und die günstigste Wahl. Jede Kiste enthält gemischte Scheitbreiten von etwa 6–15 cm bei maximal 25 cm Länge.,"<div class=""page3a2a2"">
<table class=""page3a2a2a"">
<tbody>
<tr class=""page3a2a2a1"">
<td class=""page3a2a2a1a"">
<div class=""page3a2a2a1a1"">Übersicht</div></td>
<td class=""page3a2a2a1b"">
<div class=""page3a2a2a1a2"">Da die Trockenkammern mit Restholz wie Sägemehl, Spänen und Hackschnitzeln beheizt werden, ist der Betrieb energieautark und CO₂-neutral. FSC-zertifiziert und nachhaltig – lange Flamme und hohe Hitze – Spitzenqualität – leicht anzuzünden – lokal produziert.</div>
<div class=""page3a2a2a1a3"">Kammergetrocknete Scheite</div>
<div class=""page3a2a2a1a2"">Unsere erstklassigen kammergetrockneten Scheite stammen aus nachhaltig bewirtschafteten Wäldern. Sie werden geschnitten, kalibriert und in der Holztrocknungsanlage unserer Partner auf höchstens 20 % Restfeuchte getrocknet. Der hochwertige Brennstoff eignet sich für alle Holzfeuerungen, ist FSC-zertifiziert und vollständig rückverfolgbar.</div></td>
</tr>
</tbody>
</table>
</div>
<div class=""page3a2a2"">
<table class=""page3a2a2a"">
<tbody>
<tr class=""page3a2a2a1"">
<td class=""page3a2a2a1a"">
<div class=""page3a2a2a1a1"">Weitere Informationen</div></td>
<td class=""page3a2a2a1b"">
<div class=""page3a2a2a1a3"">Höhe der Kiste</div>
<div class=""page3a2a2a1a2"">1,7 Meter</div>
<div class=""page3a2a2a1a3"">Scheitlänge ca.</div>
<div class=""page3a2a2a1a2"">25 cm (9–10 Zoll)</div>
<div class=""page3a2a2a1a3"">Scheitbreite</div>
<div class=""page3a2a2a1a2"">5 bis 15 cm (2–6 Zoll)</div></td>
</tr>
</tbody>
</table>
</div>",,,,,,,Bûches séchées au four - Caisse extra large,La grande caisse à cendres séchées au four est une option de taille idéale pour les utilisateurs réguliers et la plus économique. Chaque caisse contient un mélange de largeurs d'environ 6-15 cm jusqu'à un maximum de 25 cm de longueur.,"<div class=""page3a2a2"">
<table class=""page3a2a2a"">
<tbody>
<tr class=""page3a2a2a1"">
<td class=""page3a2a2a1a"">
<div class=""page3a2a2a1a1"">Présentation</div></td>
<td class=""page3a2a2a1b"">
<div class=""page3a2a2a1a2"">Comme les fours utilisent tous les déchets, tels que la sciure, les copeaux et les plaquettes pour les alimenter, l'opération est autosuffisante et neutre en CO2. Certifié FSC et durable - Flamme longue et chaleur élevée - Qualité supérieure - Facile à allumer - Produit localement.</div>
<div class=""page3a2a2a1a3"">Bûches séchées au four</div>
<div class=""page3a2a2a1a2"">Nos bûches séchées au four de qualité supérieure proviennent de forêts durables, puis elles sont coupées, calibrées et séchées au four jusqu'à 20 % d'humidité maximum dans la station de chauffage au bois de nos partenaires. Le combustible de qualité supérieure convient à tous les brûleurs à bois, est certifié FSC et entièrement traçable.</div></td>
</tr>
</tbody>
</table>
</div>
<div class=""page3a2a2"">
<table class=""page3a2a2a"">
<tbody>
<tr class=""page3a2a2a1"">
<td class=""page3a2a2a1a"">
<div class=""page3a2a2a1a1"">Informations complémentaires</div></td>
<td class=""page3a2a2a1b"">
<div class=""page3a2a2a1a3"">Hauteur de la caisse</div>
<div class=""page3a2a2a1a2"">1,7 mètres</div>
<div class=""page3a2a2a1a3"">Longueur de la bûche approx.</div>
<div class=""page3a2a2a1a2"">25cm (9-10)</div>
<div class=""page3a2a2a1a3"">Largeur de la bûche</div>
<div class=""page3a2a2a1a2"">5cm à 15cm (2-6)</div></td>
</tr>
</tbody>
</table>
</div>",Kiln-dried logs – extra-large crate,"The large crate of kiln-dried ash is the ideal size for regular users and the most economical choice. Each crate contains a mix of widths of about 6–15 cm, up to a maximum length of 25 cm.","<div class=""page3a2a2"">
<table class=""page3a2a2a"">
<tbody>
<tr class=""page3a2a2a1"">
<td class=""page3a2a2a1a"">
<div class=""page3a2a2a1a1"">Overview</div></td>
<td class=""page3a2a2a1b"">
<div class=""page3a2a2a1a2"">Because the kilns are fuelled by waste such as sawdust, shavings and chips, the operation is self-sufficient and carbon neutral. FSC certified and sustainable – long flame and high heat – premium quality – easy to light – locally produced.</div>
<div class=""page3a2a2a1a3"">Kiln-dried logs</div>
<div class=""page3a2a2a1a2"">Our premium kiln-dried logs come from sustainable forests; they are cut, sized and kiln-dried to a maximum of 20% moisture at our partners' wood-heating plant. This top-quality fuel suits all wood burners, is FSC certified and fully traceable.</div></td>
</tr>
</tbody>
</table>
</div>
<div class=""page3a2a2"">
<table class=""page3a2a2a"">
<tbody>
<tr class=""page3a2a2a1"">
<td class=""page3a2a2a1a"">
<div class=""page3a2a2a1a1"">Additional information</div></td>
<td class=""page3a2a2a1b"">
<div class=""page3a2a2a1a3"">Crate height</div>
<div class=""page3a2a2a1a2"">1.7 metres</div>
<div class=""page3a2a2a1a3"">Log length approx.</div>
<div class=""page3a2a2a1a2"">25 cm (9–10 in)</div>
<div class=""page3a2a2a1a3"">Log width</div>
<div class=""page3a2a2a1a2"">5 to 15 cm (2–6 in)</div></td>
</tr>
</tbody>
</table>
</div>",Troncos secados en horno – Cajón extragrande,"El cajón grande de fresno secado en horno es el tamaño ideal para usuarios habituales y la opción más económica. Cada cajón contiene troncos de anchos variados, de unos 6-15 cm, con una longitud máxima de 25 cm.","<div class=""page3a2a2"">
<table class=""page3a2a2a"">
<tbody>
<tr class=""page3a2a2a1"">
<td class=""page3a2a2a1a"">
<div class=""page3a2a2a1a1"">Presentación</div></td>
<td class=""page3a2a2a1b"">
<div class=""page3a2a2a1a2"">Como los hornos se alimentan con residuos como serrín, virutas y astillas, la operación es autosuficiente y neutra en CO₂. Certificado FSC y sostenible – llama larga y mucho calor – calidad superior – fácil de encender – producido localmente.</div>
<div class=""page3a2a2a1a3"">Troncos secados en horno</div>
<div class=""page3a2a2a1a2"">Nuestros troncos secados en horno de calidad superior proceden de bosques sostenibles; se cortan, se calibran y se secan en horno hasta un máximo del 20 % de humedad en la planta de nuestros socios. Este combustible de primera calidad es apto para todos los quemadores de leña, cuenta con certificación FSC y es totalmente trazable.</div></td>
</tr>
</tbody>
</table>
</div>
<div class=""page3a2a2"">
<table class=""page3a2a2a"">
<tbody>
<tr class=""page3a2a2a1"">
<td class=""page3a2a2a1a"">
<div class=""page3a2a2a1a1"">Información adicional</div></td>
<td class=""page3a2a2a1b"">
<div class=""page3a2a2a1a3"">Altura del cajón</div>
<div class=""page3a2a2a1a2"">1,7 metros</div>
<div class=""page3a2a2a1a3"">Longitud aprox. del tronco</div>
<div class=""page3a2a2a1a2"">25 cm (9-10 pulgadas)</div>
<div class=""page3a2a2a1a3"">Anchura del tronco</div>
<div class=""page3a2a2a1a2"">De 5 a 15 cm (2-6 pulgadas)</div></td>
</tr>
</tbody>
</table>
</div>"
131,simple,WH-4348,Standardkiste Hainbuchenholz,1,230,184,Brennholz,"Diese Standardkiste ist mit erstklassigem, kammergetrocknetem Hainbuchenholz gefüllt. Die sorgfältige Schichtung ergibt ein Volumen von etwa 2 grossen Säcken Brennholz. Wenn Sie Ihren Holzofen vor allem abends und am Wochenende nutzen, ist diese Kiste perfekt und bringt Sie durch den Winter.","<div class=""page3a2a2"">
<table class=""page3a2a2a"">
<tbody>
<tr class=""page3a2a2a1"">
<td class=""page3a2a2a1a"">
<div class=""page3a2a2a1a1"">Übersicht</div></td>
<td class=""page3a2a2a1b"">
<div class=""page3a2a2a1a3"">Ein aussergewöhnliches Brennholz, da es sehr dicht und hart ist.</div>
<div class=""page3a2a2a1a2"">Dadurch brennt es sehr langsam, sogar langsamer als Esche. Es ist weniger bekannt als ähnliche Holzarten wie Eiche und Buche, ist aber ein echtes Brennholz von höchster Qualität.</div>
<div class=""page3a2a2a1a3"">Gewicht der Kiste</div>
<div class=""page3a2a2a1a2"">400 kg</div>
<div class=""page3a2a2a1a3"">Scheitlänge</div>
<div class=""page3a2a2a1a2"">23–25 cm (passt in 95 % der Öfen)</div></td>
</tr>
</tbody>
</table>
</div>
<div class=""page3a2a2"">
<table class=""page3a2a2a"">
<tbody>
<tr class=""page3a2a2a1"">
<td class=""page3a2a2a1a"">
<div class=""page3a2a2a1a1"">Weitere Informationen</div></td>
<td class=""page3a2a2a1b"">
<div class=""page3a2a2a1a3"">Scheitdurchmesser</div>
<div class=""page3a2a2a1a2"">6-15cm</div>
<div class=""page3a2a2a1a3"">Schüttvolumen</div>
<div class=""page3a2a2a1a2"">1.34m3</div>
<div class=""page3a2a2a1a3"">Gestapeltes Volumen</div>
<div class=""page3a2a2a1a2"">0.79m3</div>
<div class=""page3a2a2a1a3"">Aussenmasse der Kiste</div>
<div class=""page3a2a2a1a2"">112x114x80</div>
<div class=""page3a2a2a1a3"">Innenmasse der Kiste</div>
<div class=""page3a2a2a1a2"">107x109x66</div></td>
</tr>
</tbody>
</table>
</div>",hornbeam,,,,,,Caisse de bois de charme ordinaire,"Cette caisse régulière est remplie de bois de charme séché au four de première qualité. L'empilage soigné assure un volume équivalent à environ 2 grands sacs de bûches. Si vous utilisez votre brûleur de bûches principalement le soir et le week-end, cette caisse est parfaite et vous permettra de passer l'hiver.","<div class=""page3a2a2"">
<table class=""page3a2a2a"">
<tbody>
<tr class=""page3a2a2a1"">
<td class=""page3a2a2a1a"">
<div class=""page3a2a2a1a1"">Présentation</div></td>
<td class=""page3a2a2a1b"">
<div class=""page3a2a2a1a3"">Un bois exceptionnel à brûler car il est très dense et dur.</div>
<div class=""page3a2a2a1a2"">Cela signifie qu'il brûle très lentement, même plus lentement que le frêne. Il n'est pas aussi connu que d'autres espèces de bois similaires comme le chêne et le hêtre, mais c'est un véritable bois de chauffage de qualité supérieure.</div>
<div class=""page3a2a2a1a3"">Poids de la caisse</div>
<div class=""page3a2a2a1a2"">400 kg</div>
<div class=""page3a2a2a1a3"">Longueur des bûches</div>
<div class=""page3a2a2a1a2"">23-25cm (convient à 95% des poêles)</div></td>
</tr>
</tbody>
</table>
</div>
<div class=""page3a2a2"">
<table class=""page3a2a2a"">
<tbody>
<tr class=""page3a2a2a1"">
<td class=""page3a2a2a1a"">
<div class=""page3a2a2a1a1"">Informations complémentaires</div></td>
<td class=""page3a2a2a1b"">
<div class=""page3a2a2a1a3"">Diamètre de la bûche</div>
<div class=""page3a2a2a1a2"">6-15cm</div>
<div class=""page3a2a2a1a3"">Volume en vrac</div>
<div class=""page3a2a2a1a2"">1.34m3</div>
<div class=""page3a2a2a1a3"">Volume empilé</div>
<div class=""page3a2a2a1a2"">0.79m3</div>
<div class=""page3a2a2a1a3"">Dimensions extérieures de la caisse</div>
<div class=""page3a2a2a1a2"">112x114x80</div>
<div class=""page3a2a2a1a3"">Dimensions intérieures de la caisse</div>
<div class=""page3a2a2a1a2"">107x109x66</div></td>
</tr>
</tbody>
</table>
</div>",Standard crate of hornbeam,"This standard crate is filled with premium kiln-dried hornbeam. Careful stacking gives a volume of about 2 large bags of logs. If you mainly use your log burner in the evenings and at weekends, this crate is perfect and will see you through the winter.","<div class=""page3a2a2"">
<table class=""page3a2a2a"">
<tbody>
<tr class=""page3a2a2a1"">
<td class=""page3a2a2a1a"">
<div class=""page3a2a2a1a1"">Overview</div></td>
<td class=""page3a2a2a1b"">
<div class=""page3a2a2a1a3"">An exceptional wood to burn, as it is very dense and hard.</div>
<div class=""page3a2a2a1a2"">This means it burns very slowly, even more slowly than ash. It is not as well known as similar species such as oak and beech, but it is a genuine top-quality firewood.</div>
<div class=""page3a2a2a1a3"">Crate weight</div>
<div class=""page3a2a2a1a2"">400 kg</div>
<div class=""page3a2a2a1a3"">Log length</div>
<div class=""page3a2a2a1a2"">23–25 cm (fits 95% of stoves)</div></td>
</tr>
</tbody>
</table>
</div>
<div class=""page3a2a2"">
<table class=""page3a2a2a"">
<tbody>
<tr class=""page3a2a2a1"">
<td class=""page3a2a2a1a"">
<div class=""page3a2a2a1a1"">Additional information</div></td>
<td class=""page3a2a2a1b"">
<div class=""page3a2a2a1a3"">Log diameter</div>
<div class=""page3a2a2a1a2"">6-15cm</div>
<div class=""page3a2a2a1a3"">Loose volume</div>
<div class=""page3a2a2a1a2"">1.34m3</div>
<div class=""page3a2a2a1a3"">Stacked volume</div>
<div class=""page3a2a2a1a2"">0.79m3</div>
<div class=""page3a2a2a1a3"">External crate dimensions</div>
<div class=""page3a2a2a1a2"">112x114x80</div>
<div class=""page3a2a2a1a3"">Internal crate dimensions</div>
<div class=""page3a2a2a1a2"">107x109x66</div></td>
</tr>
</tbody>
</table>
</div>",Cajón estándar de leña de carpe,"Este cajón estándar está lleno de leña de carpe de primera calidad secada en horno. El apilado cuidadoso garantiza un volumen equivalente a unos 2 sacos grandes de troncos. Si usa su estufa principalmente por las tardes y los fines de semana, este cajón es perfecto y le permitirá pasar el invierno.","<div class=""page3a2a2"">
<table class=""page3a2a2a"">
<tbody>
<tr class=""page3a2a2a1"">
<td class=""page3a2a2a1a"">
<div class=""page3a2a2a1a1"">Presentación</div></td>
<td class=""page3a2a2a1b"">
<div class=""page3a2a2a1a3"">Una madera excepcional para quemar, porque es muy densa y dura.</div>
<div class=""page3a2a2a1a2"">Esto significa que arde muy lentamente, incluso más que el fresno. No es tan conocida como otras especies similares como el roble y el haya, pero es una auténtica leña de calidad superior.</div>
<div class=""page3a2a2a1a3"">Peso del cajón</div>
<div class=""page3a2a2a1a2"">400 kg</div>
<div class=""page3a2a2a1a3"">Longitud de los troncos</div>
<div class=""page3a2a2a1a2"">23-25 cm (apto para el 95 % de las estufas)</div></td>
</tr>
</tbody>
</table>
</div>
<div class=""page3a2a2"">
<table class=""page3a2a2a"">
<tbody>
<tr class=""page3a2a2a1"">
<td class=""page3a2a2a1a"">
<div class=""page3a2a2a1a1"">Información adicional</div></td>
<td class=""page3a2a2a1b"">
<div class=""page3a2a2a1a3"">Diámetro del tronco</div>
<div class=""page3a2a2a1a2"">6-15cm</div>
<div class=""page3a2a2a1a3"">Volumen a granel</div>
<div class=""page3a2a2a1a2"">1.34m3</div>
<div class=""page3a2a2a1a3"">Volumen apilado</div>
<div class=""page3a2a2a1a2"">0.79m3</div>
<div class=""page3a2a2a1a3"">Dimensiones exteriores del cajón</div>
<div class=""page3a2a2a1a2"">112x114x80</div>
<div class=""page3a2a2a1a3"">Dimensiones interiores del cajón</div>
<div class=""page3a2a2a1a2"">107x109x66</div></td>
</tr>
</tbody>
</table>
</div>"
132,simple,WH-4349,Grosse Kiste Birkenholz,1,350,262.50,Brennholz,"Diese grosse Kiste ist mit erstklassigem, kammergetrocknetem Birkenholz gefüllt. Die sorgfältige Schichtung ergibt ein Volumen von etwa 3,5 Säcken Brennholz. Wenn Sie Ihren Holzofen abends und am Wochenende intensiv nutzen, ist diese Kiste perfekt und bringt Sie durch den Winter.","<div class=""page3a2a2"">
<table class=""page3a2a2a"">
<tbody>
<tr class=""page3a2a2a1"">
<td class=""page3a2a2a1a"">
<div class=""page3a2a2a1a1"">Übersicht</div></td>
<td class=""page3a2a2a1b"">
<div class=""page3a2a2a1a3"">Birke ist wie Esche ein Laubholz und ein gutes Brennholz – besonders, wenn Sie schnell Wärme möchten.</div>
<div class=""page3a2a2a1a2"">Birkenrinde ist ein hervorragender Anzünder, denn sie ist papierähnlich und verströmt einen einzigartigen, leicht süsslichen Duft, den die meisten Menschen als angenehm empfinden. Mit ihrer silbrigen, flockigen Rinde ist Birke perfekt, wenn Ihre Scheite sichtbar gelagert werden. Wir empfehlen Birke, wenn Sie gelegentlich ein Feuer machen und schnell hohe Wärme wünschen.</div>
<div class=""page3a2a2a1a2"">Hervorragend in Kombination mit anderen, langsamer brennenden Scheiten.</div>
<div class=""page3a2a2a1a3"">Feuchtigkeitsgehalt</div>
<div class=""page3a2a2a1a2"">18 % oder weniger</div>
<div class=""page3a2a2a1a3"">Gewicht der Kiste</div>
<div class=""page3a2a2a1a2"">710kg</div></td>
</tr>
</tbody>
</table>
</div>
<div class=""page3a2a2"">
<table class=""page3a2a2a"">
<tbody>
<tr class=""page3a2a2a1"">
<td class=""page3a2a2a1a"">
<div class=""page3a2a2a1a1"">Weitere Informationen</div></td>
<td class=""page3a2a2a1b"">
<div class=""page3a2a2a1a3"">Scheitlänge</div>
<div class=""page3a2a2a1a2"">23–25 cm (passt in 95 % der Öfen)</div>
<div class=""page3a2a2a1a3"">Scheitdurchmesser</div>
<div class=""page3a2a2a1a2"">6-15cm</div>
<div class=""page3a2a2a1a3"">Schüttvolumen</div>
<div class=""page3a2a2a1a2"">2.7m3</div>
<div class=""page3a2a2a1a3"">Gestapeltes Volumen</div>
<div class=""page3a2a2a1a2"">1.6m3</div>
<div class=""page3a2a2a1a3"">Aussenmasse der Kiste</div>
<div class=""page3a2a2a1a2"">110x118x145</div>
<div class=""page3a2a2a1a3"">Innenmasse der Kiste</div>
<div class=""page3a2a2a1a2"">105x113x130</div></td>
</tr>
</tbody>
</table>
</div>",birch,,,,,,Grand casier à bouleau,"Cette grande caisse est remplie de bouleau de première qualité séché au four. L'empilage soigné assure un volume équivalent à environ 3,5 sacs de bûches. Si vous utilisez votre poêle à bois de manière intensive le soir et le week-end, cette caisse est parfaite et vous permettra de passer l'hiver.","<div class=""page3a2a2"">
<table class=""page3a2a2a"">
<tbody>
<tr class=""page3a2a2a1"">
<td class=""page3a2a2a1a"">
<div class=""page3a2a2a1a1"">Présentation</div></td>
<td class=""page3a2a2a1b"">
<div class=""page3a2a2a1a3"">Le bouleau, comme le frêne, est un autre bois dur et un bon bois de chauffage à brûler, surtout si vous voulez une chaleur rapide.</div>
<div class=""page3a2a2a1a2"">L'écorce de bouleau est un excellent allume-feu car elle ressemble au papier et dégage une odeur unique, légèrement sucrée, que la plupart des gens trouvent agréable. Le bouleau est parfait si vos bûches doivent être exposées en raison de son écorce argentée et floconneuse. Nous recommandons le bouleau si vous faites des feux occasionnels et que vous souhaitez une chaleur rapide et élevée.</div>
<div class=""page3a2a2a1a2"">Il est excellent lorsqu'il est brûlé avec d'autres bûches à combustion plus lente.</div>
<div class=""page3a2a2a1a3"">Teneur en humidité</div>
<div class=""page3a2a2a1a2"">18% ou moins</div>
<div class=""page3a2a2a1a3"">Poids de la caisse</div>
<div class=""page3a2a2a1a2"">710kg</div></td>
</tr>
</tbody>
</table>
</div>
<div class=""page3a2a2"">
<table class=""page3a2a2a"">
<tbody>
<tr class=""page3a2a2a1"">
<td class=""page3a2a2a1a"">
<div class=""page3a2a2a1a1"">Informations complémentaires</div></td>
<td class=""page3a2a2a1b"">
<div class=""page3a2a2a1a3"">Longueur des bûches</div>
<div class=""page3a2a2a1a2"">23-25cm (convient à 95% des poêles)</div>
<div class=""page3a2a2a1a3"">Diamètre de la bûche</div>
<div class=""page3a2a2a1a2"">6-15cm</div>
<div class=""page3a2a2a1a3"">Volume en vrac</div>
<div class=""page3a2a2a1a2"">2.7m3</div>
<div class=""page3a2a2a1a3"">Volume empilé</div>
<div class=""page3a2a2a1a2"">1.6m3</div>
<div class=""page3a2a2a1a3"">Dimensions extérieures de la caisse</div>
<div class=""page3a2a2a1a2"">110x118x145</div>
<div class=""page3a2a2a1a3"">Dimensions intérieures de la caisse</div>
<div class=""page3a2a2a1a2"">105x113x130</div></td>
</tr>
</tbody>
</table>
</div>",Large crate of birch,"This large crate is filled with premium kiln-dried birch. Careful stacking gives a volume of about 3.5 bags of logs. If you use your wood stove a lot in the evenings and at weekends, this crate is perfect and will see you through the winter.","<div class=""page3a2a2"">
<table class=""page3a2a2a"">
<tbody>
<tr class=""page3a2a2a1"">
<td class=""page3a2a2a1a"">
<div class=""page3a2a2a1a1"">Overview</div></td>
<td class=""page3a2a2a1b"">
<div class=""page3a2a2a1a3"">Birch, like ash, is another hardwood and a good firewood to burn, especially if you want quick heat.</div>
<div class=""page3a2a2a1a2"">Birch bark makes an excellent firelighter because it is papery and gives off a unique, slightly sweet smell that most people find pleasant. Thanks to its silvery, flaky bark, birch is perfect if your logs are on display. We recommend birch if you light occasional fires and want fast, high heat.</div>
<div class=""page3a2a2a1a2"">It is excellent when burnt together with other slower-burning logs.</div>
<div class=""page3a2a2a1a3"">Moisture content</div>
<div class=""page3a2a2a1a2"">18% or less</div>
<div class=""page3a2a2a1a3"">Crate weight</div>
<div class=""page3a2a2a1a2"">710kg</div></td>
</tr>
</tbody>
</table>
</div>
<div class=""page3a2a2"">
<table class=""page3a2a2a"">
<tbody>
<tr class=""page3a2a2a1"">
<td class=""page3a2a2a1a"">
<div class=""page3a2a2a1a1"">Additional information</div></td>
<td class=""page3a2a2a1b"">
<div class=""page3a2a2a1a3"">Log length</div>
<div class=""page3a2a2a1a2"">23–25 cm (fits 95% of stoves)</div>
<div class=""page3a2a2a1a3"">Log diameter</div>
<div class=""page3a2a2a1a2"">6-15cm</div>
<div class=""page3a2a2a1a3"">Loose volume</div>
<div class=""page3a2a2a1a2"">2.7m3</div>
<div class=""page3a2a2a1a3"">Stacked volume</div>
<div class=""page3a2a2a1a2"">1.6m3</div>
<div class=""page3a2a2a1a3"">External crate dimensions</div>
<div class=""page3a2a2a1a2"">110x118x145</div>
<div class=""page3a2a2a1a3"">Internal crate dimensions</div>
<div class=""page3a2a2a1a2"">105x113x130</div></td>
</tr>
</tbody>
</table>
</div>",Cajón grande de abedul,"Este cajón grande está lleno de abedul de primera calidad secado en horno. El apilado cuidadoso garantiza un volumen equivalente a unos 3,5 sacos de troncos. Si usa su estufa de leña intensamente por las tardes y los fines de semana, este cajón es perfecto y le permitirá pasar el invierno.","<div class=""page3a2a2"">
<table class=""page3a2a2a"">
<tbody>
<tr class=""page3a2a2a1"">
<td class=""page3a2a2a1a"">
<div class=""page3a2a2a1a1"">Presentación</div></td>
<td class=""page3a2a2a1b"">
<div class=""page3a2a2a1a3"">El abedul, como el fresno, es otra frondosa y una buena leña para quemar, sobre todo si quiere calor rápido.</div>
<div class=""page3a2a2a1a2"">La corteza de abedul es un excelente iniciador de fuego, porque parece papel y desprende un olor único, ligeramente dulce, que a la mayoría le resulta agradable. Por su corteza plateada y escamosa, el abedul es perfecto si sus troncos van a estar a la vista. Recomendamos el abedul si enciende fuegos ocasionales y desea un calor rápido e intenso.</div>
<div class=""page3a2a2a1a2"">Es excelente cuando se quema junto con otros troncos de combustión más lenta.</div>
<div class=""page3a2a2a1a3"">Contenido de humedad</div>
<div class=""page3a2a2a1a2"">18 % o menos</div>
<div class=""page3a2a2a1a3"">Peso del cajón</div>
<div class=""page3a2a2a1a2"">710kg</div></td>
</tr>
</tbody>
</table>
</div>
<div class=""page3a2a2"">
<table class=""page3a2a2a"">
<tbody>
<tr class=""page3a2a2a1"">
<td class=""page3a2a2a1a"">
<div class=""page3a2a2a1a1"">Información adicional</div></td>
<td class=""page3a2a2a1b"">
<div class=""page3a2a2a1a3"">Longitud de los troncos</div>
<div class=""page3a2a2a1a2"">23-25 cm (apto para el 95 % de las estufas)</div>
<div class=""page3a2a2a1a3"">Diámetro del tronco</div>
<div class=""page3a2a2a1a2"">6-15cm</div>
<div class=""page3a2a2a1a3"">Volumen a granel</div>
<div class=""page3a2a2a1a2"">2.7m3</div>
<div class=""page3a2a2a1a3"">Volumen apilado</div>
<div class=""page3a2a2a1a2"">1.6m3</div>
<div class=""page3a2a2a1a3"">Dimensiones exteriores del cajón</div>
<div class=""page3a2a2a1a2"">110x118x145</div>
<div class=""page3a2a2a1a3"">Dimensiones interiores del cajón</div>
<div class=""page3a2a2a1a2"">105x113x130</div></td>
</tr>
</tbody>
</table>
</div>"
133,simple,WH-4350,"Kiste kammergetrocknetes Birkenholz (1,17 m³)",1,230,184,Brennholz,Kammergetrocknetes Brennholz ist der Holzbrennstoff schlechthin: maximale Wärme und sauberste Verbrennung. Getrocknet auf unter 20 % Restfeuchte brennt es heisser und länger als nur luftgetrocknetes Holz.,"<div class=""page3a2a2"">
<table class=""page3a2a2a"">
<tbody>
<tr class=""page3a2a2a1"">
<td class=""page3a2a2a1a"">
<div class=""page3a2a2a1a1"">Übersicht</div></td>
<td class=""page3a2a2a1b"">
<div class=""page3a2a2a1a3"">Geliefert auf einer von Hand gepackten Palette</div>
<div class=""page3a2a2a1a2"">Die verarbeiteten und getrockneten Scheite werden kompakt in Kisten geschichtet und dann in Trockenkammern gebracht, die mit Abwärme die nötige Trocknungswärme liefern.</div>
<div class=""page3a2a2a1a2"">Eine Kiste von 1 m Seitenlänge reicht für 70 Heiztage mit einem 5-kW-Holzofen – die Hälfte des Winterbedarfs eines typischen Haushalts! Warum kammergetrocknetes Holz? Es wird auf unter 20 % Restfeuchte getrocknet und verbrennt dadurch besser: mehr Wärme, weniger Rauch, weniger Russ und weniger Asche. Ein sauberer, trockener und staubfreier Brennstoff, bis vor Ihre Tür geliefert und in Ihr Holzlager gebracht. Brennt heisser und länger. Aus bewirtschafteten Wäldern – das verkleinert Ihren CO₂-Fussabdruck.</div></td>
</tr>
</tbody>
</table>
</div>
<div class=""page3a2a2"">
<table class=""page3a2a2a"">
<tbody>
<tr class=""page3a2a2a1"">
<td class=""page3a2a2a1a"">
<div class=""page3a2a2a1a1"">Weitere Informationen</div></td>
<td class=""page3a2a2a1b"">
<div class=""page3a2a2a1a3"">Masse</div>
<div class=""page3a2a2a1a2"">1.17m3</div>
<div class=""page3a2a2a1a3"">Scheitgrösse</div>
<div class=""page3a2a2a1a2"">25-30 Cm</div>
<div class=""page3a2a2a1a3"">Feuchtigkeitsgehalt</div>
<div class=""page3a2a2a1a2"">Unter 20 %</div></td>
</tr>
</tbody>
</table>
</div>",birch,,,,kiln,20,Caisse de bouleau séché au four (1.17m3),"Le bois de chauffage séché au four est le combustible à bois par excellence. Il fournit la chaleur maximale et la combustion la plus propre. Séché à moins de 20 % d'humidité, le bois de chauffage séché au four brûle plus fort et plus longtemps que le bois de chauffage séché.","<div class=""page3a2a2"">
<table class=""page3a2a2a"">
<tbody>
<tr class=""page3a2a2a1"">
<td class=""page3a2a2a1a"">
<div class=""page3a2a2a1a1"">Présentation</div></td>
<td class=""page3a2a2a1b"">
<div class=""page3a2a2a1a3"">Vendu en palette emballée à la main</div>
<div class=""page3a2a2a1a2"">Les bûches traitées et séchées sont empilées de manière compacte dans des caisses, puis placées dans des fours qui utilisent la chaleur résiduelle pour fournir la chaleur nécessaire au séchage.</div>
<div class=""page3a2a2a1a2"">Une caisse de 1 m de côté peut fournir 70 jours de chauffage sur un poêle à bois de 5 KW (la moitié de la chaleur d'un hiver pour un ménage typique !) Pourquoi utiliser des combustibles à base de bois séché au four : - Le bois est séché au four pour atteindre une teneur en humidité inférieure à 20 %, ce qui permet une meilleure combustion. Plus de chaleur, moins de fumée, moins de suie et moins de cendres Un combustible propre, sec et sans poussière Livré à votre porte et placé dans votre magasin. Brûle plus chaud, brûle plus longtemps. Récolté dans des forêts gérées, ce qui réduit votre empreinte carbone.</div></td>
</tr>
</tbody>
</table>
</div>
<div class=""page3a2a2"">
<table class=""page3a2a2a"">
<tbody>
<tr class=""page3a2a2a1"">
<td class=""page3a2a2a1a"">
<div class=""page3a2a2a1a1"">Informations complémentaires</div></td>
<td class=""page3a2a2a1b"">
<div class=""page3a2a2a1a3"">Dimensions</div>
<div class=""page3a2a2a1a2"">1.17m3</div>
<div class=""page3a2a2a1a3"">Taille des bûches</div>
<div class=""page3a2a2a1a2"">25-30 Cm</div>
<div class=""page3a2a2a1a3"">Teneur en humidité</div>
<div class=""page3a2a2a1a2"">Moins de 20%</div></td>
</tr>
</tbody>
</table>
</div>",Crate of kiln-dried birch (1.17 m³),"Kiln-dried firewood is the ultimate wood fuel. It gives maximum heat and the cleanest burn. Dried to below 20% moisture, kiln-dried firewood burns hotter and longer than seasoned firewood.","<div class=""page3a2a2"">
<table class=""page3a2a2a"">
<tbody>
<tr class=""page3a2a2a1"">
<td class=""page3a2a2a1a"">
<div class=""page3a2a2a1a1"">Overview</div></td>
<td class=""page3a2a2a1b"">
<div class=""page3a2a2a1a3"">Sold on a hand-packed pallet</div>
<div class=""page3a2a2a1a2"">The processed and dried logs are stacked compactly in crates and then placed in kilns that use waste heat to provide the warmth needed for drying.</div>
<div class=""page3a2a2a1a2"">A crate measuring 1 m per side can provide 70 days of heating on a 5 kW wood stove (half a typical household's winter heat!). Why use kiln-dried wood fuel? The wood is kiln-dried to below 20% moisture for better combustion: more heat, less smoke, less soot and less ash. A clean, dry, dust-free fuel delivered to your door and placed in your store. Burns hotter, burns longer. Harvested from managed forests, which reduces your carbon footprint.</div></td>
</tr>
</tbody>
</table>
</div>
<div class=""page3a2a2"">
<table class=""page3a2a2a"">
<tbody>
<tr class=""page3a2a2a1"">
<td class=""page3a2a2a1a"">
<div class=""page3a2a2a1a1"">Additional information</div></td>
<td class=""page3a2a2a1b"">
<div class=""page3a2a2a1a3"">Dimensions</div>
<div class=""page3a2a2a1a2"">1.17m3</div>
<div class=""page3a2a2a1a3"">Log size</div>
<div class=""page3a2a2a1a2"">25-30 Cm</div>
<div class=""page3a2a2a1a3"">Moisture content</div>
<div class=""page3a2a2a1a2"">Below 20%</div></td>
</tr>
</tbody>
</table>
</div>","Cajón de abedul secado en horno (1,17 m³)","La leña secada en horno es el combustible de madera por excelencia: proporciona el máximo calor y la combustión más limpia. Secada por debajo del 20 % de humedad, arde con más fuerza y durante más tiempo que la leña secada al aire.","<div class=""page3a2a2"">
<table class=""page3a2a2a"">
<tbody>
<tr class=""page3a2a2a1"">
<td class=""page3a2a2a1a"">
<div class=""page3a2a2a1a1"">Presentación</div></td>
<td class=""page3a2a2a1b"">
<div class=""page3a2a2a1a3"">Se vende en palé embalado a mano</div>
<div class=""page3a2a2a1a2"">Los troncos procesados y secos se apilan de forma compacta en cajones y después se introducen en hornos que aprovechan el calor residual para el secado.</div>
<div class=""page3a2a2a1a2"">Un cajón de 1 m de lado puede proporcionar 70 días de calefacción con una estufa de leña de 5 kW (¡la mitad del calor de un invierno para un hogar típico!). ¿Por qué usar leña secada en horno? Se seca hasta menos del 20 % de humedad para una mejor combustión: más calor, menos humo, menos hollín y menos ceniza. Un combustible limpio, seco y sin polvo, entregado en su puerta y colocado en su leñera. Arde más caliente y durante más tiempo. Procede de bosques gestionados, lo que reduce su huella de carbono.</div></td>
</tr>
</tbody>
</table>
</div>
<div class=""page3a2a2"">
<table class=""page3a2a2a"">
<tbody>
<tr class=""page3a2a2a1"">
<td class=""page3a2a2a1a"">
<div class=""page3a2a2a1a1"">Información adicional</div></td>
<td class=""page3a2a2a1b"">
<div class=""page3a2a2a1a3"">Dimensiones</div>
<div class=""page3a2a2a1a2"">1.17m3</div>
<div class=""page3a2a2a1a3"">Tamaño de los troncos</div>
<div class=""page3a2a2a1a2"">25-30 Cm</div>
<div class=""page3a2a2a1a3"">Contenido de humedad</div>
<div class=""page3a2a2a1a2"">Menos del 20 %</div></td>
</tr>
</tbody>
</table>
</div>"
134,simple,WH-4351,Big Bag mit kammergetrockneten Birkenscheiten,1,130,104,Brennholz,"Kammergetrocknet auf etwa 15 % Restfeuchte – Scheite auf ca. 25 cm geschnitten – gut sortiert für die meisten Öfen, offenen Feuerstellen und Kamine.","<div class=""page3a2a2"">
<table class=""page3a2a2a"">
<tbody>
<tr class=""page3a2a2a1"">
<td class=""page3a2a2a1a"">
<div class=""page3a2a2a1a1"">Übersicht</div></td>
<td class=""page3a2a2a1b"">
<div class=""page3a2a2a1a3"">Kammergetrocknete Hartholzscheite.</div>
<div class=""page3a2a2a1a2"">Am liebsten liefern wir die Scheite bequem in Kisten oder Netzen, wir können aber auch einen Big Bag mit kammergetrockneten Hartholzscheiten liefern. Unsere Säcke sind Big Bags mit 0,8 m³.</div>
<div class=""page3a2a2a1a2"">Jeder Big Bag ist mit unserem besten kammergetrockneten Birkenholz gefüllt. Alle Scheite sind auf etwa 25 cm geschnitten und passen daher in die meisten Holzöfen, offenen Kamine und Feuerstellen. Alle unsere Scheite sind auf etwa 15 % Restfeuchte kammergetrocknet und sofort brennfertig. Falls Sie schon einmal das Pech hatten, feuchtes Holz bei einem Gelegenheitsverkäufer zu kaufen – wir verstehen Ihren Ärger. Mit unserem Brennholz haben Sie keines dieser Probleme!</div></td>
</tr>
</tbody>
</table>
</div>
<div class=""page3a2a2"">
<table class=""page3a2a2a"">
<tbody>
<tr class=""page3a2a2a1"">
<td class=""page3a2a2a1a"">
<div class=""page3a2a2a1a1"">Weitere Informationen</div></td>
<td class=""page3a2a2a1b"">
<div class=""page3a2a2a1a3"">Versandgewicht</div>
<div class=""page3a2a2a1a2"">200 kg</div></td>
</tr>
</tbody>
</table>
</div>",birch,,,,kiln,,Sac en vrac de bûches de bouleau séchées au four,"Séchées au four à environ 15% d'humidité - Les bûches sont coupées à 25 cm environ - Bien réparties pour s'adapter à la plupart des poêles, feux ouverts et cheminées.","<div class=""page3a2a2"">
<table class=""page3a2a2a"">
<tbody>
<tr class=""page3a2a2a1"">
<td class=""page3a2a2a1a"">
<div class=""page3a2a2a1a1"">Présentation</div></td>
<td class=""page3a2a2a1b"">
<div class=""page3a2a2a1a3"">Bûches de bois dur séchées au four.</div>
<div class=""page3a2a2a1a2"">Bien que nous préférions livrer les bûches dans des caisses ou des filets pour plus de commodité, nous pouvons également livrer un sac en vrac de bûches de bois dur séchées au four. Nos sacs sont des sacs de chantier de 0,8m3.</div>
<div class=""page3a2a2a1a2"">Chaque sac en vrac de bûches de bois dur séché au four est rempli de notre bouleau séché au four de la meilleure qualité. Toutes les bûches sont coupées à environ 25 cm et conviennent donc à la plupart des poêles à bois, feux ouverts, foyers et cheminées. Toutes nos bûches sont séchées au four à environ 15% d'humidité et sont donc prêtes à être brûlées immédiatement. Si vous avez eu la malchance d'acheter des bûches humides auprès d'un fournisseur de bois de chauffage pop-up, nous comprenons votre douleur. Vous n'aurez aucun de ces problèmes avec notre bois de chauffage !</div></td>
</tr>
</tbody>
</table>
</div>
<div class=""page3a2a2"">
<table class=""page3a2a2a"">
<tbody>
<tr class=""page3a2a2a1"">
<td class=""page3a2a2a1a"">
<div class=""page3a2a2a1a1"">Informations complémentaires</div></td>
<td class=""page3a2a2a1b"">
<div class=""page3a2a2a1a3"">Poids d'expédition</div>
<div class=""page3a2a2a1a2"">200 kg</div></td>
</tr>
</tbody>
</table>
</div>",Bulk bag of kiln-dried birch logs,"Kiln-dried to about 15% moisture – logs cut to about 25 cm – well graded to suit most stoves, open fires and fireplaces.","<div class=""page3a2a2"">
<table class=""page3a2a2a"">
<tbody>
<tr class=""page3a2a2a1"">
<td class=""page3a2a2a1a"">
<div class=""page3a2a2a1a1"">Overview</div></td>
<td class=""page3a2a2a1b"">
<div class=""page3a2a2a1a3"">Kiln-dried hardwood logs.</div>
<div class=""page3a2a2a1a2"">Although we prefer to deliver logs in crates or nets for convenience, we can also deliver a bulk bag of kiln-dried hardwood logs. Our bags are 0.8 m³ builder's bags.</div>
<div class=""page3a2a2a1a2"">Each bulk bag of kiln-dried hardwood logs is filled with our best-quality kiln-dried birch. All logs are cut to about 25 cm, so they suit most wood stoves, open fires, hearths and fireplaces. All our logs are kiln-dried to about 15% moisture and are ready to burn straight away. If you have been unlucky enough to buy damp logs from a pop-up firewood seller, we feel your pain. You will have none of those problems with our firewood!</div></td>
</tr>
</tbody>
</table>
</div>
<div class=""page3a2a2"">
<table class=""page3a2a2a"">
<tbody>
<tr class=""page3a2a2a1"">
<td class=""page3a2a2a1a"">
<div class=""page3a2a2a1a1"">Additional information</div></td>
<td class=""page3a2a2a1b"">
<div class=""page3a2a2a1a3"">Shipping weight</div>
<div class=""page3a2a2a1a2"">200 kg</div></td>
</tr>
</tbody>
</table>
</div>",Saco a granel de troncos de abedul secados en horno,"Secados en horno a un 15 % de humedad aproximadamente – troncos cortados a unos 25 cm – bien repartidos para adaptarse a la mayoría de estufas, fuegos abiertos y chimeneas.","<div class=""page3a2a2"">
<table class=""page3a2a2a"">
<tbody>
<tr class=""page3a2a2a1"">
<td class=""page3a2a2a1a"">
<div class=""page3a2a2a1a1"">Presentación</div></td>
<td class=""page3a2a2a1b"">
<div class=""page3a2a2a1a3"">Troncos de madera dura secada en horno.</div>
<div class=""page3a2a2a1a2"">Aunque preferimos entregar los troncos en cajones o mallas por comodidad, también podemos entregar un saco a granel de troncos de madera dura secada en horno. Nuestros sacos son sacos de obra de 0,8 m³.</div>
<div class=""page3a2a2a1a2"">Cada saco a granel de troncos de madera dura secada en horno está lleno de nuestro mejor abedul secado en horno. Todos los troncos están cortados a unos 25 cm, por lo que sirven para la mayoría de estufas de leña, fuegos abiertos, hogares y chimeneas. Todos nuestros troncos se secan en horno a un 15 % de humedad aproximadamente y están listos para quemar de inmediato. Si alguna vez tuvo la mala suerte de comprar leña húmeda a un vendedor ocasional, entendemos su frustración. ¡Con nuestra leña no tendrá ninguno de esos problemas!</div></td>
</tr>
</tbody>
</table>
</div>
<div class=""page3a2a2"">
<table class=""page3a2a2a"">
<tbody>
<tr class=""page3a2a2a1"">
<td class=""page3a2a2a1a"">
<div class=""page3a2a2a1a1"">Información adicional</div></td>
<td class=""page3a2a2a1b"">
<div class=""page3a2a2a1a3"">Peso de envío</div>
<div class=""page3a2a2a1a2"">200 kg</div></td>
</tr>
</tbody>
</table>
</div>"
139,simple,WH-4352,"Kammergetrocknetes Eschen-Brennholz – Kiste 1,17 m³",1,260,208,Brennholz,"1,2 Meter hoch gestapelte Palette mit hochwertigem, kammergetrocknetem Brennholz. Das Volumen entspricht etwa 2 lose befüllten Standard-Big-Bags. Die brennfertige, kammergetrocknete Esche hat eine Restfeuchte unter 20 % – normalerweise rund 15 %. Auf etwa 25 cm geschnitten, passt sie in die meisten Öfen, offenen Kamine und Feuerstellen. Lange Brenndauer mit gleichmässiger Flamme.","<div class=""page3a2a2"">
<table class=""page3a2a2a"">
<tbody>
<tr class=""page3a2a2a1"">
<td class=""page3a2a2a1a"">
<div class=""page3a2a2a1a1"">Übersicht</div></td>
<td class=""page3a2a2a1b"">
<div class=""page3a2a2a1a3"">Unser hochwertiges, kammergetrocknetes Eschen-Brennholz kommt auf einer 1,2 Meter hoch gestapelten Palette (etwa 2 lose befüllte Big Bags).</div>
<div class=""page3a2a2a1a2"">Diese hochwertigen Scheite aus kammergetrockneter Esche haben eine Restfeuchte unter 20 % – meist rund 15 %. Esche brennt gut und lange, mit beeindruckender Heizleistung. Wir sind sehr stolz auf unsere Produkte und möchten, dass alle Ofenbesitzer das bestmögliche kammergetrocknete Brennholz erleben. Unser Eschen-Brennholz wird in einer Holzkiste geliefert, die gleichzeitig als Holzlager dient. Manche Kunden verwenden die leere Kiste sogar als Anzündholz.</div>
<div class=""page3a2a2a1a2"">Palettenmasse: 1,15 × 0,85 × 1,20 Meter · Palettengewicht: ca. 450 kg · Holzart: 100 % kammergetrocknete Esche · Restfeuchte: unter 20 % · Scheitlänge: ca. 25 cm (passt in die meisten Holzöfen)</div></td>
</tr>
</tbody>
</table>
</div>
<div class=""page3a2a2"">
<table class=""page3a2a2a"">
<tbody>
<tr class=""page3a2a2a1"">
<td class=""page3a2a2a1a"">
<div class=""page3a2a2a1a1"">Weitere Informationen</div></td>
<td class=""page3a2a2a1b"">
<div class=""page3a2a2a1a3"">Versandgewicht</div>
<div class=""page3a2a2a1a2"">450 kg</div>
<div class=""page3a2a2a1a3"">Masse</div>
<div class=""page3a2a2a1a2"">115 x 85 x 120 cm</div></td>
</tr>
</tbody>
</table>
</div>",ash,,,,kiln,20,"Bois de chauffage en frêne séché au four - Caisse de 1,17m3","Palette empilée de 1,2 mètre de haut de bois de chauffage de qualité supérieure, séché au four. Le volume équivaut à environ 2 sacs de chantier standard remplis en vrac. Les cendres séchées au four prêtes à brûler ont un taux d'humidité inférieur à 20% - normalement environ 15%. Coupées à environ 25 cm de long, elles conviennent à la plupart des poêles, feux ouverts et cheminées. Longue durée de combustion avec une flamme stable","<div class=""page3a2a2"">
<table class=""page3a2a2a"">
<tbody>
<tr class=""page3a2a2a1"">
<td class=""page3a2a2a1a"">
<div class=""page3a2a2a1a1"">Présentation</div></td>
<td class=""page3a2a2a1b"">
<div class=""page3a2a2a1a3"">Notre bois de chauffage à base de cendres séchées au four de qualité supérieure est présenté sur une palette empilée de 1,2 mètre de haut (environ 2 sacs de chantier remplis en vrac).</div>
<div class=""page3a2a2a1a2"">Ces bûches de bois de chauffage de qualité supérieure en cendres séchées au four sont des cendres séchées dont la teneur en humidité est inférieure à 20 % - généralement autour de 15 %. Les cendres brûlent bien et longtemps, avec un rendement thermique impressionnant. Nous sommes très fiers de nos produits et nous voulons que tous les propriétaires de poêles fassent l'expérience du meilleur bois de chauffage séché au four possible. Notre bois de chauffage en cendres séchées au four est livré dans une caisse en bois qui sert également de réserve de bûches. Certains clients les utilisent également comme bois d'allumage lorsqu'elles sont vides.</div>
<div class=""page3a2a2a1a2"">Dimensions de la palette : 1,15 x 0,85 x 1,20 mètres Poids de la palette : environ 450 kg Type de bois : Bois de chauffage 100% frêne séché au four Humidité : Moins de 20% Longueur des bûches : environ 25cm (convient à la plupart des poêles à bois)</div></td>
</tr>
</tbody>
</table>
</div>
<div class=""page3a2a2"">
<table class=""page3a2a2a"">
<tbody>
<tr class=""page3a2a2a1"">
<td class=""page3a2a2a1a"">
<div class=""page3a2a2a1a1"">Informations complémentaires</div></td>
<td class=""page3a2a2a1b"">
<div class=""page3a2a2a1a3"">Poids d'expédition</div>
<div class=""page3a2a2a1a2"">450 kg</div>
<div class=""page3a2a2a1a3"">Dimensions</div>
<div class=""page3a2a2a1a2"">115 x 85 x 120 cm</div></td>
</tr>
</tbody>
</table>
</div>",Kiln-dried ash firewood – 1.17 m³ crate,"A 1.2-metre-high stacked pallet of premium kiln-dried firewood. The volume equals about 2 standard loosely filled builder's bags. The ready-to-burn kiln-dried ash has a moisture content below 20%, normally around 15%. Cut to about 25 cm, it suits most stoves, open fires and fireplaces. Long burn time with a steady flame.","<div class=""page3a2a2"">
<table class=""page3a2a2a"">
<tbody>
<tr class=""page3a2a2a1"">
<td class=""page3a2a2a1a"">
<div class=""page3a2a2a1a1"">Overview</div></td>
<td class=""page3a2a2a1b"">
<div class=""page3a2a2a1a3"">Our premium kiln-dried ash firewood comes on a 1.2-metre-high stacked pallet (about 2 loosely filled builder's bags).</div>
<div class=""page3a2a2a1a2"">These premium kiln-dried ash logs have a moisture content below 20%, typically around 15%. Ash burns well and long, with an impressive heat output. We are very proud of our products and want every stove owner to experience the best possible kiln-dried firewood. Our kiln-dried ash firewood is delivered in a wooden crate that doubles as a log store. Some customers even use the empty crate as kindling.</div>
<div class=""page3a2a2a1a2"">Pallet dimensions: 1.15 × 0.85 × 1.20 metres · Pallet weight: about 450 kg · Wood type: 100% kiln-dried ash firewood · Moisture: below 20% · Log length: about 25 cm (suits most wood stoves)</div></td>
</tr>
</tbody>
</table>
</div>
<div class=""page3a2a2"">
<table class=""page3a2a2a"">
<tbody>
<tr class=""page3a2a2a1"">
<td class=""page3a2a2a1a"">
<div class=""page3a2a2a1a1"">Additional information</div></td>
<td class=""page3a2a2a1b"">
<div class=""page3a2a2a1a3"">Shipping weight</div>
<div class=""page3a2a2a1a2"">450 kg</div>
<div class=""page3a2a2a1a3"">Dimensions</div>
<div class=""page3a2a2a1a2"">115 x 85 x 120 cm</div></td>
</tr>
</tbody>
</table>
</div>","Leña de fresno secada en horno – Cajón de 1,17 m³","Palé apilado de 1,2 metros de alto con leña de calidad superior secada en horno. El volumen equivale a unos 2 sacos de obra estándar llenos a granel. El fresno secado en horno, listo para quemar, tiene una humedad inferior al 20 %, normalmente en torno al 15 %. Cortado a unos 25 cm, es apto para la mayoría de estufas, fuegos abiertos y chimeneas. Larga duración de combustión con llama estable.","<div class=""page3a2a2"">
<table class=""page3a2a2a"">
<tbody>
<tr class=""page3a2a2a1"">
<td class=""page3a2a2a1a"">
<div class=""page3a2a2a1a1"">Presentación</div></td>
<td class=""page3a2a2a1b"">
<div class=""page3a2a2a1a3"">Nuestra leña de fresno de calidad superior secada en horno se presenta en un palé apilado de 1,2 metros de alto (unos 2 sacos de obra llenos a granel).</div>
<div class=""page3a2a2a1a2"">Estos troncos de fresno de calidad superior secados en horno tienen una humedad inferior al 20 %, generalmente en torno al 15 %. El fresno arde bien y durante mucho tiempo, con un rendimiento térmico impresionante. Estamos muy orgullosos de nuestros productos y queremos que todos los propietarios de estufas disfruten de la mejor leña secada en horno posible. Nuestra leña de fresno se entrega en un cajón de madera que también sirve de leñera. Algunos clientes incluso usan el cajón vacío como astillas para encender.</div>
<div class=""page3a2a2a1a2"">Dimensiones del palé: 1,15 × 0,85 × 1,20 metros · Peso del palé: unos 450 kg · Tipo de madera: leña 100 % fresno secada en horno · Humedad: menos del 20 % · Longitud de los troncos: unos 25 cm (apta para la mayoría de estufas de leña)</div></td>
</tr>
</tbody>
</table>
</div>
<div class=""page3a2a2"">
<table class=""page3a2a2a"">
<tbody>
<tr class=""page3a2a2a1"">
<td class=""page3a2a2a1a"">
<div class=""page3a2a2a1a1"">Información adicional</div></td>
<td class=""page3a2a2a1b"">
<div class=""page3a2a2a1a3"">Peso de envío</div>
<div class=""page3a2a2a1a2"">450 kg</div>
<div class=""page3a2a2a1a3"">Dimensiones</div>
<div class=""page3a2a2a1a2"">115 x 85 x 120 cm</div></td>
</tr>
</tbody>
</table>
</div>"
140,simple,WH-4353,Netzsack ×40 – kammergetrocknete Brennholzscheite,1,230,184,Brennholz,Kammergetrocknete Scheite garantieren eine saubere Verbrennung und maximale Wärmeabgabe. Geliefert in einem sehr robusten Netzsack von 52 × 85 cm. Sofort brennfertig für alle Holzfeuerungen.,"<div class=""page3a2a2"">
<table class=""page3a2a2a"">
<tbody>
<tr class=""page3a2a2a1"">
<td class=""page3a2a2a1a"">
<div class=""page3a2a2a1a1"">Übersicht</div></td>
<td class=""page3a2a2a1b"">
<div class=""page3a2a2a1a2"">Sofort brennfertig für alle Holzfeuerungen. Kammergetrocknete Scheite garantieren eine optimal saubere Verbrennung mit maximaler Wärmeabgabe.</div>
<div class=""page3a2a2a1a2"">Kammergetrocknete Brennholzscheite sind wegen ihrer gleichbleibend niedrigen Restfeuchte beliebt – eine effiziente Art, Ihr Zuhause zu heizen. Sie können bis zu dreimal mehr Wärme abgeben als nur luftgetrocknete Scheite und verbrennen sauberer, was Probleme in Öfen und Kaminen verringert.</div></td>
</tr>
</tbody>
</table>
</div>
<div class=""page3a2a2"">
<table class=""page3a2a2a"">
<tbody>
<tr class=""page3a2a2a1"">
<td class=""page3a2a2a1a"">
<div class=""page3a2a2a1a1"">Weitere Informationen</div></td>
<td class=""page3a2a2a1b"">
<div class=""page3a2a2a1a3"">Lieferung</div>
<div class=""page3a2a2a1a2"">Geliefert in einem sehr robusten Netzsack von 52 × 85 cm.</div>
<div class=""page3a2a2a1a2"">Entspricht etwa 3,5 lose befüllten Big Bags.</div></td>
</tr>
</tbody>
</table>
</div>",,,,,kiln,,Sac net x40 - Bûches de bois de chauffage séché au four,Les bûches séchées au four garantissent une combustion propre et une émission de chaleur maximale. Livrées dans un sac en filet très résistant de 52 cm x 85 cm. Pour une combustion immédiate sur tous les appareils de chauffage au bois.,"<div class=""page3a2a2"">
<table class=""page3a2a2a"">
<tbody>
<tr class=""page3a2a2a1"">
<td class=""page3a2a2a1a"">
<div class=""page3a2a2a1a1"">Présentation</div></td>
<td class=""page3a2a2a1b"">
<div class=""page3a2a2a1a2"">Pour une combustion immédiate sur tous les appareils de chauffage au bois. Les bûches séchées au four garantissent une combustion propre optimale avec une émission de chaleur maximale.</div>
<div class=""page3a2a2a1a2"">Les bûches de bois de chauffage séché au four sont populaires en raison de leur faible taux d'humidité constant, ce qui en fait un moyen efficace de chauffer votre maison. Les bûches séchées au four peuvent dégager jusqu'à trois fois plus de chaleur que les bûches séchées et brûlent plus proprement, ce qui réduit les problèmes dans les poêles et les conduits de fumée.</div></td>
</tr>
</tbody>
</table>
</div>
<div class=""page3a2a2"">
<table class=""page3a2a2a"">
<tbody>
<tr class=""page3a2a2a1"">
<td class=""page3a2a2a1a"">
<div class=""page3a2a2a1a1"">Informations complémentaires</div></td>
<td class=""page3a2a2a1b"">
<div class=""page3a2a2a1a3"">Livraison</div>
<div class=""page3a2a2a1a2"">Livré dans un sac en filet très résistant de 52 cm x 85 cm.</div>
<div class=""page3a2a2a1a2"">Équivalent à environ 3,5 sacs de chantier remplis en vrac.</div></td>
</tr>
</tbody>
</table>
</div>",Net bag ×40 – kiln-dried firewood logs,Kiln-dried logs guarantee a clean burn and maximum heat output. Delivered in a very strong 52 cm × 85 cm net bag. Ready to burn straight away in all wood-burning appliances.,"<div class=""page3a2a2"">
<table class=""page3a2a2a"">
<tbody>
<tr class=""page3a2a2a1"">
<td class=""page3a2a2a1a"">
<div class=""page3a2a2a1a1"">Overview</div></td>
<td class=""page3a2a2a1b"">
<div class=""page3a2a2a1a2"">Ready to burn straight away in all wood-burning appliances. Kiln-dried logs guarantee an optimal clean burn with maximum heat output.</div>
<div class=""page3a2a2a1a2"">Kiln-dried firewood logs are popular for their consistently low moisture content, which makes them an efficient way to heat your home. Kiln-dried logs can give off up to three times more heat than seasoned logs and burn more cleanly, reducing problems in stoves and flues.</div></td>
</tr>
</tbody>
</table>
</div>
<div class=""page3a2a2"">
<table class=""page3a2a2a"">
<tbody>
<tr class=""page3a2a2a1"">
<td class=""page3a2a2a1a"">
<div class=""page3a2a2a1a1"">Additional information</div></td>
<td class=""page3a2a2a1b"">
<div class=""page3a2a2a1a3"">Delivery</div>
<div class=""page3a2a2a1a2"">Delivered in a very strong 52 cm × 85 cm net bag.</div>
<div class=""page3a2a2a1a2"">Equivalent to about 3.5 loosely filled builder's bags.</div></td>
</tr>
</tbody>
</table>
</div>",Saco de malla ×40 – Troncos de leña secada en horno,Los troncos secados en horno garantizan una combustión limpia y la máxima emisión de calor. Se entregan en un saco de malla muy resistente de 52 × 85 cm. Listos para quemar en todos los aparatos de calefacción de leña.,"<div class=""page3a2a2"">
<table class=""page3a2a2a"">
<tbody>
<tr class=""page3a2a2a1"">
<td class=""page3a2a2a1a"">
<div class=""page3a2a2a1a1"">Presentación</div></td>
<td class=""page3a2a2a1b"">
<div class=""page3a2a2a1a2"">Listos para quemar en todos los aparatos de calefacción de leña. Los troncos secados en horno garantizan una combustión limpia óptima con la máxima emisión de calor.</div>
<div class=""page3a2a2a1a2"">Los troncos de leña secada en horno son populares por su humedad baja y constante, lo que los convierte en una forma eficiente de calentar su hogar. Pueden desprender hasta tres veces más calor que los troncos secados al aire y arden de forma más limpia, lo que reduce los problemas en estufas y conductos de humo.</div></td>
</tr>
</tbody>
</table>
</div>
<div class=""page3a2a2"">
<table class=""page3a2a2a"">
<tbody>
<tr class=""page3a2a2a1"">
<td class=""page3a2a2a1a"">
<div class=""page3a2a2a1a1"">Información adicional</div></td>
<td class=""page3a2a2a1b"">
<div class=""page3a2a2a1a3"">Entrega</div>
<div class=""page3a2a2a1a2"">Se entrega en un saco de malla muy resistente de 52 × 85 cm.</div>
<div class=""page3a2a2a1a2"">Equivale a unos 3,5 sacos de obra llenos a granel.</div></td>
</tr>
</tbody>
</table>
</div>"
141,simple,WH-4354,Kammergetrocknete Eichen-Brennholzscheite – Kiste,1,400,280,Brennholz,"Echte Scheite aus ausgereiftem Hartholz, kammergetrocknet auf unter 20 % Restfeuchte. Bequem brennfertig geliefert für maximale Wärme.","<div class=""page3a2a2"">
<table class=""page3a2a2a"">
<tbody>
<tr class=""page3a2a2a1"">
<td class=""page3a2a2a1a"">
<div class=""page3a2a2a1a1"">Übersicht</div></td>
<td class=""page3a2a2a1b"">
<div class=""page3a2a2a1a2"">Weil wir die Brennholzscheite in die Kisten schichten, passen 20 % mehr Scheite hinein als in lose Big Bags – die Lücken zwischen den Scheiten fallen weg. Gleicher Preis, aber 20 % mehr kammergetrocknetes Birken-Brennholz.</div>
<div class=""page3a2a2a1a3"">Unser Ziel ist es, das Anzünden und Unterhalten des Feuers so einfach und angenehm wie möglich zu machen.</div>
<div class=""page3a2a2a1a2"">Vergessen Sie luftgetrocknetes Holz mit hoher Restfeuchte, das viel Pflege und Zeit braucht, bis es brennbereit ist. Wenn Sie ein Feuer machen möchten, soll es schnell gehen – mit hochwertigen Scheiten, die gut brennen, ohne dass Sie ständig nachhelfen müssen.</div></td>
</tr>
</tbody>
</table>
</div>
<div class=""page3a2a2"">
<table class=""page3a2a2a"">
<tbody>
<tr class=""page3a2a2a1"">
<td class=""page3a2a2a1a"">
<div class=""page3a2a2a1a1"">Weitere Informationen</div></td>
<td class=""page3a2a2a1b"">
<div class=""page3a2a2a1a3"">Volumen</div>
<div class=""page3a2a2a1a2"">1.96 m3</div>
<div class=""page3a2a2a1a3"">Masse</div>
<div class=""page3a2a2a1a2"">0,85m x 1,5m x 2m</div>
<div class=""page3a2a2a1a3"">Gewicht</div>
<div class=""page3a2a2a1a2"">800 kg</div></td>
</tr>
</tbody>
</table>
</div>",oak,,,,kiln,,Bûches de bois de chauffage en chêne séché au four - caisse,"De véritables bûches de bois dur mature, séchées au four et dont le taux d'humidité est inférieur à 20 %. Pour votre commodité, elles sont livrées prêtes à brûler et à dégager une chaleur maximale.","<div class=""page3a2a2"">
<table class=""page3a2a2a"">
<tbody>
<tr class=""page3a2a2a1"">
<td class=""page3a2a2a1a"">
<div class=""page3a2a2a1a1"">Présentation</div></td>
<td class=""page3a2a2a1b"">
<div class=""page3a2a2a1a2"">En empilant les bûches de bois de chauffage dans les caisses, nous pouvons charger 20% de bûches en plus, par rapport aux sacs en vrac. En éliminant les espaces vides entre les bûches. Le même montant d'argent, mais 20 % de bûches de bois de chauffage de bouleau séchées au four en plus.</div>
<div class=""page3a2a2a1a3"">Notre objectif est de rendre le processus d'allumage et d'entretien du feu aussi simple et agréable que possible.</div>
<div class=""page3a2a2a1a2"">Oubliez le bois séché à l'air avec un taux d'humidité élevé qui nécessite des soins et de l'attention pour être prêt à brûler. Nous savons que lorsque vous voulez allumer un feu, vous voulez le faire rapidement avec des bûches de haute qualité qui brûleront et brûleront sans attention constante.</div></td>
</tr>
</tbody>
</table>
</div>
<div class=""page3a2a2"">
<table class=""page3a2a2a"">
<tbody>
<tr class=""page3a2a2a1"">
<td class=""page3a2a2a1a"">
<div class=""page3a2a2a1a1"">Informations complémentaires</div></td>
<td class=""page3a2a2a1b"">
<div class=""page3a2a2a1a3"">Volume</div>
<div class=""page3a2a2a1a2"">1.96 m3</div>
<div class=""page3a2a2a1a3"">Dimensions</div>
<div class=""page3a2a2a1a2"">0,85m x 1,5m x 2m</div>
<div class=""page3a2a2a1a3"">Poids</div>
<div class=""page3a2a2a1a2"">800 kg</div></td>
</tr>
</tbody>
</table>
</div>",Kiln-dried oak firewood logs – crate,"Genuine mature hardwood logs, kiln-dried to below 20% moisture. For your convenience they are delivered ready to burn and give maximum heat.","<div class=""page3a2a2"">
<table class=""page3a2a2a"">
<tbody>
<tr class=""page3a2a2a1"">
<td class=""page3a2a2a1a"">
<div class=""page3a2a2a1a1"">Overview</div></td>
<td class=""page3a2a2a1b"">
<div class=""page3a2a2a1a2"">By stacking the firewood logs in crates, we can load 20% more logs than in bulk bags, because the gaps between the logs disappear. The same amount of money, but 20% more kiln-dried birch firewood.</div>
<div class=""page3a2a2a1a3"">Our aim is to make lighting and tending the fire as easy and enjoyable as possible.</div>
<div class=""page3a2a2a1a2"">Forget air-dried wood with a high moisture content that needs care and attention before it is ready to burn. We know that when you want to light a fire, you want to do it quickly with high-quality logs that burn and keep burning without constant attention.</div></td>
</tr>
</tbody>
</table>
</div>
<div class=""page3a2a2"">
<table class=""page3a2a2a"">
<tbody>
<tr class=""page3a2a2a1"">
<td class=""page3a2a2a1a"">
<div class=""page3a2a2a1a1"">Additional information</div></td>
<td class=""page3a2a2a1b"">
<div class=""page3a2a2a1a3"">Volume</div>
<div class=""page3a2a2a1a2"">1.96 m3</div>
<div class=""page3a2a2a1a3"">Dimensions</div>
<div class=""page3a2a2a1a2"">0,85m x 1,5m x 2m</div>
<div class=""page3a2a2a1a3"">Weight</div>
<div class=""page3a2a2a1a2"">800 kg</div></td>
</tr>
</tbody>
</table>
</div>",Troncos de leña de roble secada en horno – Cajón,"Auténticos troncos de madera dura madura, secados en horno con una humedad inferior al 20 %. Para su comodidad, se entregan listos para quemar y desprender el máximo calor.","<div class=""page3a2a2"">
<table class=""page3a2a2a"">
<tbody>
<tr class=""page3a2a2a1"">
<td class=""page3a2a2a1a"">
<div class=""page3a2a2a1a1"">Presentación</div></td>
<td class=""page3a2a2a1b"">
<div class=""page3a2a2a1a2"">Al apilar los troncos en cajones podemos cargar un 20 % más de leña que en sacos a granel, porque se eliminan los huecos entre los troncos. El mismo dinero, pero un 20 % más de leña de abedul secada en horno.</div>
<div class=""page3a2a2a1a3"">Nuestro objetivo es que encender y mantener el fuego sea lo más sencillo y agradable posible.</div>
<div class=""page3a2a2a1a2"">Olvídese de la madera secada al aire con mucha humedad, que requiere cuidados y tiempo para estar lista. Sabemos que cuando quiere encender un fuego, quiere hacerlo rápido con troncos de calidad que ardan sin necesidad de atención constante.</div></td>
</tr>
</tbody>
</table>
</div>
<div class=""page3a2a2"">
<table class=""page3a2a2a"">
<tbody>
<tr class=""page3a2a2a1"">
<td class=""page3a2a2a1a"">
<div class=""page3a2a2a1a1"">Información adicional</div></td>
<td class=""page3a2a2a1b"">
<div class=""page3a2a2a1a3"">Volumen</div>
<div class=""page3a2a2a1a2"">1.96 m3</div>
<div class=""page3a2a2a1a3"">Dimensiones</div>
<div class=""page3a2a2a1a2"">0,85m x 1,5m x 2m</div>
<div class=""page3a2a2a1a3"">Peso</div>
<div class=""page3a2a2a1a2"">800 kg</div></td>
</tr>
</tbody>
</table>
</div>"
147,simple,WH-4355,Kiste Buchenholz Super-Standard,1,300,225,Brennholz,"Die Kiste «Super Regular» liegt zwischen der Standard- und der grossen Kiste und ist mit erstklassigem, kammergetrocknetem Buchenholz gefüllt. Die sorgfältige Schichtung ergibt ein Volumen von etwa 2,5 Säcken Brennholz. Wenn Sie Ihren Holzofen abends und am Wochenende intensiv nutzen, ist diese Kiste perfekt und bringt Sie durch den Winter.","<div class=""page3a2a2"">
<table class=""page3a2a2a"">
<tbody>
<tr class=""page3a2a2a1"">
<td class=""page3a2a2a1a"">
<div class=""page3a2a2a1a1"">Übersicht</div></td>
<td class=""page3a2a2a1b"">
<div class=""page3a2a2a1a3"">Die Buche (Fagus), Nationalbaum Dänemarks, wächst langsam, erreicht aber ausgewachsen enorme Höhen.</div>
<div class=""page3a2a2a1a2"">Mit 400 Jahren können manche Buchen über 38 m hoch werden und 1,5 m Durchmesser erreichen! Buche gehört zu den Spitzenreitern bei der Heizleistung – mit rund 3000 Kilowattstunden pro Kubikmeter Festholz.</div>
<div class=""page3a2a2a1a3"">Das Holz mit der stärksten Glut!</div>
<div class=""page3a2a2a1a2"">Brennt heisser als Esche und Birke.</div></td>
</tr>
</tbody>
</table>
</div>
<div class=""page3a2a2"">
<table class=""page3a2a2a"">
<tbody>
<tr class=""page3a2a2a1"">
<td class=""page3a2a2a1a"">
<div class=""page3a2a2a1a1"">Weitere Informationen</div></td>
<td class=""page3a2a2a1b"">
<div class=""page3a2a2a1a3"">Feuchtigkeitsgehalt</div>
<div class=""page3a2a2a1a2"">18 % oder weniger</div>
<div class=""page3a2a2a1a3"">Gewicht der Kiste</div>
<div class=""page3a2a2a1a2"">525 kg</div>
<div class=""page3a2a2a1a3"">Scheitlänge</div>
<div class=""page3a2a2a1a2"">23–25 cm (passt in 95 % der Öfen)</div>
<div class=""page3a2a2a1a3"">Scheitdurchmesser</div>
<div class=""page3a2a2a1a2"">6-15cm</div>
<div class=""page3a2a2a1a3"">Aussenmasse der Kiste</div>
<div class=""page3a2a2a1a2"">113x110x115</div></td>
</tr>
</tbody>
</table>
</div>",beech,,,,,,Caisse de hêtre super ordinaire,"La caisse Super Regular, qui se situe entre la caisse normale et la grande caisse, est remplie de bois de hêtre séché au four de première qualité. L'empilage soigné assure un volume équivalent à environ 2,5 sacs de bûches. Si vous utilisez votre poêle à bois de manière intensive le soir et le week-end, cette caisse est parfaite et vous permettra de passer l'hiver.","<div class=""page3a2a2"">
<table class=""page3a2a2a"">
<tbody>
<tr class=""page3a2a2a1"">
<td class=""page3a2a2a1a"">
<div class=""page3a2a2a1a1"">Présentation</div></td>
<td class=""page3a2a2a1b"">
<div class=""page3a2a2a1a3"">L'arbre national du Danemark, le hêtre (fagus), est un arbre à croissance lente mais qui atteint des hauteurs énormes une fois arrivé à maturité.</div>
<div class=""page3a2a2a1a2"">À l'âge mûr de 400 ans, certains hêtres peuvent atteindre plus de 125 pieds de haut et 5 pieds de diamètre ! Le hêtre est le leader en termes de production de chaleur, avec un rendement sensationnel de 3 000 kilowattheures par mètre cube. C'est environ 1 000 mj/kg de plus que les autres bois listés sur Logs Near Me.</div>
<div class=""page3a2a2a1a3"">Le bois le plus brûlant!</div>
<div class=""page3a2a2a1a2"">Brûle plus fort que le frêne et le bouleau.</div></td>
</tr>
</tbody>
</table>
</div>
<div class=""page3a2a2"">
<table class=""page3a2a2a"">
<tbody>
<tr class=""page3a2a2a1"">
<td class=""page3a2a2a1a"">
<div class=""page3a2a2a1a1"">Informations complémentaires</div></td>
<td class=""page3a2a2a1b"">
<div class=""page3a2a2a1a3"">Teneur en humidité</div>
<div class=""page3a2a2a1a2"">18% ou moins</div>
<div class=""page3a2a2a1a3"">Poids de la caisse</div>
<div class=""page3a2a2a1a2"">525 kg</div>
<div class=""page3a2a2a1a3"">Longueur des bûches</div>
<div class=""page3a2a2a1a2"">23-25cm (convient à 95% des poêles)</div>
<div class=""page3a2a2a1a3"">Diamètre de la bûche</div>
<div class=""page3a2a2a1a2"">6-15cm</div>
<div class=""page3a2a2a1a3"">Dimensions extérieures de la caisse</div>
<div class=""page3a2a2a1a2"">113x110x115</div></td>
</tr>
</tbody>
</table>
</div>",Super Regular crate of beech,"The Super Regular crate, between the standard and the large crate, is filled with premium kiln-dried beech. Careful stacking gives a volume of about 2.5 bags of logs. If you use your wood stove a lot in the evenings and at weekends, this crate is perfect and will see you through the winter.","<div class=""page3a2a2"">
<table class=""page3a2a2a"">
<tbody>
<tr class=""page3a2a2a1"">
<td class=""page3a2a2a1a"">
<div class=""page3a2a2a1a1"">Overview</div></td>
<td class=""page3a2a2a1b"">
<div class=""page3a2a2a1a3"">Denmark's national tree, the beech (Fagus), grows slowly but reaches enormous heights once mature.</div>
<div class=""page3a2a2a1a2"">At the ripe old age of 400, some beeches can grow over 38 m tall and 1.5 m across! Beech is a leader in heat output, with around 3,000 kilowatt-hours per cubic metre of solid wood.</div>
<div class=""page3a2a2a1a3"">The hottest-burning wood!</div>
<div class=""page3a2a2a1a2"">Burns hotter than ash and birch.</div></td>
</tr>
</tbody>
</table>
</div>
<div class=""page3a2a2"">
<table class=""page3a2a2a"">
<tbody>
<tr class=""page3a2a2a1"">
<td class=""page3a2a2a1a"">
<div class=""page3a2a2a1a1"">Additional information</div></td>
<td class=""page3a2a2a1b"">
<div class=""page3a2a2a1a3"">Moisture content</div>
<div class=""page3a2a2a1a2"">18% or less</div>
<div class=""page3a2a2a1a3"">Crate weight</div>
<div class=""page3a2a2a1a2"">525 kg</div>
<div class=""page3a2a2a1a3"">Log length</div>
<div class=""page3a2a2a1a2"">23–25 cm (fits 95% of stoves)</div>
<div class=""page3a2a2a1a3"">Log diameter</div>
<div class=""page3a2a2a1a2"">6-15cm</div>
<div class=""page3a2a2a1a3"">External crate dimensions</div>
<div class=""page3a2a2a1a2"">113x110x115</div></td>
</tr>
</tbody>
</table>
</div>",Cajón Super Regular de haya,"El cajón Super Regular, entre el cajón estándar y el grande, está lleno de haya de primera calidad secada en horno. El apilado cuidadoso garantiza un volumen equivalente a unos 2,5 sacos de troncos. Si usa su estufa de leña intensamente por las tardes y los fines de semana, este cajón es perfecto y le permitirá pasar el invierno.","<div class=""page3a2a2"">
<table class=""page3a2a2a"">
<tbody>
<tr class=""page3a2a2a1"">
<td class=""page3a2a2a1a"">
<div class=""page3a2a2a1a1"">Presentación</div></td>
<td class=""page3a2a2a1b"">
<div class=""page3a2a2a1a3"">El haya (Fagus), árbol nacional de Dinamarca, crece despacio pero alcanza alturas enormes cuando madura.</div>
<div class=""page3a2a2a1a2"">Con 400 años, algunas hayas superan los 38 m de altura y 1,5 m de diámetro. El haya es líder en poder calorífico, con unos 3000 kilovatios hora por metro cúbico de madera maciza.</div>
<div class=""page3a2a2a1a3"">¡La madera que más calienta!</div>
<div class=""page3a2a2a1a2"">Arde con más fuerza que el fresno y el abedul.</div></td>
</tr>
</tbody>
</table>
</div>
<div class=""page3a2a2"">
<table class=""page3a2a2a"">
<tbody>
<tr class=""page3a2a2a1"">
<td class=""page3a2a2a1a"">
<div class=""page3a2a2a1a1"">Información adicional</div></td>
<td class=""page3a2a2a1b"">
<div class=""page3a2a2a1a3"">Contenido de humedad</div>
<div class=""page3a2a2a1a2"">18 % o menos</div>
<div class=""page3a2a2a1a3"">Peso del cajón</div>
<div class=""page3a2a2a1a2"">525 kg</div>
<div class=""page3a2a2a1a3"">Longitud de los troncos</div>
<div class=""page3a2a2a1a2"">23-25 cm (apto para el 95 % de las estufas)</div>
<div class=""page3a2a2a1a3"">Diámetro del tronco</div>
<div class=""page3a2a2a1a2"">6-15cm</div>
<div class=""page3a2a2a1a3"">Dimensiones exteriores del cajón</div>
<div class=""page3a2a2a1a2"">113x110x115</div></td>
</tr>
</tbody>
</table>
</div>"
148,simple,WH-4356,Kammergetrocknete Birke – Brennholzscheite – klassische Kiste,1,300,225,Brennholz,"Unser hochwertiges, kammergetrocknetes Birken-Brennholz ist für alle gemacht, die einen hochwertigen Brennstoff mit hohem Heizwert verfeuern möchten. Unser trockenes Holz besteht zu 100 % aus lokalem, frischem Holz aus nachhaltigen Quellen, ist BSL/FSC-zertifiziert und hat eine niedrige Restfeuchte (unter 20 %). Der ideale Brennstoff für Ihren Holzvergaserkessel, Holzofen oder offenen Kamin – ob Sie Ihr Zuhause oder Ihr Geschäft heizen.","<div class=""page3a2a2"">
<table class=""page3a2a2a"">
<tbody>
<tr class=""page3a2a2a1"">
<td class=""page3a2a2a1a"">
<div class=""page3a2a2a1a1"">Übersicht</div></td>
<td class=""page3a2a2a1b"">
<div class=""page3a2a2a1a3"">Kammergetrocknete Birken-Brennholzscheite, brennfertig und Woodsure-zertifiziert.</div>
<div class=""page3a2a2a1a2"">Unsere trockenen Scheite garantieren niedrige Emissionen und problemloses Heizen mit hohem Energie- und Heizwert.</div>
<div class=""page3a2a2a1a2"">Unser Premium-Brennholz ist kammergetrocknet, damit Sie sich voll auf die Qualität und Verfügbarkeit Ihres Brennstoffs verlassen können.</div>
<div class=""page3a2a2a1a2"">Die kammergetrockneten Scheite bestehen aus Birke. Das gesamte Holz stammt aus 100 % frischen, rückverfolgbaren und nachhaltig bewirtschafteten Wäldern. Die niedrige Restfeuchte (unter 20 %) sorgt für saubere Verbrennung und hohe Heizleistung.</div></td>
</tr>
</tbody>
</table>
</div>
<div class=""page3a2a2"">
<table class=""page3a2a2a"">
<tbody>
<tr class=""page3a2a2a1"">
<td class=""page3a2a2a1a"">
<div class=""page3a2a2a1a1"">Weitere Informationen</div></td>
<td class=""page3a2a2a1b"">
<div class=""page3a2a2a1a3"">Masse</div>
<div class=""page3a2a2a1a2"">Länge 84 cm × Breite 110 cm × Höhe 140 cm</div>
<div class=""page3a2a2a1a3"">Gewicht ca.</div>
<div class=""page3a2a2a1a2"">520 kg</div>
<div class=""page3a2a2a1a3"">Scheitlänge ca.</div>
<div class=""page3a2a2a1a2"">25 cm (10 Zoll)</div></td>
</tr>
</tbody>
</table>
</div>",birch,,,,kiln,20,Bouleau séché au four - Bûches de bois de chauffage - Caisse classique,"<div class=""page3a1b1g"">Le bois de chauffage de bouleau séché au four de qualité supérieure a été produit pour les utilisateurs de bûches qui souhaitent brûler un combustible de haute qualité à forte teneur en chaleur. Notre bois sec est composé à 100 % de bois vierge local provenant de sources durables et certifié BSL/FSC, avec une faible teneur en humidité (moins de 20 %). C'est le combustible idéal pour votre chaudière à bûches, votre poêle à bois ou votre feu ouvert, que vous chauffiez votre maison ou votre entreprise.</div>","<div class=""page3a2a2"">
<table class=""page3a2a2a"">
<tbody>
<tr class=""page3a2a2a1"">
<td class=""page3a2a2a1a"">
<div class=""page3a2a2a1a1"">Présentation</div></td>
<td class=""page3a2a2a1b"">
<div class=""page3a2a2a1a3"">Bûches de bois de chauffage de bouleau séché au four, prêtes à brûler et certifiées par Woodsure.</div>
<div class=""page3a2a2a1a2"">Nos bûches sèches garantissent de faibles émissions et un chauffage sans problème avec une valeur énergétique et thermique élevée.</div>
<div class=""page3a2a2a1a2"">Le bois de chauffage séché au four Premium a été produit pour permettre aux utilisateurs de bois de chauffage d'avoir une confiance totale dans la qualité et la disponibilité de leur combustible.</div>
<div class=""page3a2a2a1a2"">Les bûches mixtes séchées au four sont composées de bouleau. Tout le bois est issu de forêts et d'exploitations forestières 100% vierges, traçables et durables. La faible teneur en humidité (moins de 20 %) permet une combustion propre et un rendement calorifique élevé.</div></td>
</tr>
</tbody>
</table>
</div>
<div class=""page3a2a2"">
<table class=""page3a2a2a"">
<tbody>
<tr class=""page3a2a2a1"">
<td class=""page3a2a2a1a"">
<div class=""page3a2a2a1a1"">Informations complémentaires</div></td>
<td class=""page3a2a2a1b"">
<div class=""page3a2a2a1a3"">Dimension</div>
<div class=""page3a2a2a1a2"">Length 84cm x Width 110cm x Height 140cm</div>
<div class=""page3a2a2a1a3"">Poids approximatif</div>
<div class=""page3a2a2a1a2"">520 kg</div>
<div class=""page3a2a2a1a3"">Longueur approximative des bûches</div>
<div class=""page3a2a2a1a2"">25cm (10 pouces)</div></td>
</tr>
</tbody>
</table>
</div>",Kiln-dried birch – firewood logs – classic crate,"Our premium kiln-dried birch firewood is produced for log users who want to burn a high-quality fuel with a high heat content. Our dry wood is 100% local virgin wood from sustainable sources, BSL/FSC certified, with a low moisture content (below 20%). It is the ideal fuel for your log boiler, wood stove or open fire, whether you heat your home or your business.","<div class=""page3a2a2"">
<table class=""page3a2a2a"">
<tbody>
<tr class=""page3a2a2a1"">
<td class=""page3a2a2a1a"">
<div class=""page3a2a2a1a1"">Overview</div></td>
<td class=""page3a2a2a1b"">
<div class=""page3a2a2a1a3"">Kiln-dried birch firewood logs, ready to burn and Woodsure certified.</div>
<div class=""page3a2a2a1a2"">Our dry logs guarantee low emissions and trouble-free heating with a high energy and heat value.</div>
<div class=""page3a2a2a1a2"">Premium kiln-dried firewood is produced so that firewood users can have complete confidence in the quality and availability of their fuel.</div>
<div class=""page3a2a2a1a2"">The kiln-dried logs are birch. All the wood comes from 100% virgin, traceable and sustainably managed forests. The low moisture content (below 20%) gives a clean burn and a high heat output.</div></td>
</tr>
</tbody>
</table>
</div>
<div class=""page3a2a2"">
<table class=""page3a2a2a"">
<tbody>
<tr class=""page3a2a2a1"">
<td class=""page3a2a2a1a"">
<div class=""page3a2a2a1a1"">Additional information</div></td>
<td class=""page3a2a2a1b"">
<div class=""page3a2a2a1a3"">Dimensions</div>
<div class=""page3a2a2a1a2"">Length 84 cm × width 110 cm × height 140 cm</div>
<div class=""page3a2a2a1a3"">Approximate weight</div>
<div class=""page3a2a2a1a2"">520 kg</div>
<div class=""page3a2a2a1a3"">Approximate log length</div>
<div class=""page3a2a2a1a2"">25 cm (10 in)</div></td>
</tr>
</tbody>
</table>
</div>",Abedul secado en horno – Troncos de leña – Cajón clásico,"Nuestra leña de abedul de calidad superior secada en horno está pensada para quienes desean quemar un combustible de alta calidad con gran poder calorífico. Nuestra madera seca es 100 % madera virgen local de fuentes sostenibles, con certificación BSL/FSC y baja humedad (menos del 20 %). Es el combustible ideal para su caldera de leña, estufa o chimenea abierta, tanto si calienta su hogar como su negocio.","<div class=""page3a2a2"">
<table class=""page3a2a2a"">
<tbody>
<tr class=""page3a2a2a1"">
<td class=""page3a2a2a1a"">
<div class=""page3a2a2a1a1"">Presentación</div></td>
<td class=""page3a2a2a1b"">
<div class=""page3a2a2a1a3"">Troncos de leña de abedul secada en horno, listos para quemar y con certificación Woodsure.</div>
<div class=""page3a2a2a1a2"">Nuestros troncos secos garantizan bajas emisiones y una calefacción sin problemas con un alto valor energético y calorífico.</div>
<div class=""page3a2a2a1a2"">Nuestra leña premium secada en horno se produce para que pueda confiar plenamente en la calidad y la disponibilidad de su combustible.</div>
<div class=""page3a2a2a1a2"">Los troncos secados en horno son de abedul. Toda la madera procede de bosques 100 % vírgenes, trazables y gestionados de forma sostenible. La baja humedad (menos del 20 %) permite una combustión limpia y un alto rendimiento calorífico.</div></td>
</tr>
</tbody>
</table>
</div>
<div class=""page3a2a2"">
<table class=""page3a2a2a"">
<tbody>
<tr class=""page3a2a2a1"">
<td class=""page3a2a2a1a"">
<div class=""page3a2a2a1a1"">Información adicional</div></td>
<td class=""page3a2a2a1b"">
<div class=""page3a2a2a1a3"">Dimensiones</div>
<div class=""page3a2a2a1a2"">Largo 84 cm × ancho 110 cm × alto 140 cm</div>
<div class=""page3a2a2a1a3"">Peso aproximado</div>
<div class=""page3a2a2a1a2"">520 kg</div>
<div class=""page3a2a2a1a3"">Longitud aproximada de los troncos</div>
<div class=""page3a2a2a1a2"">25 cm (10 pulgadas)</div></td>
</tr>
</tbody>
</table>
</div>"
149,simple,WH-4357,Kammergetrocknete Eschen-Brennholzscheite – Doppel-Big-Bag,1,230,184,Brennholz,"Unser hochwertiges, kammergetrocknetes Brennholz ist für alle gemacht, die einen hochwertigen Brennstoff mit hohem Heizwert verfeuern möchten. Unser trockenes Holz besteht zu 100 % aus lokalem, frischem Holz aus nachhaltigen Quellen, ist BSL/FSC-zertifiziert und hat eine niedrige Restfeuchte (unter 20 %). Der ideale Brennstoff für Ihren Holzvergaserkessel, Holzofen oder offenen Kamin – ob Sie Ihr Zuhause oder Ihr Geschäft heizen.","<div class=""page3a2a2"">
<table class=""page3a2a2a"">
<tbody>
<tr class=""page3a2a2a1"">
<td class=""page3a2a2a1a"">
<div class=""page3a2a2a1a1"">Übersicht</div></td>
<td class=""page3a2a2a1b"">
<div class=""page3a2a2a1a3"">Kammergetrocknete Birken-Brennholzscheite, brennfertig und Woodsure-zertifiziert.</div>
<div class=""page3a2a2a1a2"">Unsere trockenen Scheite garantieren niedrige Emissionen und problemloses Heizen mit hohem Energie- und Heizwert.</div>
<div class=""page3a2a2a1a2"">Unser Premium-Brennholz ist kammergetrocknet, damit Sie sich voll auf die Qualität und Verfügbarkeit Ihres Brennstoffs verlassen können.</div>
<div class=""page3a2a2a1a2"">Die kammergetrockneten Scheite bestehen aus Birke. Das gesamte Holz stammt aus 100 % frischen, rückverfolgbaren und nachhaltig bewirtschafteten Wäldern. Die niedrige Restfeuchte (unter 20 %) sorgt für saubere Verbrennung und hohe Heizleistung.</div></td>
</tr>
</tbody>
</table>
</div>
<div class=""page3a2a2"">
<table class=""page3a2a2a"">
<tbody>
<tr class=""page3a2a2a1"">
<td class=""page3a2a2a1a"">
<div class=""page3a2a2a1a1"">Weitere Informationen</div></td>
<td class=""page3a2a2a1b"">
<div class=""page3a2a2a1a3"">Masse</div>
<div class=""page3a2a2a1a2"">Länge 80 cm × Breite 80 cm × Höhe 160 cm</div>
<div class=""page3a2a2a1a3"">Gewicht ca.</div>
<div class=""page3a2a2a1a2"">415 kg</div>
<div class=""page3a2a2a1a3"">Scheitlänge ca.</div>
<div class=""page3a2a2a1a2"">25 cm (10 Zoll)</div></td>
</tr>
</tbody>
</table>
</div>",ash,,,,kiln,20,Bûches de bois de chauffage de frêne séché au four DUAL Bulk Bag,"Le bois de chauffage de bouleau séché au four de qualité supérieure a été produit pour les utilisateurs de bûches qui souhaitent brûler un combustible de haute qualité à forte teneur en chaleur. Notre bois sec est composé à 100 % de bois vierge local provenant de sources durables et certifié BSL/FSC, avec une faible teneur en humidité (moins de 20 %). C'est le combustible idéal pour votre chaudière à bûches, votre poêle à bois ou votre feu ouvert, que vous chauffiez votre maison ou votre entreprise.","<div class=""page3a2a2"">
<table class=""page3a2a2a"">
<tbody>
<tr class=""page3a2a2a1"">
<td class=""page3a2a2a1a"">
<div class=""page3a2a2a1a1"">Présentation</div></td>
<td class=""page3a2a2a1b"">
<div class=""page3a2a2a1a3"">Bûches de bois de chauffage de bouleau séché au four, prêtes à brûler et certifiées par Woodsure.</div>
<div class=""page3a2a2a1a2"">Nos bûches sèches garantissent de faibles émissions et un chauffage sans problème avec une valeur énergétique et thermique élevée.</div>
<div class=""page3a2a2a1a2"">Le bois de chauffage séché au four Premium a été produit pour permettre aux utilisateurs de bois de chauffage d'avoir une confiance totale dans la qualité et la disponibilité de leur combustible.</div>
<div class=""page3a2a2a1a2"">Les bûches mixtes séchées au four sont composées de bouleau. Tout le bois est issu de forêts et d'exploitations forestières 100% vierges, traçables et durables. La faible teneur en humidité (moins de 20 %) permet une combustion propre et un rendement calorifique élevé.</div></td>
</tr>
</tbody>
</table>
</div>
<div class=""page3a2a2"">
<table class=""page3a2a2a"">
<tbody>
<tr class=""page3a2a2a1"">
<td class=""page3a2a2a1a"">
<div class=""page3a2a2a1a1"">Informations complémentaires</div></td>
<td class=""page3a2a2a1b"">
<div class=""page3a2a2a1a3"">Dimension</div>
<div class=""page3a2a2a1a2"">Length 80cm x Width 80cm x Height 160cm</div>
<div class=""page3a2a2a1a3"">Poids approximatif</div>
<div class=""page3a2a2a1a2"">415 kg</div>
<div class=""page3a2a2a1a3"">Longueur approximative des bûches</div>
<div class=""page3a2a2a1a2"">25cm (10 pouces)</div></td>
</tr>
</tbody>
</table>
</div>",Kiln-dried ash firewood logs – DUAL bulk bag,"Our premium kiln-dried firewood is produced for log users who want to burn a high-quality fuel with a high heat content. Our dry wood is 100% local virgin wood from sustainable sources, BSL/FSC certified, with a low moisture content (below 20%). It is the ideal fuel for your log boiler, wood stove or open fire, whether you heat your home or your business.","<div class=""page3a2a2"">
<table class=""page3a2a2a"">
<tbody>
<tr class=""page3a2a2a1"">
<td class=""page3a2a2a1a"">
<div class=""page3a2a2a1a1"">Overview</div></td>
<td class=""page3a2a2a1b"">
<div class=""page3a2a2a1a3"">Kiln-dried birch firewood logs, ready to burn and Woodsure certified.</div>
<div class=""page3a2a2a1a2"">Our dry logs guarantee low emissions and trouble-free heating with a high energy and heat value.</div>
<div class=""page3a2a2a1a2"">Premium kiln-dried firewood is produced so that firewood users can have complete confidence in the quality and availability of their fuel.</div>
<div class=""page3a2a2a1a2"">The kiln-dried logs are birch. All the wood comes from 100% virgin, traceable and sustainably managed forests. The low moisture content (below 20%) gives a clean burn and a high heat output.</div></td>
</tr>
</tbody>
</table>
</div>
<div class=""page3a2a2"">
<table class=""page3a2a2a"">
<tbody>
<tr class=""page3a2a2a1"">
<td class=""page3a2a2a1a"">
<div class=""page3a2a2a1a1"">Additional information</div></td>
<td class=""page3a2a2a1b"">
<div class=""page3a2a2a1a3"">Dimensions</div>
<div class=""page3a2a2a1a2"">Length 80 cm × width 80 cm × height 160 cm</div>
<div class=""page3a2a2a1a3"">Approximate weight</div>
<div class=""page3a2a2a1a2"">415 kg</div>
<div class=""page3a2a2a1a3"">Approximate log length</div>
<div class=""page3a2a2a1a2"">25 cm (10 in)</div></td>
</tr>
</tbody>
</table>
</div>",Troncos de leña de fresno secada en horno – Saco a granel DOBLE,"Nuestra leña de calidad superior secada en horno está pensada para quienes desean quemar un combustible de alta calidad con gran poder calorífico. Nuestra madera seca es 100 % madera virgen local de fuentes sostenibles, con certificación BSL/FSC y baja humedad (menos del 20 %). Es el combustible ideal para su caldera de leña, estufa o chimenea abierta, tanto si calienta su hogar como su negocio.","<div class=""page3a2a2"">
<table class=""page3a2a2a"">
<tbody>
<tr class=""page3a2a2a1"">
<td class=""page3a2a2a1a"">
<div class=""page3a2a2a1a1"">Presentación</div></td>
<td class=""page3a2a2a1b"">
<div class=""page3a2a2a1a3"">Troncos de leña de abedul secada en horno, listos para quemar y con certificación Woodsure.</div>
<div class=""page3a2a2a1a2"">Nuestros troncos secos garantizan bajas emisiones y una calefacción sin problemas con un alto valor energético y calorífico.</div>
<div class=""page3a2a2a1a2"">Nuestra leña premium secada en horno se produce para que pueda confiar plenamente en la calidad y la disponibilidad de su combustible.</div>
<div class=""page3a2a2a1a2"">Los troncos secados en horno son de abedul. Toda la madera procede de bosques 100 % vírgenes, trazables y gestionados de forma sostenible. La baja humedad (menos del 20 %) permite una combustión limpia y un alto rendimiento calorífico.</div></td>
</tr>
</tbody>
</table>
</div>
<div class=""page3a2a2"">
<table class=""page3a2a2a"">
<tbody>
<tr class=""page3a2a2a1"">
<td class=""page3a2a2a1a"">
<div class=""page3a2a2a1a1"">Información adicional</div></td>
<td class=""page3a2a2a1b"">
<div class=""page3a2a2a1a3"">Dimensiones</div>
<div class=""page3a2a2a1a2"">Largo 80 cm × ancho 80 cm × alto 160 cm</div>
<div class=""page3a2a2a1a3"">Peso aproximado</div>
<div class=""page3a2a2a1a2"">415 kg</div>
<div class=""page3a2a2a1a3"">Longitud aproximada de los troncos</div>
<div class=""page3a2a2a1a2"">25 cm (10 pulgadas)</div></td>
</tr>
</tbody>
</table>
</div>"
155,simple,WH-4358,Kammergetrocknete Birke – Brennholz – Riesenkiste,1,340,255,Brennholz,"Unser hochwertiges, kammergetrocknetes Birken-Brennholz ist für alle gemacht, die einen hochwertigen Brennstoff mit hohem Heizwert verfeuern möchten. Unser trockenes Holz besteht zu 100 % aus lokalem, BSL/FSC-zertifiziertem Frischholz mit einer niedrigen Restfeuchte unter 20 %. Der ideale Brennstoff für Ihren Holzvergaserkessel, Holzofen oder offenen Kamin – ob Sie Ihr Zuhause oder Ihr Geschäft heizen.","<div class=""page3a2a2"">
<table class=""page3a2a2a"">
<tbody>
<tr class=""page3a2a2a1"">
<td class=""page3a2a2a1a"">
<div class=""page3a2a2a1a1"">Übersicht</div></td>
<td class=""page3a2a2a1b"">
<div class=""page3a2a2a1a3"">100 % zertifiziertes Hartholz</div>
<div class=""page3a2a2a1a2"">Unsere trockenen Scheite garantieren niedrige Emissionen und problemloses Heizen mit hohem Energie- und Heizwert.</div>
<div class=""page3a2a2a1a2"">Unser hochwertiges, kammergetrocknetes Birken-Brennholz gibt Ihnen volles Vertrauen in die Qualität und Verfügbarkeit Ihres Brennstoffs.</div>
<div class=""page3a2a2a1a2"">Kammergetrocknete Birken-Brennholzscheite, brennfertig und Woodsure-zertifiziert. Niedrige Restfeuchte (unter 20 %) für saubere Verbrennung und hohe Heizleistung. Hoher Heizwert und viel Wärme. Ein sehr sauberer Brennstoff, der die Scheibe Ihres Holzofens nicht schwärzt.</div></td>
</tr>
</tbody>
</table>
</div>
<div class=""page3a2a2"">
<table class=""page3a2a2a"">
<tbody>
<tr class=""page3a2a2a1"">
<td class=""page3a2a2a1a"">
<div class=""page3a2a2a1a1"">Weitere Informationen</div></td>
<td class=""page3a2a2a1b"">
<div class=""page3a2a2a1a3"">Masse</div>
<div class=""page3a2a2a1a2"">Länge 84 cm × Breite 109 cm × Höhe 187 cm</div>
<div class=""page3a2a2a1a3"">Gewicht ca.</div>
<div class=""page3a2a2a1a2"">690 kg</div></td>
</tr>
</tbody>
</table>
</div>",birch,,,,kiln,20,Bouleau séché au four - bois de chauffage - caisse géante,"Le bois de chauffage de bouleau séché au four de qualité supérieure a été produit pour les utilisateurs de bûches qui souhaitent brûler un combustible de haute qualité à forte teneur en chaleur. Notre bois sec est composé à 100% de bois vierge local certifié BSL/FSC avec une faible teneur en humidité de moins de 20%. C'est le combustible idéal pour votre chaudière à bûches, votre poêle à bois ou votre feu ouvert, que vous chauffiez votre maison ou votre entreprise.","<div class=""page3a2a2"">
<table class=""page3a2a2a"">
<tbody>
<tr class=""page3a2a2a1"">
<td class=""page3a2a2a1a"">
<div class=""page3a2a2a1a1"">Présentation</div></td>
<td class=""page3a2a2a1b"">
<div class=""page3a2a2a1a3"">100% bois dur certifié</div>
<div class=""page3a2a2a1a2"">Nos bûches sèches garantissent de faibles émissions et un chauffage sans problème avec une valeur énergétique et thermique élevée.</div>
<div class=""page3a2a2a1a2"">Le bois de chauffage de bouleau séché au four de qualité supérieure a été produit pour permettre aux utilisateurs de bois de chauffage d'avoir une confiance totale dans la qualité et la disponibilité de leur combustible.</div>
<div class=""page3a2a2a1a2"">Bûches de bois de chauffage de bouleau séché au four prêtes à brûler et certifiées par Woodsure. Faible taux d'humidité (moins de 20 %) permettant une combustion propre et un rendement calorifique élevé. Un pouvoir calorifique élevé et une chaleur élevée. Un combustible très propre qui ne noircit pas la vitre de votre poêle à bois.</div></td>
</tr>
</tbody>
</table>
</div>
<div class=""page3a2a2"">
<table class=""page3a2a2a"">
<tbody>
<tr class=""page3a2a2a1"">
<td class=""page3a2a2a1a"">
<div class=""page3a2a2a1a1"">Informations complémentaires</div></td>
<td class=""page3a2a2a1b"">
<div class=""page3a2a2a1a3"">Dimensions</div>
<div class=""page3a2a2a1a2"">Longueur 84cm x Largeur 109cm x Hauteur 187cm</div>
<div class=""page3a2a2a1a3"">Poids approximatif</div>
<div class=""page3a2a2a1a2"">690 kg</div></td>
</tr>
</tbody>
</table>
</div>",Kiln-dried birch – firewood – giant crate,"Our premium kiln-dried birch firewood is produced for log users who want to burn a high-quality fuel with a high heat content. Our dry wood is 100% local BSL/FSC-certified virgin wood with a low moisture content below 20%. It is the ideal fuel for your log boiler, wood stove or open fire, whether you heat your home or your business.","<div class=""page3a2a2"">
<table class=""page3a2a2a"">
<tbody>
<tr class=""page3a2a2a1"">
<td class=""page3a2a2a1a"">
<div class=""page3a2a2a1a1"">Overview</div></td>
<td class=""page3a2a2a1b"">
<div class=""page3a2a2a1a3"">100% certified hardwood</div>
<div class=""page3a2a2a1a2"">Our dry logs guarantee low emissions and trouble-free heating with a high energy and heat value.</div>
<div class=""page3a2a2a1a2"">Our premium kiln-dried birch firewood is produced so that firewood users can have complete confidence in the quality and availability of their fuel.</div>
<div class=""page3a2a2a1a2"">Kiln-dried birch firewood logs, ready to burn and Woodsure certified. Low moisture content (below 20%) for a clean burn and a high heat output. High calorific value and plenty of heat. A very clean fuel that does not blacken the glass of your wood stove.</div></td>
</tr>
</tbody>
</table>
</div>
<div class=""page3a2a2"">
<table class=""page3a2a2a"">
<tbody>
<tr class=""page3a2a2a1"">
<td class=""page3a2a2a1a"">
<div class=""page3a2a2a1a1"">Additional information</div></td>
<td class=""page3a2a2a1b"">
<div class=""page3a2a2a1a3"">Dimensions</div>
<div class=""page3a2a2a1a2"">Length 84 cm × width 109 cm × height 187 cm</div>
<div class=""page3a2a2a1a3"">Approximate weight</div>
<div class=""page3a2a2a1a2"">690 kg</div></td>
</tr>
</tbody>
</table>
</div>",Abedul secado en horno – Leña – Cajón gigante,"Nuestra leña de abedul de calidad superior secada en horno está pensada para quienes desean quemar un combustible de alta calidad con gran poder calorífico. Nuestra madera seca es 100 % madera virgen local con certificación BSL/FSC y una humedad inferior al 20 %. Es el combustible ideal para su caldera de leña, estufa o chimenea abierta, tanto si calienta su hogar como su negocio.","<div class=""page3a2a2"">
<table class=""page3a2a2a"">
<tbody>
<tr class=""page3a2a2a1"">
<td class=""page3a2a2a1a"">
<div class=""page3a2a2a1a1"">Presentación</div></td>
<td class=""page3a2a2a1b"">
<div class=""page3a2a2a1a3"">100 % madera dura certificada</div>
<div class=""page3a2a2a1a2"">Nuestros troncos secos garantizan bajas emisiones y una calefacción sin problemas con un alto valor energético y calorífico.</div>
<div class=""page3a2a2a1a2"">Nuestra leña de abedul de calidad superior secada en horno se produce para que pueda confiar plenamente en la calidad y la disponibilidad de su combustible.</div>
<div class=""page3a2a2a1a2"">Troncos de leña de abedul secada en horno, listos para quemar y con certificación Woodsure. Baja humedad (menos del 20 %) para una combustión limpia y un alto rendimiento calorífico. Alto poder calorífico y mucho calor. Un combustible muy limpio que no ennegrece el cristal de su estufa.</div></td>
</tr>
</tbody>
</table>
</div>
<div class=""page3a2a2"">
<table class=""page3a2a2a"">
<tbody>
<tr class=""page3a2a2a1"">
<td class=""page3a2a2a1a"">
<div class=""page3a2a2a1a1"">Información adicional</div></td>
<td class=""page3a2a2a1b"">
<div class=""page3a2a2a1a3"">Dimensiones</div>
<div class=""page3a2a2a1a2"">Largo 84 cm × ancho 109 cm × alto 187 cm</div>
<div class=""page3a2a2a1a3"">Peso aproximado</div>
<div class=""page3a2a2a1a2"">690 kg</div></td>
</tr>
</tbody>
</table>
</div>"
156,simple,WH-4359,"Kiste kammergetrocknetes Birkenholz 1,96 m³",1,400,280,Brennholz,"Dieses Produkt stammt aus hochwertigen, nachhaltig bewirtschafteten Wäldern. Die Kiste mit 1,96 m³ wird mit unserem Lastwagen und Mitnahmestapler geliefert – das beste Preis-Leistungs-Verhältnis auf dem Markt.","<div class=""page3a2a2"">
<table class=""page3a2a2a"">
<tbody>
<tr class=""page3a2a2a1"">
<td class=""page3a2a2a1a"">
<div class=""page3a2a2a1a1"">Übersicht</div></td>
<td class=""page3a2a2a1b"">
<div class=""page3a2a2a1a2"">Das Holz wird auf unter 20 % Restfeuchte kammergetrocknet und verbrennt dadurch besser: mehr Wärme, weniger Rauch, weniger Russ und weniger Asche. Ein sauberer, trockener und staubfreier Brennstoff, bis vor Ihre Tür geliefert und in Ihr Holzlager gebracht. Brennt heisser und länger. Aus bewirtschafteten Wäldern – das verkleinert Ihren CO₂-Fussabdruck.</div>
<div class=""page3a2a2a1a2"">Eine Kiste von 2 m Seitenlänge reicht für 140 Heiztage mit einem 5-kW-Holzofen – einen ganzen Winter für einen typischen Haushalt!</div>
<div class=""page3a2a2a1a3"">Geliefert auf einer von Hand gepackten Palette</div>
<div class=""page3a2a2a1a2"">Kammergetrocknetes Brennholz ist das Brennholz schlechthin: maximale Wärme und sauberste Verbrennung. Getrocknet auf unter 20 % Restfeuchte brennt es heisser und länger als nur luftgetrocknetes Holz. Die verarbeiteten und getrockneten Scheite werden kompakt in Kisten geschichtet und dann in Trockenkammern gebracht, die mit Abwärme die nötige Trocknungswärme liefern.</div></td>
</tr>
</tbody>
</table>
</div>
<div class=""page3a2a2"">
<table class=""page3a2a2a"">
<tbody>
<tr class=""page3a2a2a1"">
<td class=""page3a2a2a1a"">
<div class=""page3a2a2a1a1"">Weitere Informationen</div></td>
<td class=""page3a2a2a1b"">
<div class=""page3a2a2a1a3"">Feuchtigkeitsgehalt</div>
<div class=""page3a2a2a1a2"">Unter 20 %</div>
<div class=""page3a2a2a1a3"">Scheitgrösse</div>
<div class=""page3a2a2a1a2"">25-30 Cm</div></td>
</tr>
</tbody>
</table>
</div>",birch,,,,kiln,20,Caisse de bouleau séché au four 1.96m3 mètre cube,"Ce produit est issu de forêts durables de qualité supérieure. Profitez de la caisse de 1,96 m3 livrée par notre camion et moffett mounty pour obtenir la meilleure valeur sur le marché.","<div class=""page3a2a2"">
<table class=""page3a2a2a"">
<tbody>
<tr class=""page3a2a2a1"">
<td class=""page3a2a2a1a"">
<div class=""page3a2a2a1a1"">Présentation</div></td>
<td class=""page3a2a2a1b"">
<div class=""page3a2a2a1a2"">Le bois est séché au four pour atteindre une teneur en humidité inférieure à 20 %, ce qui permet une meilleure combustion. Plus de chaleur, moins de fumée, moins de suie et moins de cendres Un combustible propre, sec et sans poussière Livré à votre porte et placé dans votre magasin. Brûle plus chaud, brûle plus longtemps. Récolté dans des forêts gérées, ce qui réduit votre empreinte carbone.</div>
<div class=""page3a2a2a1a2"">Une caisse de 2 m de côté permet d'obtenir 140 jours de chauffage sur un poêle à bois de 5 KW (un hiver pour un foyer typique !!).</div>
<div class=""page3a2a2a1a3"">Vendu en palette emballée à la main</div>
<div class=""page3a2a2a1a2"">Le bois de chauffage séché au four est le bois de chauffage par excellence. Il fournit la chaleur maximale et la combustion la plus propre. Séché à moins de 20 % d'humidité, le bois de chauffage séché au four brûle plus fort et plus longtemps que le bois de chauffage séché. Les bûches traitées et séchées sont empilées de manière compacte dans des caisses, puis placées dans des fours qui utilisent la chaleur résiduelle pour fournir la chaleur nécessaire au séchage.</div></td>
</tr>
</tbody>
</table>
</div>
<div class=""page3a2a2"">
<table class=""page3a2a2a"">
<tbody>
<tr class=""page3a2a2a1"">
<td class=""page3a2a2a1a"">
<div class=""page3a2a2a1a1"">Informations complémentaires</div></td>
<td class=""page3a2a2a1b"">
<div class=""page3a2a2a1a3"">Teneur en humidité</div>
<div class=""page3a2a2a1a2"">Moins de 20%</div>
<div class=""page3a2a2a1a3"">Taille des bûches</div>
<div class=""page3a2a2a1a2"">25-30 Cm</div></td>
</tr>
</tbody>
</table>
</div>",Crate of kiln-dried birch 1.96 m³,This product comes from premium sustainable forests. Enjoy the 1.96 m³ crate delivered by our truck and truck-mounted forklift for the best value on the market.,"<div class=""page3a2a2"">
<table class=""page3a2a2a"">
<tbody>
<tr class=""page3a2a2a1"">
<td class=""page3a2a2a1a"">
<div class=""page3a2a2a1a1"">Overview</div></td>
<td class=""page3a2a2a1b"">
<div class=""page3a2a2a1a2"">The wood is kiln-dried to below 20% moisture for better combustion: more heat, less smoke, less soot and less ash. A clean, dry, dust-free fuel delivered to your door and placed in your store. Burns hotter, burns longer. Harvested from managed forests, which reduces your carbon footprint.</div>
<div class=""page3a2a2a1a2"">A crate measuring 2 m per side provides 140 days of heating on a 5 kW wood stove (a whole winter for a typical household!).</div>
<div class=""page3a2a2a1a3"">Sold on a hand-packed pallet</div>
<div class=""page3a2a2a1a2"">Kiln-dried firewood is the ultimate firewood. It gives maximum heat and the cleanest burn. Dried to below 20% moisture, kiln-dried firewood burns hotter and longer than seasoned firewood. The processed and dried logs are stacked compactly in crates and then placed in kilns that use waste heat to provide the warmth needed for drying.</div></td>
</tr>
</tbody>
</table>
</div>
<div class=""page3a2a2"">
<table class=""page3a2a2a"">
<tbody>
<tr class=""page3a2a2a1"">
<td class=""page3a2a2a1a"">
<div class=""page3a2a2a1a1"">Additional information</div></td>
<td class=""page3a2a2a1b"">
<div class=""page3a2a2a1a3"">Moisture content</div>
<div class=""page3a2a2a1a2"">Below 20%</div>
<div class=""page3a2a2a1a3"">Log size</div>
<div class=""page3a2a2a1a2"">25-30 Cm</div></td>
</tr>
</tbody>
</table>
</div>","Cajón de abedul secado en horno de 1,96 m³","Este producto procede de bosques sostenibles de calidad superior. Disfrute del cajón de 1,96 m³ entregado con nuestro camión y carretilla elevadora portátil para obtener la mejor relación calidad-precio del mercado.","<div class=""page3a2a2"">
<table class=""page3a2a2a"">
<tbody>
<tr class=""page3a2a2a1"">
<td class=""page3a2a2a1a"">
<div class=""page3a2a2a1a1"">Presentación</div></td>
<td class=""page3a2a2a1b"">
<div class=""page3a2a2a1a2"">La madera se seca en horno hasta menos del 20 % de humedad para una mejor combustión: más calor, menos humo, menos hollín y menos ceniza. Un combustible limpio, seco y sin polvo, entregado en su puerta y colocado en su leñera. Arde más caliente y durante más tiempo. Procede de bosques gestionados, lo que reduce su huella de carbono.</div>
<div class=""page3a2a2a1a2"">Un cajón de 2 m de lado proporciona 140 días de calefacción con una estufa de leña de 5 kW (¡un invierno entero para un hogar típico!).</div>
<div class=""page3a2a2a1a3"">Se vende en palé embalado a mano</div>
<div class=""page3a2a2a1a2"">La leña secada en horno es la leña por excelencia: proporciona el máximo calor y la combustión más limpia. Secada por debajo del 20 % de humedad, arde con más fuerza y durante más tiempo que la leña secada al aire. Los troncos procesados y secos se apilan de forma compacta en cajones y después se introducen en hornos que aprovechan el calor residual para el secado.</div></td>
</tr>
</tbody>
</table>
</div>
<div class=""page3a2a2"">
<table class=""page3a2a2a"">
<tbody>
<tr class=""page3a2a2a1"">
<td class=""page3a2a2a1a"">
<div class=""page3a2a2a1a1"">Información adicional</div></td>
<td class=""page3a2a2a1b"">
<div class=""page3a2a2a1a3"">Contenido de humedad</div>
<div class=""page3a2a2a1a2"">Menos del 20 %</div>
<div class=""page3a2a2a1a3"">Tamaño de los troncos</div>
<div class=""page3a2a2a1a2"">25-30 Cm</div></td>
</tr>
</tbody>
</table>
</div>"
157,simple,WH-4360,Extra dicke kammergetrocknete Brennholzscheite – Big Bag,1,170,136,Brennholz,"Unser hochwertiges, kammergetrocknetes Brennholz ist für alle gemacht, die einen hochwertigen Brennstoff mit hohem Heizwert verfeuern möchten. Unser trockener Brennstoff besteht zu 100 % aus lokalem, frischem Holz aus nachhaltigen Quellen, ist BSL/FSC-zertifiziert und hat eine niedrige Restfeuchte unter 20 %. Der ideale Brennstoff für Ihren Holzvergaserkessel, Holzofen oder offenen Kamin – ob Sie Ihr Zuhause oder Ihr Geschäft heizen.","<div class=""page3a2a2"">
<table class=""page3a2a2a"">
<tbody>
<tr class=""page3a2a2a1"">
<td class=""page3a2a2a1a"">
<div class=""page3a2a2a1a1"">Übersicht</div></td>
<td class=""page3a2a2a1b"">
<div class=""page3a2a2a1a3"">Kammergetrocknete Birken-Brennholzscheite, brennfertig und Woodsure-zertifiziert.</div>
<div class=""page3a2a2a1a2"">Unsere trockenen Scheite garantieren niedrige Emissionen und problemloses Heizen mit hohem Energie- und Heizwert.</div>
<div class=""page3a2a2a1a2"">Unser Premium-Brennholz ist kammergetrocknet, damit Sie sich voll auf die Qualität und Verfügbarkeit Ihres Brennstoffs verlassen können.</div>
<div class=""page3a2a2a1a2"">Die kammergetrockneten Scheite bestehen aus Birke. Das gesamte Holz stammt aus 100 % frischen, rückverfolgbaren und nachhaltig bewirtschafteten Wäldern. Die niedrige Restfeuchte (unter 20 %) sorgt für saubere Verbrennung und hohe Heizleistung.</div></td>
</tr>
</tbody>
</table>
</div>
<div class=""page3a2a2"">
<table class=""page3a2a2a"">
<tbody>
<tr class=""page3a2a2a1"">
<td class=""page3a2a2a1a"">
<div class=""page3a2a2a1a1"">Weitere Informationen</div></td>
<td class=""page3a2a2a1b"">
<div class=""page3a2a2a1a3"">Masse</div>
<div class=""page3a2a2a1a2"">Länge 80 cm × Breite 80 cm × Höhe 80 cm</div>
<div class=""page3a2a2a1a3"">Gewicht ca.</div>
<div class=""page3a2a2a1a2"">250 kg</div>
<div class=""page3a2a2a1a3"">Scheitlänge ca.</div>
<div class=""page3a2a2a1a2"">25 cm (10 Zoll)</div></td>
</tr>
</tbody>
</table>
</div>",,,,,kiln,20,Bûches de bois de chauffage Extra Chunky séchées au four Sac en vrac,"Le bois de chauffage de bouleau séché au four de qualité supérieure a été produit pour les utilisateurs de bûches qui souhaitent brûler un combustible de haute qualité à forte teneur en chaleur. Notre combustible sec est composé à 100% de bois vierge local provenant de sources durables et certifié BSL/FSC, avec une faible teneur en humidité de moins de 20%. C'est le combustible idéal pour votre chaudière à bûches, votre poêle à bois ou votre feu ouvert, que vous chauffiez votre maison ou votre entreprise.","<div class=""page3a2a2"">
<table class=""page3a2a2a"">
<tbody>
<tr class=""page3a2a2a1"">
<td class=""page3a2a2a1a"">
<div class=""page3a2a2a1a1"">Présentation</div></td>
<td class=""page3a2a2a1b"">
<div class=""page3a2a2a1a3"">Bûches de bois de chauffage de bouleau séché au four, prêtes à brûler et certifiées par Woodsure.</div>
<div class=""page3a2a2a1a2"">Nos bûches sèches garantissent de faibles émissions et un chauffage sans problème avec une valeur énergétique et thermique élevée.</div>
<div class=""page3a2a2a1a2"">Le bois de chauffage séché au four Premium a été produit pour permettre aux utilisateurs de bois de chauffage d'avoir une confiance totale dans la qualité et la disponibilité de leur combustible.</div>
<div class=""page3a2a2a1a2"">Les bûches mixtes séchées au four sont composées de bouleau. Tout le bois est issu de forêts et d'exploitations forestières 100% vierges, traçables et durables. La faible teneur en humidité (moins de 20 %) permet une combustion propre et un rendement calorifique élevé.</div></td>
</tr>
</tbody>
</table>
</div>
<div class=""page3a2a2"">
<table class=""page3a2a2a"">
<tbody>
<tr class=""page3a2a2a1"">
<td class=""page3a2a2a1a"">
<div class=""page3a2a2a1a1"">Informations complémentaires</div></td>
<td class=""page3a2a2a1b"">
<div class=""page3a2a2a1a3"">Dimension</div>
<div class=""page3a2a2a1a2"">Length 80cm x Width 80cm x Height 80cm</div>
<div class=""page3a2a2a1a3"">Poids approximatif</div>
<div class=""page3a2a2a1a2"">250 kg</div>
<div class=""page3a2a2a1a3"">Longueur approximative des bûches</div>
<div class=""page3a2a2a1a2"">25cm (10 pouces)</div></td>
</tr>
</tbody>
</table>
</div>",Extra chunky kiln-dried firewood logs – bulk bag,"Our premium kiln-dried firewood is produced for log users who want to burn a high-quality fuel with a high heat content. Our dry fuel is 100% local virgin wood from sustainable sources, BSL/FSC certified, with a low moisture content below 20%. It is the ideal fuel for your log boiler, wood stove or open fire, whether you heat your home or your business.","<div class=""page3a2a2"">
<table class=""page3a2a2a"">
<tbody>
<tr class=""page3a2a2a1"">
<td class=""page3a2a2a1a"">
<div class=""page3a2a2a1a1"">Overview</div></td>
<td class=""page3a2a2a1b"">
<div class=""page3a2a2a1a3"">Kiln-dried birch firewood logs, ready to burn and Woodsure certified.</div>
<div class=""page3a2a2a1a2"">Our dry logs guarantee low emissions and trouble-free heating with a high energy and heat value.</div>
<div class=""page3a2a2a1a2"">Premium kiln-dried firewood is produced so that firewood users can have complete confidence in the quality and availability of their fuel.</div>
<div class=""page3a2a2a1a2"">The kiln-dried logs are birch. All the wood comes from 100% virgin, traceable and sustainably managed forests. The low moisture content (below 20%) gives a clean burn and a high heat output.</div></td>
</tr>
</tbody>
</table>
</div>
<div class=""page3a2a2"">
<table class=""page3a2a2a"">
<tbody>
<tr class=""page3a2a2a1"">
<td class=""page3a2a2a1a"">
<div class=""page3a2a2a1a1"">Additional information</div></td>
<td class=""page3a2a2a1b"">
<div class=""page3a2a2a1a3"">Dimensions</div>
<div class=""page3a2a2a1a2"">Length 80 cm × width 80 cm × height 80 cm</div>
<div class=""page3a2a2a1a3"">Approximate weight</div>
<div class=""page3a2a2a1a2"">250 kg</div>
<div class=""page3a2a2a1a3"">Approximate log length</div>
<div class=""page3a2a2a1a2"">25 cm (10 in)</div></td>
</tr>
</tbody>
</table>
</div>",Troncos de leña extragruesos secados en horno – Saco a granel,"Nuestra leña de calidad superior secada en horno está pensada para quienes desean quemar un combustible de alta calidad con gran poder calorífico. Nuestro combustible seco es 100 % madera virgen local de fuentes sostenibles, con certificación BSL/FSC y una humedad inferior al 20 %. Es el combustible ideal para su caldera de leña, estufa o chimenea abierta, tanto si calienta su hogar como su negocio.","<div class=""page3a2a2"">
<table class=""page3a2a2a"">
<tbody>
<tr class=""page3a2a2a1"">
<td class=""page3a2a2a1a"">
<div class=""page3a2a2a1a1"">Presentación</div></td>
<td class=""page3a2a2a1b"">
<div class=""page3a2a2a1a3"">Troncos de leña de abedul secada en horno, listos para quemar y con certificación Woodsure.</div>
<div class=""page3a2a2a1a2"">Nuestros troncos secos garantizan bajas emisiones y una calefacción sin problemas con un alto valor energético y calorífico.</div>
<div class=""page3a2a2a1a2"">Nuestra leña premium secada en horno se produce para que pueda confiar plenamente en la calidad y la disponibilidad de su combustible.</div>
<div class=""page3a2a2a1a2"">Los troncos secados en horno son de abedul. Toda la madera procede de bosques 100 % vírgenes, trazables y gestionados de forma sostenible. La baja humedad (menos del 20 %) permite una combustión limpia y un alto rendimiento calorífico.</div></td>
</tr>
</tbody>
</table>
</div>
<div class=""page3a2a2"">
<table class=""page3a2a2a"">
<tbody>
<tr class=""page3a2a2a1"">
<td class=""page3a2a2a1a"">
<div class=""page3a2a2a1a1"">Información adicional</div></td>
<td class=""page3a2a2a1b"">
<div class=""page3a2a2a1a3"">Dimensiones</div>
<div class=""page3a2a2a1a2"">Largo 80 cm × ancho 80 cm × alto 80 cm</div>
<div class=""page3a2a2a1a3"">Peso aproximado</div>
<div class=""page3a2a2a1a2"">250 kg</div>
<div class=""page3a2a2a1a3"">Longitud aproximada de los troncos</div>
<div class=""page3a2a2a1a2"">25 cm (10 pulgadas)</div></td>
</tr>
</tbody>
</table>
</div>"
158,simple,WH-4361,Schubkarren-Säcke mit kammergetrockneten Hartholz-Mix-Scheiten ×4,1,160,128,Brennholz,"Unser hochwertiges, kammergetrocknetes Brennholz ist für alle gemacht, die einen hochwertigen Brennstoff mit hohem Heizwert verfeuern möchten. Unser trockenes Holz besteht zu 100 % aus lokalem, frischem Holz aus BSL/FSC-zertifizierten, nachhaltigen Quellen und hat eine niedrige Restfeuchte unter 20 %. Der ideale Brennstoff für Ihren Holzvergaserkessel, Holzofen oder offenen Kamin – ob Sie Ihr Zuhause oder Ihr Geschäft heizen.","<div class=""page3a2a2"">
<table class=""page3a2a2a"">
<tbody>
<tr class=""page3a2a2a1"">
<td class=""page3a2a2a1a"">
<div class=""page3a2a2a1a1"">Übersicht</div></td>
<td class=""page3a2a2a1b"">
<div class=""page3a2a2a1a3"">Kammergetrocknete Birken-Brennholzscheite, brennfertig und Woodsure-zertifiziert.</div>
<div class=""page3a2a2a1a2"">Unsere trockenen Scheite garantieren niedrige Emissionen und problemloses Heizen mit hohem Energie- und Heizwert.</div>
<div class=""page3a2a2a1a2"">Unser Premium-Brennholz ist kammergetrocknet, damit Sie sich voll auf die Qualität und Verfügbarkeit Ihres Brennstoffs verlassen können.</div>
<div class=""page3a2a2a1a2"">Die kammergetrockneten Scheite bestehen aus Birke. Das gesamte Holz stammt aus 100 % frischen, rückverfolgbaren und nachhaltig bewirtschafteten Wäldern. Die niedrige Restfeuchte (unter 20 %) sorgt für saubere Verbrennung und hohe Heizleistung.</div></td>
</tr>
</tbody>
</table>
</div>
<div class=""page3a2a2"">
<table class=""page3a2a2a"">
<tbody>
<tr class=""page3a2a2a1"">
<td class=""page3a2a2a1a"">
<div class=""page3a2a2a1a1"">Weitere Informationen</div></td>
<td class=""page3a2a2a1b"">
<div class=""page3a2a2a1a3"">Masse</div>
<div class=""page3a2a2a1a2"">Länge 100 cm × Breite 100 cm × Höhe 95 cm</div>
<div class=""page3a2a2a1a3"">Gewicht ca.</div>
<div class=""page3a2a2a1a2"">240 kg</div>
<div class=""page3a2a2a1a3"">Scheitlänge ca.</div>
<div class=""page3a2a2a1a2"">25 cm (10 Zoll)</div></td>
</tr>
</tbody>
</table>
</div>",mixed,,,,kiln,20,Sacs de brouette de bûches de bois dur mélangé séché au four x4,"Le bois de chauffage de bouleau séché au four de qualité supérieure a été produit pour les utilisateurs de bûches qui souhaitent brûler un combustible de haute qualité à forte teneur en chaleur. Notre bois sec est composé à 100 % de bois vierge local provenant de sources durables certifiées BSL/FSC, avec une faible teneur en humidité de moins de 20 %. C'est le combustible idéal pour votre chaudière à bûches, votre poêle à bois ou votre feu ouvert, que vous chauffiez votre maison ou votre entreprise.","<div class=""page3a2a2"">
<table class=""page3a2a2a"">
<tbody>
<tr class=""page3a2a2a1"">
<td class=""page3a2a2a1a"">
<div class=""page3a2a2a1a1"">Présentation</div></td>
<td class=""page3a2a2a1b"">
<div class=""page3a2a2a1a3"">Bûches de bois de chauffage de bouleau séché au four, prêtes à brûler et certifiées par Woodsure.</div>
<div class=""page3a2a2a1a2"">Nos bûches sèches garantissent de faibles émissions et un chauffage sans problème avec une valeur énergétique et thermique élevée.</div>
<div class=""page3a2a2a1a2"">Le bois de chauffage séché au four Premium a été produit pour permettre aux utilisateurs de bois de chauffage d'avoir une confiance totale dans la qualité et la disponibilité de leur combustible.</div>
<div class=""page3a2a2a1a2"">Les bûches mixtes séchées au four sont composées de bouleau. Tout le bois est issu de forêts et d'exploitations forestières 100% vierges, traçables et durables. La faible teneur en humidité (moins de 20 %) permet une combustion propre et un rendement calorifique élevé.</div></td>
</tr>
</tbody>
</table>
</div>
<div class=""page3a2a2"">
<table class=""page3a2a2a"">
<tbody>
<tr class=""page3a2a2a1"">
<td class=""page3a2a2a1a"">
<div class=""page3a2a2a1a1"">Informations complémentaires</div></td>
<td class=""page3a2a2a1b"">
<div class=""page3a2a2a1a3"">Dimension</div>
<div class=""page3a2a2a1a2"">Length 100cm x Width 100cm x Height 95cm</div>
<div class=""page3a2a2a1a3"">Poids approximatif</div>
<div class=""page3a2a2a1a2"">240 kg</div>
<div class=""page3a2a2a1a3"">Longueur approximative des bûches</div>
<div class=""page3a2a2a1a2"">25cm (10 pouces)</div></td>
</tr>
</tbody>
</table>
</div>",Wheelbarrow bags of kiln-dried mixed hardwood logs ×4,"Our premium kiln-dried firewood is produced for log users who want to burn a high-quality fuel with a high heat content. Our dry wood is 100% local virgin wood from BSL/FSC-certified sustainable sources, with a low moisture content below 20%. It is the ideal fuel for your log boiler, wood stove or open fire, whether you heat your home or your business.","<div class=""page3a2a2"">
<table class=""page3a2a2a"">
<tbody>
<tr class=""page3a2a2a1"">
<td class=""page3a2a2a1a"">
<div class=""page3a2a2a1a1"">Overview</div></td>
<td class=""page3a2a2a1b"">
<div class=""page3a2a2a1a3"">Kiln-dried birch firewood logs, ready to burn and Woodsure certified.</div>
<div class=""page3a2a2a1a2"">Our dry logs guarantee low emissions and trouble-free heating with a high energy and heat value.</div>
<div class=""page3a2a2a1a2"">Premium kiln-dried firewood is produced so that firewood users can have complete confidence in the quality and availability of their fuel.</div>
<div class=""page3a2a2a1a2"">The kiln-dried logs are birch. All the wood comes from 100% virgin, traceable and sustainably managed forests. The low moisture content (below 20%) gives a clean burn and a high heat output.</div></td>
</tr>
</tbody>
</table>
</div>
<div class=""page3a2a2"">
<table class=""page3a2a2a"">
<tbody>
<tr class=""page3a2a2a1"">
<td class=""page3a2a2a1a"">
<div class=""page3a2a2a1a1"">Additional information</div></td>
<td class=""page3a2a2a1b"">
<div class=""page3a2a2a1a3"">Dimensions</div>
<div class=""page3a2a2a1a2"">Length 100 cm × width 100 cm × height 95 cm</div>
<div class=""page3a2a2a1a3"">Approximate weight</div>
<div class=""page3a2a2a1a2"">240 kg</div>
<div class=""page3a2a2a1a3"">Approximate log length</div>
<div class=""page3a2a2a1a2"">25 cm (10 in)</div></td>
</tr>
</tbody>
</table>
</div>",Sacos de carretilla con troncos de mezcla de maderas duras secados en horno ×4,"Nuestra leña de calidad superior secada en horno está pensada para quienes desean quemar un combustible de alta calidad con gran poder calorífico. Nuestra madera seca es 100 % madera virgen local de fuentes sostenibles con certificación BSL/FSC y una humedad inferior al 20 %. Es el combustible ideal para su caldera de leña, estufa o chimenea abierta, tanto si calienta su hogar como su negocio.","<div class=""page3a2a2"">
<table class=""page3a2a2a"">
<tbody>
<tr class=""page3a2a2a1"">
<td class=""page3a2a2a1a"">
<div class=""page3a2a2a1a1"">Presentación</div></td>
<td class=""page3a2a2a1b"">
<div class=""page3a2a2a1a3"">Troncos de leña de abedul secada en horno, listos para quemar y con certificación Woodsure.</div>
<div class=""page3a2a2a1a2"">Nuestros troncos secos garantizan bajas emisiones y una calefacción sin problemas con un alto valor energético y calorífico.</div>
<div class=""page3a2a2a1a2"">Nuestra leña premium secada en horno se produce para que pueda confiar plenamente en la calidad y la disponibilidad de su combustible.</div>
<div class=""page3a2a2a1a2"">Los troncos secados en horno son de abedul. Toda la madera procede de bosques 100 % vírgenes, trazables y gestionados de forma sostenible. La baja humedad (menos del 20 %) permite una combustión limpia y un alto rendimiento calorífico.</div></td>
</tr>
</tbody>
</table>
</div>
<div class=""page3a2a2"">
<table class=""page3a2a2a"">
<tbody>
<tr class=""page3a2a2a1"">
<td class=""page3a2a2a1a"">
<div class=""page3a2a2a1a1"">Información adicional</div></td>
<td class=""page3a2a2a1b"">
<div class=""page3a2a2a1a3"">Dimensiones</div>
<div class=""page3a2a2a1a2"">Largo 100 cm × ancho 100 cm × alto 95 cm</div>
<div class=""page3a2a2a1a3"">Peso aproximado</div>
<div class=""page3a2a2a1a2"">240 kg</div>
<div class=""page3a2a2a1a3"">Longitud aproximada de los troncos</div>
<div class=""page3a2a2a1a2"">25 cm (10 pulgadas)</div></td>
</tr>
</tbody>
</table>
</div>"
164,simple,WH-4362,54 Netze kammergetrocknete Birkenscheite (500 kg),1,280,224,Brennholz,"Ist Ihnen eine ganze Holzkiste aus irgendeinem Grund zu viel? Dann haben wir eine halbe Palette mit 54 Netzen für Sie. Leicht zu tragen, abzuladen und zu lagern: 54 Netze (ca. 500 kg) bieten ein Holzvolumen zwischen unserer Spar-Kiste und unserer grossen Kiste.","<div class=""page3a2a2"">
<table class=""page3a2a2a"">
<tbody>
<tr class=""page3a2a2a1"">
<td class=""page3a2a2a1a"">
<div class=""page3a2a2a1a1"">Übersicht</div></td>
<td class=""page3a2a2a1b"">
<div class=""page3a2a2a1a3"">Birke ist wie Esche ein Laubholz und ein gutes Brennholz – besonders, wenn Sie schnell Wärme möchten.</div>
<div class=""page3a2a2a1a2"">Birkenrinde ist ein hervorragender Anzünder, denn sie ist papierähnlich und verströmt einen einzigartigen, leicht süsslichen Duft, den die meisten Menschen als angenehm empfinden. Mit ihrer silbrigen, flockigen Rinde ist Birke perfekt, wenn Ihre Scheite sichtbar gelagert werden. Wir empfehlen Birke, wenn Sie gelegentlich ein Feuer machen und schnell hohe Wärme wünschen.</div>
<div class=""page3a2a2a1a2"">Hervorragend in Kombination mit anderen, langsamer brennenden Scheiten.</div></td>
</tr>
</tbody>
</table>
</div>
<div class=""page3a2a2"">
<table class=""page3a2a2a"">
<tbody>
<tr class=""page3a2a2a1"">
<td class=""page3a2a2a1a"">
<div class=""page3a2a2a1a1"">Weitere Informationen</div></td>
<td class=""page3a2a2a1b"">
<div class=""page3a2a2a1a3"">Feuchtigkeitsgehalt</div>
<div class=""page3a2a2a1a2"">18 % oder weniger</div>
<div class=""page3a2a2a1a3"">Gewicht</div>
<div class=""page3a2a2a1a2"">500kg</div>
<div class=""page3a2a2a1a3"">Scheitlänge</div>
<div class=""page3a2a2a1a2"">23–25 cm (passt in 95 % der Öfen)</div>
<div class=""page3a2a2a1a3"">Scheitdurchmesser</div>
<div class=""page3a2a2a1a2"">6-15cm</div>
<div class=""page3a2a2a1a3"">Innenmasse des Netzes</div>
<div class=""page3a2a2a1a2"">45 × 55 cm</div></td>
</tr>
</tbody>
</table>
</div>",birch,,kg,500,kiln,,54 Filets Bouleau Kiln Dried Logs (500kg),"Si la prise en charge d'une caisse de bûches est trop importante pour vous pour diverses raisons, nous avons une demi-palette de 52 filets pour vous. Faciles à transporter, à décharger et à stocker, 54 filets (environ 500 kg) vous offriront un volume de bois se situant entre notre caisse économique et notre grande caisse.","<div class=""page3a2a2"">
<table class=""page3a2a2a"">
<tbody>
<tr class=""page3a2a2a1"">
<td class=""page3a2a2a1a"">
<div class=""page3a2a2a1a1"">Présentation</div></td>
<td class=""page3a2a2a1b"">
<div class=""page3a2a2a1a3"">Le bouleau, comme le frêne, est un autre bois dur et un bon bois de chauffage à brûler, surtout si vous voulez une chaleur rapide.</div>
<div class=""page3a2a2a1a2"">L'écorce de bouleau est un excellent allume-feu car elle ressemble au papier et dégage une odeur unique, légèrement sucrée, que la plupart des gens trouvent agréable. Le bouleau est parfait si vos bûches doivent être exposées en raison de son écorce argentée et floconneuse. Nous recommandons le bouleau si vous faites des feux occasionnels et que vous souhaitez une chaleur rapide et élevée.</div>
<div class=""page3a2a2a1a2"">Il est excellent lorsqu'il est brûlé avec d'autres bûches à combustion plus lente.</div></td>
</tr>
</tbody>
</table>
</div>
<div class=""page3a2a2"">
<table class=""page3a2a2a"">
<tbody>
<tr class=""page3a2a2a1"">
<td class=""page3a2a2a1a"">
<div class=""page3a2a2a1a1"">Informations complémentaires</div></td>
<td class=""page3a2a2a1b"">
<div class=""page3a2a2a1a3"">Teneur en humidité</div>
<div class=""page3a2a2a1a2"">18% ou moins</div>
<div class=""page3a2a2a1a3"">Poids</div>
<div class=""page3a2a2a1a2"">500kg</div>
<div class=""page3a2a2a1a3"">Longueur des bûches</div>
<div class=""page3a2a2a1a2"">23-25cm (convient à 95% des poêles)</div>
<div class=""page3a2a2a1a3"">Diamètre de la bûche</div>
<div class=""page3a2a2a1a2"">6-15cm</div>
<div class=""page3a2a2a1a3"">Mesures intérieures du filet</div>
<div class=""page3a2a2a1a2"">45cmx55cm</div></td>
</tr>
</tbody>
</table>
</div>",54 nets of kiln-dried birch logs (500 kg),"If taking a whole crate of logs is too much for you for whatever reason, we have a half pallet of 54 nets for you. Easy to carry, unload and store, 54 nets (about 500 kg) give you a volume of wood between our economy crate and our large crate.","<div class=""page3a2a2"">
<table class=""page3a2a2a"">
<tbody>
<tr class=""page3a2a2a1"">
<td class=""page3a2a2a1a"">
<div class=""page3a2a2a1a1"">Overview</div></td>
<td class=""page3a2a2a1b"">
<div class=""page3a2a2a1a3"">Birch, like ash, is another hardwood and a good firewood to burn, especially if you want quick heat.</div>
<div class=""page3a2a2a1a2"">Birch bark makes an excellent firelighter because it is papery and gives off a unique, slightly sweet smell that most people find pleasant. Thanks to its silvery, flaky bark, birch is perfect if your logs are on display. We recommend birch if you light occasional fires and want fast, high heat.</div>
<div class=""page3a2a2a1a2"">It is excellent when burnt together with other slower-burning logs.</div></td>
</tr>
</tbody>
</table>
</div>
<div class=""page3a2a2"">
<table class=""page3a2a2a"">
<tbody>
<tr class=""page3a2a2a1"">
<td class=""page3a2a2a1a"">
<div class=""page3a2a2a1a1"">Additional information</div></td>
<td class=""page3a2a2a1b"">
<div class=""page3a2a2a1a3"">Moisture content</div>
<div class=""page3a2a2a1a2"">18% or less</div>
<div class=""page3a2a2a1a3"">Weight</div>
<div class=""page3a2a2a1a2"">500kg</div>
<div class=""page3a2a2a1a3"">Log length</div>
<div class=""page3a2a2a1a2"">23–25 cm (fits 95% of stoves)</div>
<div class=""page3a2a2a1a3"">Log diameter</div>
<div class=""page3a2a2a1a2"">6-15cm</div>
<div class=""page3a2a2a1a3"">Internal net dimensions</div>
<div class=""page3a2a2a1a2"">45 × 55 cm</div></td>
</tr>
</tbody>
</table>
</div>",54 mallas de troncos de abedul secados en horno (500 kg),"Si por algún motivo un cajón entero de troncos es demasiado para usted, tenemos medio palé de 54 mallas. Fáciles de transportar, descargar y almacenar, 54 mallas (unos 500 kg) le ofrecen un volumen de leña entre nuestro cajón económico y nuestro cajón grande.","<div class=""page3a2a2"">
<table class=""page3a2a2a"">
<tbody>
<tr class=""page3a2a2a1"">
<td class=""page3a2a2a1a"">
<div class=""page3a2a2a1a1"">Presentación</div></td>
<td class=""page3a2a2a1b"">
<div class=""page3a2a2a1a3"">El abedul, como el fresno, es otra frondosa y una buena leña para quemar, sobre todo si quiere calor rápido.</div>
<div class=""page3a2a2a1a2"">La corteza de abedul es un excelente iniciador de fuego, porque parece papel y desprende un olor único, ligeramente dulce, que a la mayoría le resulta agradable. Por su corteza plateada y escamosa, el abedul es perfecto si sus troncos van a estar a la vista. Recomendamos el abedul si enciende fuegos ocasionales y desea un calor rápido e intenso.</div>
<div class=""page3a2a2a1a2"">Es excelente cuando se quema junto con otros troncos de combustión más lenta.</div></td>
</tr>
</tbody>
</table>
</div>
<div class=""page3a2a2"">
<table class=""page3a2a2a"">
<tbody>
<tr class=""page3a2a2a1"">
<td class=""page3a2a2a1a"">
<div class=""page3a2a2a1a1"">Información adicional</div></td>
<td class=""page3a2a2a1b"">
<div class=""page3a2a2a1a3"">Contenido de humedad</div>
<div class=""page3a2a2a1a2"">18 % o menos</div>
<div class=""page3a2a2a1a3"">Peso</div>
<div class=""page3a2a2a1a2"">500kg</div>
<div class=""page3a2a2a1a3"">Longitud de los troncos</div>
<div class=""page3a2a2a1a2"">23-25 cm (apto para el 95 % de las estufas)</div>
<div class=""page3a2a2a1a3"">Diámetro del tronco</div>
<div class=""page3a2a2a1a2"">6-15cm</div>
<div class=""page3a2a2a1a3"">Medidas interiores de la malla</div>
<div class=""page3a2a2a1a2"">45 × 55 cm</div></td>
</tr>
</tbody>
</table>
</div>"
165,simple,WH-4363,Standardkiste Birkenholz,1,230,184,Brennholz,"Diese Standardkiste ist mit erstklassigem, kammergetrocknetem Birkenholz gefüllt. Die sorgfältige Schichtung ergibt ein Volumen von etwa 2,1 grossen Säcken Brennholz. Wenn Sie Ihren Holzofen vor allem abends und am Wochenende nutzen, ist diese Kiste perfekt und bringt Sie durch den Winter.","<div class=""page3a2a2"">
<table class=""page3a2a2a"">
<tbody>
<tr class=""page3a2a2a1"">
<td class=""page3a2a2a1a"">
<div class=""page3a2a2a1a1"">Übersicht</div></td>
<td class=""page3a2a2a1b"">
<div class=""page3a2a2a1a3"">Birke ist wie Esche ein Laubholz und ein gutes Brennholz – besonders, wenn Sie schnell Wärme möchten.</div>
<div class=""page3a2a2a1a2"">Birkenrinde ist ein hervorragender Anzünder, denn sie ist papierähnlich und verströmt einen einzigartigen, leicht süsslichen Duft, den die meisten Menschen als angenehm empfinden. Mit ihrer silbrigen, flockigen Rinde ist Birke perfekt, wenn Ihre Scheite sichtbar gelagert werden. Wir empfehlen Birke, wenn Sie gelegentlich ein Feuer machen und schnell hohe Wärme wünschen.</div>
<div class=""page3a2a2a1a2"">Hervorragend in Kombination mit anderen, langsamer brennenden Scheiten.</div>
<div class=""page3a2a2a1a3"">Feuchtigkeitsgehalt</div>
<div class=""page3a2a2a1a2"">18 % oder weniger</div>
<div class=""page3a2a2a1a3"">Gewicht der Kiste</div>
<div class=""page3a2a2a1a2"">400kg</div></td>
</tr>
</tbody>
</table>
</div>
<div class=""page3a2a2"">
<table class=""page3a2a2a"">
<tbody>
<tr class=""page3a2a2a1"">
<td class=""page3a2a2a1a"">
<div class=""page3a2a2a1a1"">Weitere Informationen</div></td>
<td class=""page3a2a2a1b"">
<div class=""page3a2a2a1a3"">Scheitlänge</div>
<div class=""page3a2a2a1a2"">23–25 cm (passt in 95 % der Öfen)</div>
<div class=""page3a2a2a1a3"">Scheitdurchmesser</div>
<div class=""page3a2a2a1a2"">6-15cm</div>
<div class=""page3a2a2a1a3"">Schüttvolumen</div>
<div class=""page3a2a2a1a2"">1.34m3</div>
<div class=""page3a2a2a1a3"">Gestapeltes Volumen</div>
<div class=""page3a2a2a1a2"">0.79m3</div>
<div class=""page3a2a2a1a3"">Aussenmasse der Kiste</div>
<div class=""page3a2a2a1a2"">112x114x80</div>
<div class=""page3a2a2a1a3"">Innenmasse der Kiste</div>
<div class=""page3a2a2a1a2"">107x109x66</div></td>
</tr>
</tbody>
</table>
</div>",birch,,,,,,Caisse de bouleau ordinaire,"Cette caisse régulière est remplie de bouleau de qualité supérieure, séché au four. L'empilage soigné garantit un volume équivalent à environ 2,1 grands sacs de bûches. Si vous utilisez votre poêle à bois principalement le soir et le week-end, cette caisse est parfaite et vous permettra de passer l'hiver.","<div class=""page3a2a2"">
<table class=""page3a2a2a"">
<tbody>
<tr class=""page3a2a2a1"">
<td class=""page3a2a2a1a"">
<div class=""page3a2a2a1a1"">Présentation</div></td>
<td class=""page3a2a2a1b"">
<div class=""page3a2a2a1a3"">Le bouleau, comme le frêne, est un autre bois dur et un bon bois de chauffage à brûler, surtout si vous voulez une chaleur rapide.</div>
<div class=""page3a2a2a1a2"">L'écorce de bouleau est un excellent allume-feu car elle ressemble au papier et dégage une odeur unique, légèrement sucrée, que la plupart des gens trouvent agréable. Le bouleau est parfait si vos bûches doivent être exposées en raison de son écorce argentée et floconneuse. Nous recommandons le bouleau si vous faites des feux occasionnels et que vous souhaitez une chaleur rapide et élevée.</div>
<div class=""page3a2a2a1a2"">Il est excellent lorsqu'il est brûlé avec d'autres bûches à combustion plus lente.</div>
<div class=""page3a2a2a1a3"">Teneur en humidité</div>
<div class=""page3a2a2a1a2"">18% ou moins</div>
<div class=""page3a2a2a1a3"">Poids de la caisse</div>
<div class=""page3a2a2a1a2"">400kg</div></td>
</tr>
</tbody>
</table>
</div>
<div class=""page3a2a2"">
<table class=""page3a2a2a"">
<tbody>
<tr class=""page3a2a2a1"">
<td class=""page3a2a2a1a"">
<div class=""page3a2a2a1a1"">Informations complémentaires</div></td>
<td class=""page3a2a2a1b"">
<div class=""page3a2a2a1a3"">Longueur des bûches</div>
<div class=""page3a2a2a1a2"">23-25cm (convient à 95% des poêles)</div>
<div class=""page3a2a2a1a3"">Diamètre de la bûche</div>
<div class=""page3a2a2a1a2"">6-15cm</div>
<div class=""page3a2a2a1a3"">Volume en vrac</div>
<div class=""page3a2a2a1a2"">1.34m3</div>
<div class=""page3a2a2a1a3"">Volume empilé</div>
<div class=""page3a2a2a1a2"">0.79m3</div>
<div class=""page3a2a2a1a3"">Dimensions extérieures de la caisse</div>
<div class=""page3a2a2a1a2"">112x114x80</div>
<div class=""page3a2a2a1a3"">Dimensions intérieures de la caisse</div>
<div class=""page3a2a2a1a2"">107x109x66</div></td>
</tr>
</tbody>
</table>
</div>",Standard crate of birch,"This standard crate is filled with premium kiln-dried birch. Careful stacking gives a volume of about 2.1 large bags of logs. If you mainly use your wood stove in the evenings and at weekends, this crate is perfect and will see you through the winter.","<div class=""page3a2a2"">
<table class=""page3a2a2a"">
<tbody>
<tr class=""page3a2a2a1"">
<td class=""page3a2a2a1a"">
<div class=""page3a2a2a1a1"">Overview</div></td>
<td class=""page3a2a2a1b"">
<div class=""page3a2a2a1a3"">Birch, like ash, is another hardwood and a good firewood to burn, especially if you want quick heat.</div>
<div class=""page3a2a2a1a2"">Birch bark makes an excellent firelighter because it is papery and gives off a unique, slightly sweet smell that most people find pleasant. Thanks to its silvery, flaky bark, birch is perfect if your logs are on display. We recommend birch if you light occasional fires and want fast, high heat.</div>
<div class=""page3a2a2a1a2"">It is excellent when burnt together with other slower-burning logs.</div>
<div class=""page3a2a2a1a3"">Moisture content</div>
<div class=""page3a2a2a1a2"">18% or less</div>
<div class=""page3a2a2a1a3"">Crate weight</div>
<div class=""page3a2a2a1a2"">400kg</div></td>
</tr>
</tbody>
</table>
</div>
<div class=""page3a2a2"">
<table class=""page3a2a2a"">
<tbody>
<tr class=""page3a2a2a1"">
<td class=""page3a2a2a1a"">
<div class=""page3a2a2a1a1"">Additional information</div></td>
<td class=""page3a2a2a1b"">
<div class=""page3a2a2a1a3"">Log length</div>
<div class=""page3a2a2a1a2"">23–25 cm (fits 95% of stoves)</div>
<div class=""page3a2a2a1a3"">Log diameter</div>
<div class=""page3a2a2a1a2"">6-15cm</div>
<div class=""page3a2a2a1a3"">Loose volume</div>
<div class=""page3a2a2a1a2"">1.34m3</div>
<div class=""page3a2a2a1a3"">Stacked volume</div>
<div class=""page3a2a2a1a2"">0.79m3</div>
<div class=""page3a2a2a1a3"">External crate dimensions</div>
<div class=""page3a2a2a1a2"">112x114x80</div>
<div class=""page3a2a2a1a3"">Internal crate dimensions</div>
<div class=""page3a2a2a1a2"">107x109x66</div></td>
</tr>
</tbody>
</table>
</div>",Cajón estándar de abedul,"Este cajón estándar está lleno de abedul de calidad superior secado en horno. El apilado cuidadoso garantiza un volumen equivalente a unos 2,1 sacos grandes de troncos. Si usa su estufa de leña principalmente por las tardes y los fines de semana, este cajón es perfecto y le permitirá pasar el invierno.","<div class=""page3a2a2"">
<table class=""page3a2a2a"">
<tbody>
<tr class=""page3a2a2a1"">
<td class=""page3a2a2a1a"">
<div class=""page3a2a2a1a1"">Presentación</div></td>
<td class=""page3a2a2a1b"">
<div class=""page3a2a2a1a3"">El abedul, como el fresno, es otra frondosa y una buena leña para quemar, sobre todo si quiere calor rápido.</div>
<div class=""page3a2a2a1a2"">La corteza de abedul es un excelente iniciador de fuego, porque parece papel y desprende un olor único, ligeramente dulce, que a la mayoría le resulta agradable. Por su corteza plateada y escamosa, el abedul es perfecto si sus troncos van a estar a la vista. Recomendamos el abedul si enciende fuegos ocasionales y desea un calor rápido e intenso.</div>
<div class=""page3a2a2a1a2"">Es excelente cuando se quema junto con otros troncos de combustión más lenta.</div>
<div class=""page3a2a2a1a3"">Contenido de humedad</div>
<div class=""page3a2a2a1a2"">18 % o menos</div>
<div class=""page3a2a2a1a3"">Peso del cajón</div>
<div class=""page3a2a2a1a2"">400kg</div></td>
</tr>
</tbody>
</table>
</div>
<div class=""page3a2a2"">
<table class=""page3a2a2a"">
<tbody>
<tr class=""page3a2a2a1"">
<td class=""page3a2a2a1a"">
<div class=""page3a2a2a1a1"">Información adicional</div></td>
<td class=""page3a2a2a1b"">
<div class=""page3a2a2a1a3"">Longitud de los troncos</div>
<div class=""page3a2a2a1a2"">23-25 cm (apto para el 95 % de las estufas)</div>
<div class=""page3a2a2a1a3"">Diámetro del tronco</div>
<div class=""page3a2a2a1a2"">6-15cm</div>
<div class=""page3a2a2a1a3"">Volumen a granel</div>
<div class=""page3a2a2a1a2"">1.34m3</div>
<div class=""page3a2a2a1a3"">Volumen apilado</div>
<div class=""page3a2a2a1a2"">0.79m3</div>
<div class=""page3a2a2a1a3"">Dimensiones exteriores del cajón</div>
<div class=""page3a2a2a1a2"">112x114x80</div>
<div class=""page3a2a2a1a3"">Dimensiones interiores del cajón</div>
<div class=""page3a2a2a1a2"">107x109x66</div></td>
</tr>
</tbody>
</table>
</div>"
166,simple,WH-4364,"50 cm – Hartholz-Mix – Palette 2 m³ – 2,5 Ster",1,300,225,Brennholz,"Diese Scheite sind auf 50 cm gespalten, ideal für Cheminées und Kamineinsätze. Das Holz passt perfekt in grosse offene oder geschlossene Feuerstellen.","<div class=""page3a2a2"">
<table class=""page3a2a2a"">
<tbody>
<tr class=""page3a2a2a1"">
<td class=""page3a2a2a1a"">
<div class=""page3a2a2a1a1"">Übersicht</div></td>
<td class=""page3a2a2a1b"">
<div class=""page3a2a2a1a3"">Palette mit 2 m³, also 2,5 Ster Holz, auf 50–55 cm gespaltene Scheite, Hartholz-Mix (Esche, Buche und Hainbuche)</div>
<div class=""page3a2a2a1a2"">Denken Sie daran: Damit Ihr Holz gut trocknet, lagern Sie es an einem trockenen, belüfteten und vor Feuchtigkeit geschützten Ort.</div>
<div class=""page3a2a2a1a2"">Ideal ist ein Unterstand (vorne offen, seitlich und oben geschlossen): Die Luft zirkuliert gut zwischen dem Holz, und kein Regen dringt ein.</div>
<div class=""page3a2a2a1a3"">Restfeuchte</div>
<div class=""page3a2a2a1a2"">Unter 20 %</div>
<div class=""page3a2a2a1a3"">Holzart</div>
<div class=""page3a2a2a1a2"">Hartholz-Mix</div></td>
</tr>
</tbody>
</table>
</div>
<div class=""page3a2a2"">
<table class=""page3a2a2a"">
<tbody>
<tr class=""page3a2a2a1"">
<td class=""page3a2a2a1a"">
<div class=""page3a2a2a1a1"">Weitere Informationen</div></td>
<td class=""page3a2a2a1b"">
<div class=""page3a2a2a1a3"">Volumen in m³</div>
<div class=""page3a2a2a1a2"">2 m3</div>
<div class=""page3a2a2a1a3"">Volumen in Ster</div>
<div class=""page3a2a2a1a2"">2,5 Ster</div>
<div class=""page3a2a2a1a3"">Trocknungsart</div>
<div class=""page3a2a2a1a2"">Natürlich im Freien</div>
<div class=""page3a2a2a1a3"">Holztyp</div>
<div class=""page3a2a2a1a2"">Hartholz (Laubholz)</div>
<div class=""page3a2a2a1a3"">Länge</div>
<div class=""page3a2a2a1a2"">50 cm</div></td>
</tr>
</tbody>
</table>
</div>",mixed,50,rm,2.5,air,20,50 cm - Mélange de bois durs - Palette 2 m3 - 2.5 stères,"Ces bûches sont refendues en 50 cm, idéales pour les cheminées et inserts. Ce bois conviendra parfaitement dans les foyers ouverts ou fermés de grandes dimensions.","<div class=""page3a2a2"">
<table class=""page3a2a2a"">
<tbody>
<tr class=""page3a2a2a1"">
<td class=""page3a2a2a1a"">
<div class=""page3a2a2a1a1"">Présentation</div></td>
<td class=""page3a2a2a1b"">
<div class=""page3a2a2a1a3"">Palette de 2M3 soit 2.5 stères de bois, en bûches refendues en 50-55 cm, mélange de bois durs (frêne, hêtre et charme)</div>
<div class=""page3a2a2a1a2"">N'oubliez pas que pour bien faire sécher votre bois, il faut le stocker dans un endroit sec, ventilé et à l'abri de l'humidité.</div>
<div class=""page3a2a2a1a2"">L'idéal est sous abri de type préau (ouvert sur le devant et fermé sur les côtés et le dessus) l'air passe bien entre le bois et la pluie n'entre pas.</div>
<div class=""page3a2a2a1a3"">Taux D'humidité</div>
<div class=""page3a2a2a1a2"">Inférieur à 20%</div>
<div class=""page3a2a2a1a3"">Essence</div>
<div class=""page3a2a2a1a2"">Mélange de bois durs</div></td>
</tr>
</tbody>
</table>
</div>
<div class=""page3a2a2"">
<table class=""page3a2a2a"">
<tbody>
<tr class=""page3a2a2a1"">
<td class=""page3a2a2a1a"">
<div class=""page3a2a2a1a1"">Informations complémentaires</div></td>
<td class=""page3a2a2a1b"">
<div class=""page3a2a2a1a3"">Volume En M3</div>
<div class=""page3a2a2a1a2"">2 m3</div>
<div class=""page3a2a2a1a3"">Volume En Stères</div>
<div class=""page3a2a2a1a2"">2.5 stères</div>
<div class=""page3a2a2a1a3"">Technique De Séchage</div>
<div class=""page3a2a2a1a2"">Naturel en extérieur</div>
<div class=""page3a2a2a1a3"">Type De Bois</div>
<div class=""page3a2a2a1a2"">Bois dur (feuillus)</div>
<div class=""page3a2a2a1a3"">Longueur</div>
<div class=""page3a2a2a1a2"">50 cm</div></td>
</tr>
</tbody>
</table>
</div>",50 cm – hardwood mix – pallet 2 m³ – 2.5 steres,"These logs are split to 50 cm, ideal for fireplaces and inserts. This wood is perfect for large open or closed hearths.","<div class=""page3a2a2"">
<table class=""page3a2a2a"">
<tbody>
<tr class=""page3a2a2a1"">
<td class=""page3a2a2a1a"">
<div class=""page3a2a2a1a1"">Overview</div></td>
<td class=""page3a2a2a1b"">
<div class=""page3a2a2a1a3"">2 m³ pallet, i.e. 2.5 steres of wood, logs split to 50–55 cm, hardwood mix (ash, beech and hornbeam)</div>
<div class=""page3a2a2a1a2"">Remember that to dry your wood properly, you need to store it in a dry, ventilated place protected from damp.</div>
<div class=""page3a2a2a1a2"">The ideal is a lean-to shelter (open at the front, closed at the sides and top): air flows well between the logs and rain cannot get in.</div>
<div class=""page3a2a2a1a3"">Moisture content</div>
<div class=""page3a2a2a1a2"">Below 20%</div>
<div class=""page3a2a2a1a3"">Wood species</div>
<div class=""page3a2a2a1a2"">Hardwood mix</div></td>
</tr>
</tbody>
</table>
</div>
<div class=""page3a2a2"">
<table class=""page3a2a2a"">
<tbody>
<tr class=""page3a2a2a1"">
<td class=""page3a2a2a1a"">
<div class=""page3a2a2a1a1"">Additional information</div></td>
<td class=""page3a2a2a1b"">
<div class=""page3a2a2a1a3"">Volume in m³</div>
<div class=""page3a2a2a1a2"">2 m3</div>
<div class=""page3a2a2a1a3"">Volume in steres</div>
<div class=""page3a2a2a1a2"">2.5 steres</div>
<div class=""page3a2a2a1a3"">Drying method</div>
<div class=""page3a2a2a1a2"">Naturally outdoors</div>
<div class=""page3a2a2a1a3"">Type of wood</div>
<div class=""page3a2a2a1a2"">Hardwood (broadleaf)</div>
<div class=""page3a2a2a1a3"">Length</div>
<div class=""page3a2a2a1a2"">50 cm</div></td>
</tr>
</tbody>
</table>
</div>","50 cm – Mezcla de maderas duras – Palé 2 m³ – 2,5 estéreos","Estos troncos están partidos a 50 cm, ideales para chimeneas e inserts. Esta leña es perfecta para hogares abiertos o cerrados de gran tamaño.","<div class=""page3a2a2"">
<table class=""page3a2a2a"">
<tbody>
<tr class=""page3a2a2a1"">
<td class=""page3a2a2a1a"">
<div class=""page3a2a2a1a1"">Presentación</div></td>
<td class=""page3a2a2a1b"">
<div class=""page3a2a2a1a3"">Palé de 2 m³, es decir 2,5 estéreos de leña, troncos partidos a 50-55 cm, mezcla de maderas duras (fresno, haya y carpe)</div>
<div class=""page3a2a2a1a2"">Recuerde que, para que su leña se seque bien, debe almacenarla en un lugar seco, ventilado y protegido de la humedad.</div>
<div class=""page3a2a2a1a2"">Lo ideal es un cobertizo (abierto por delante y cerrado por los lados y por arriba): el aire circula bien entre la leña y la lluvia no entra.</div>
<div class=""page3a2a2a1a3"">Humedad</div>
<div class=""page3a2a2a1a2"">Inferior al 20 %</div>
<div class=""page3a2a2a1a3"">Especie</div>
<div class=""page3a2a2a1a2"">Mezcla de maderas duras</div></td>
</tr>
</tbody>
</table>
</div>
<div class=""page3a2a2"">
<table class=""page3a2a2a"">
<tbody>
<tr class=""page3a2a2a1"">
<td class=""page3a2a2a1a"">
<div class=""page3a2a2a1a1"">Información adicional</div></td>
<td class=""page3a2a2a1b"">
<div class=""page3a2a2a1a3"">Volumen en m³</div>
<div class=""page3a2a2a1a2"">2 m3</div>
<div class=""page3a2a2a1a3"">Volumen en estéreos</div>
<div class=""page3a2a2a1a2"">2,5 estéreos</div>
<div class=""page3a2a2a1a3"">Técnica de secado</div>
<div class=""page3a2a2a1a2"">Natural al aire libre</div>
<div class=""page3a2a2a1a3"">Tipo de madera</div>
<div class=""page3a2a2a1a2"">Madera dura (frondosas)</div>
<div class=""page3a2a2a1a3"">Longitud</div>
<div class=""page3a2a2a1a2"">50 cm</div></td>
</tr>
</tbody>
</table>
</div>"
172,simple,WH-4365,Nachtbriketts – Palette mit 960 kg,1,270,216,Holzbriketts,"Langbrennendes Pressholz, Hartholz-Mix (Buche, Esche und Eiche) + Miscanthus. 100 % natürlich, ohne Leim und Zusatzstoffe. Verkauft als Palette mit insgesamt 960 kg.","<div class=""page3a2a2"">
<table class=""page3a2a2a"">
<tbody>
<tr class=""page3a2a2a1"">
<td class=""page3a2a2a1a"">
<div class=""page3a2a2a1a1"">Übersicht</div></td>
<td class=""page3a2a2a1b"">
<div class=""page3a2a2a1a3"">Diese Langzeit-Briketts sind besonders praktisch zum Ende des Abbrands.</div>
<div class=""page3a2a2a1a2"">Legen Sie sie auf ein Glutbett und schliessen Sie die Luftzufuhr Ihres Ofens. Sie brennen 6 bis 8 Stunden – für Ruhe während Ihrer Abwesenheit oder in der Nacht. Sehr niedrige Restfeuchte unter 7 % und hoher Heizwert von 4,9 kWh/kg.</div>
<div class=""page3a2a2a1a2"">Mit diesen Briketts tragen Sie zur Reinigung des Kamins bei: Der Miscanthus trocknet den Russ.</div>
<div class=""page3a2a2a1a3"">Heizwert</div>
<div class=""page3a2a2a1a2"">4,9 kWh/kg</div>
<div class=""page3a2a2a1a3"">Restfeuchte</div>
<div class=""page3a2a2a1a2"">Unter 7 %</div></td>
</tr>
</tbody>
</table>
</div>
<div class=""page3a2a2"">
<table class=""page3a2a2a"">
<tbody>
<tr class=""page3a2a2a1"">
<td class=""page3a2a2a1a"">
<div class=""page3a2a2a1a1"">Weitere Informationen</div></td>
<td class=""page3a2a2a1b"">
<div class=""page3a2a2a1a3"">Aschegehalt</div>
<div class=""page3a2a2a1a2"">Unter 1,5 %</div>
<div class=""page3a2a2a1a3"">Holztyp</div>
<div class=""page3a2a2a1a2"">Hartholz und Miscanthus</div>
<div class=""page3a2a2a1a3"">Länge</div>
<div class=""page3a2a2a1a2"">28 bis 29 cm</div>
<div class=""page3a2a2a1a3"">Durchmesser</div>
<div class=""page3a2a2a1a2"">8.5 cm</div></td>
</tr>
</tbody>
</table>
</div>",,,kg,960,,,Bûches de nuit - Palette de 960 kg,"Bois densifié longue durée, mélange bois durs (hêtre, frêne et chêne) + miscanthus. 100 % naturel, sans colle, ni additifs. Vendu pour un poids total de palette faisant 960 kg.","<div class=""page3a2a2"">
<table class=""page3a2a2a"">
<tbody>
<tr class=""page3a2a2a1"">
<td class=""page3a2a2a1a"">
<div class=""page3a2a2a1a1"">Présentation</div></td>
<td class=""page3a2a2a1b"">
<div class=""page3a2a2a1a3"">Ces bûches à combustion longue durée sont très pratiques en fin de feu.</div>
<div class=""page3a2a2a1a2"">Elles sont à déposer sur un lit de braises en fermant les arrivées d'air de votre appareil. Elles durent entre 6 à 8h pour une tranquillité durant votre absence ou la nuit. Un taux d'humidité très faible inférieur à 7% et fort pouvoir calorifique à 4.9 kWh/kg.</div>
<div class=""page3a2a2a1a2"">En utilisant ces bûches, vous contribuez au nettoyage du conduit grâce au miscanthus qui sèche les suies.</div>
<div class=""page3a2a2a1a3"">Pouvoir Calorifique</div>
<div class=""page3a2a2a1a2"">4.9 kWh/kg</div>
<div class=""page3a2a2a1a3"">Taux D'humidité</div>
<div class=""page3a2a2a1a2"">Inférieur à 7%</div></td>
</tr>
</tbody>
</table>
</div>
<div class=""page3a2a2"">
<table class=""page3a2a2a"">
<tbody>
<tr class=""page3a2a2a1"">
<td class=""page3a2a2a1a"">
<div class=""page3a2a2a1a1"">Informations complémentaires</div></td>
<td class=""page3a2a2a1b"">
<div class=""page3a2a2a1a3"">Taux De Cendres</div>
<div class=""page3a2a2a1a2"">Inférieur à 1.5%</div>
<div class=""page3a2a2a1a3"">Type De Bois</div>
<div class=""page3a2a2a1a2"">Bois durs et miscanthus</div>
<div class=""page3a2a2a1a3"">Longueur</div>
<div class=""page3a2a2a1a2"">28 à 29 cm</div>
<div class=""page3a2a2a1a3"">Diamètre</div>
<div class=""page3a2a2a1a2"">8.5 cm</div></td>
</tr>
</tbody>
</table>
</div>",Night logs – 960 kg pallet,"Long-burning densified wood, hardwood mix (beech, ash and oak) + miscanthus. 100% natural, no glue or additives. Sold as a pallet with a total weight of 960 kg.","<div class=""page3a2a2"">
<table class=""page3a2a2a"">
<tbody>
<tr class=""page3a2a2a1"">
<td class=""page3a2a2a1a"">
<div class=""page3a2a2a1a1"">Overview</div></td>
<td class=""page3a2a2a1b"">
<div class=""page3a2a2a1a3"">These long-burning logs are very handy at the end of a fire.</div>
<div class=""page3a2a2a1a2"">Place them on a bed of embers and close your appliance's air inlets. They last 6 to 8 hours, giving you peace of mind while you are out or at night. Very low moisture content below 7% and a high calorific value of 4.9 kWh/kg.</div>
<div class=""page3a2a2a1a2"">Using these logs helps to clean the flue, as the miscanthus dries out the soot.</div>
<div class=""page3a2a2a1a3"">Calorific value</div>
<div class=""page3a2a2a1a2"">4.9 kWh/kg</div>
<div class=""page3a2a2a1a3"">Moisture content</div>
<div class=""page3a2a2a1a2"">Below 7%</div></td>
</tr>
</tbody>
</table>
</div>
<div class=""page3a2a2"">
<table class=""page3a2a2a"">
<tbody>
<tr class=""page3a2a2a1"">
<td class=""page3a2a2a1a"">
<div class=""page3a2a2a1a1"">Additional information</div></td>
<td class=""page3a2a2a1b"">
<div class=""page3a2a2a1a3"">Ash content</div>
<div class=""page3a2a2a1a2"">Below 1.5%</div>
<div class=""page3a2a2a1a3"">Type of wood</div>
<div class=""page3a2a2a1a2"">Hardwood and miscanthus</div>
<div class=""page3a2a2a1a3"">Length</div>
<div class=""page3a2a2a1a2"">28 to 29 cm</div>
<div class=""page3a2a2a1a3"">Diameter</div>
<div class=""page3a2a2a1a2"">8.5 cm</div></td>
</tr>
</tbody>
</table>
</div>",Troncos de noche – Palé de 960 kg,"Madera densificada de larga duración, mezcla de maderas duras (haya, fresno y roble) + miscanto. 100 % natural, sin cola ni aditivos. Se vende por palé con un peso total de 960 kg.","<div class=""page3a2a2"">
<table class=""page3a2a2a"">
<tbody>
<tr class=""page3a2a2a1"">
<td class=""page3a2a2a1a"">
<div class=""page3a2a2a1a1"">Presentación</div></td>
<td class=""page3a2a2a1b"">
<div class=""page3a2a2a1a3"">Estos troncos de combustión prolongada son muy prácticos al final del fuego.</div>
<div class=""page3a2a2a1a2"">Colóquelos sobre un lecho de brasas y cierre las entradas de aire de su aparato. Duran entre 6 y 8 horas, para su tranquilidad cuando está fuera o por la noche. Humedad muy baja, inferior al 7 %, y alto poder calorífico de 4,9 kWh/kg.</div>
<div class=""page3a2a2a1a2"">Al usar estos troncos contribuye a limpiar el conducto, ya que el miscanto seca el hollín.</div>
<div class=""page3a2a2a1a3"">Poder calorífico</div>
<div class=""page3a2a2a1a2"">4,9 kWh/kg</div>
<div class=""page3a2a2a1a3"">Humedad</div>
<div class=""page3a2a2a1a2"">Inferior al 7 %</div></td>
</tr>
</tbody>
</table>
</div>
<div class=""page3a2a2"">
<table class=""page3a2a2a"">
<tbody>
<tr class=""page3a2a2a1"">
<td class=""page3a2a2a1a"">
<div class=""page3a2a2a1a1"">Información adicional</div></td>
<td class=""page3a2a2a1b"">
<div class=""page3a2a2a1a3"">Contenido de cenizas</div>
<div class=""page3a2a2a1a2"">Inferior al 1,5 %</div>
<div class=""page3a2a2a1a3"">Tipo de madera</div>
<div class=""page3a2a2a1a2"">Maderas duras y miscanto</div>
<div class=""page3a2a2a1a3"">Longitud</div>
<div class=""page3a2a2a1a2"">De 28 a 29 cm</div>
<div class=""page3a2a2a1a3"">Diámetro</div>
<div class=""page3a2a2a1a2"">8.5 cm</div></td>
</tr>
</tbody>
</table>
</div>"
173,simple,WH-4366,Holzbriketts für Kamin und Ofen,1,270,216,Holzbriketts,"Geeignet für Holzöfen, Mehrstofföfen und offene Kamine. Heizwert ca. 4,8 kWh/kg. Brenndauer etwa 1,5 Stunden.","<div class=""page3a2a2"">
<table class=""page3a2a2a"">
<tbody>
<tr class=""page3a2a2a1"">
<td class=""page3a2a2a1a"">
<div class=""page3a2a2a1a1"">Übersicht</div></td>
<td class=""page3a2a2a1b"">
<div class=""page3a2a2a1a3"">Auf einem bereits brennenden Feuer erreichten wir eine Brenndauer von etwa 1,5 bis 2 Stunden.</div>
<div class=""page3a2a2a1a2"">Danach können sie noch eine weitere Stunde glühen – insgesamt also etwa 3 Stunden. Brenn- und Glutdauer hängen wie immer vom Ofen und seiner Bedienung ab. Die angegebene Brenndauer ist ein Durchschnittswert aus mehreren Testwochen mit verschiedenen Öfen.</div></td>
</tr>
</tbody>
</table>
</div>
<div class=""page3a2a2"">
<table class=""page3a2a2a"">
<tbody>
<tr class=""page3a2a2a1"">
<td class=""page3a2a2a1a"">
<div class=""page3a2a2a1a1"">Weitere Informationen</div></td>
<td class=""page3a2a2a1b"">
<div class=""page3a2a2a1a3"">Versandgewicht</div>
<div class=""page3a2a2a1a2"">960 kg</div>
<div class=""page3a2a2a1a3"">Brikettgrösse</div>
<div class=""page3a2a2a1a2"">ca. 300 × 75 × 75 mm</div>
<div class=""page3a2a2a1a3"">Heizwert</div>
<div class=""page3a2a2a1a2"">ca. 4,8 kWh/kg</div></td>
</tr>
</tbody>
</table>
</div>",,,,,,,Briquettes de bois de chauffage,"Convient aux poêles à bois, aux poêles multicombustibles et aux feux ouverts. Pouvoir calorifique ~4,8 kwh/kg. Durée de combustion d'environ 1,5 heure","<div class=""page3a2a2"">
<table class=""page3a2a2a"">
<tbody>
<tr class=""page3a2a2a1"">
<td class=""page3a2a2a1a"">
<div class=""page3a2a2a1a1"">Présentation</div></td>
<td class=""page3a2a2a1b"">
<div class=""page3a2a2a1a3"">Nous avons obtenu une durée de combustion d'environ 1,5 à 2 heures en les utilisant sur un feu établi.</div>
<div class=""page3a2a2a1a2"">Elles peuvent rester incandescentes pendant une heure de plus, ce qui donne une durée totale d'environ 3 heures. Comme toujours, le temps de combustion et le temps d'incandescence peuvent varier en fonction du poêle dans lequel ils sont utilisés et de la façon dont le poêle est utilisé. Cette durée de combustion est une moyenne obtenue sur un certain nombre de semaines d'essai sur différents poêles.</div></td>
</tr>
</tbody>
</table>
</div>
<div class=""page3a2a2"">
<table class=""page3a2a2a"">
<tbody>
<tr class=""page3a2a2a1"">
<td class=""page3a2a2a1a"">
<div class=""page3a2a2a1a1"">Informations complémentaires</div></td>
<td class=""page3a2a2a1b"">
<div class=""page3a2a2a1a3"">Poids d'expédition</div>
<div class=""page3a2a2a1a2"">960 kg</div>
<div class=""page3a2a2a1a3"">Taille de la briquette</div>
<div class=""page3a2a2a1a2"">~ 300mm x 75mm x 75mm</div>
<div class=""page3a2a2a1a3"">Pouvoir calorifique</div>
<div class=""page3a2a2a1a2"">~4.8 kWh/kg</div></td>
</tr>
</tbody>
</table>
</div>",Firewood briquettes,"Suitable for wood stoves, multi-fuel stoves and open fires. Calorific value ~4.8 kWh/kg. Burn time about 1.5 hours.","<div class=""page3a2a2"">
<table class=""page3a2a2a"">
<tbody>
<tr class=""page3a2a2a1"">
<td class=""page3a2a2a1a"">
<div class=""page3a2a2a1a1"">Overview</div></td>
<td class=""page3a2a2a1b"">
<div class=""page3a2a2a1a3"">We achieved a burn time of about 1.5 to 2 hours when using them on an established fire.</div>
<div class=""page3a2a2a1a2"">They can then glow for another hour, giving a total of about 3 hours. As always, burn and glow times may vary depending on the stove they are used in and how the stove is operated. This burn time is an average obtained over several weeks of testing on different stoves.</div></td>
</tr>
</tbody>
</table>
</div>
<div class=""page3a2a2"">
<table class=""page3a2a2a"">
<tbody>
<tr class=""page3a2a2a1"">
<td class=""page3a2a2a1a"">
<div class=""page3a2a2a1a1"">Additional information</div></td>
<td class=""page3a2a2a1b"">
<div class=""page3a2a2a1a3"">Shipping weight</div>
<div class=""page3a2a2a1a2"">960 kg</div>
<div class=""page3a2a2a1a3"">Briquette size</div>
<div class=""page3a2a2a1a2"">~300 × 75 × 75 mm</div>
<div class=""page3a2a2a1a3"">Calorific value</div>
<div class=""page3a2a2a1a2"">~4.8 kWh/kg</div></td>
</tr>
</tbody>
</table>
</div>",Briquetas de leña,"Aptas para estufas de leña, estufas policombustibles y fuegos abiertos. Poder calorífico ~4,8 kWh/kg. Duración de combustión de aproximadamente 1,5 horas.","<div class=""page3a2a2"">
<table class=""page3a2a2a"">
<tbody>
<tr class=""page3a2a2a1"">
<td class=""page3a2a2a1a"">
<div class=""page3a2a2a1a1"">Presentación</div></td>
<td class=""page3a2a2a1b"">
<div class=""page3a2a2a1a3"">Obtuvimos una duración de combustión de 1,5 a 2 horas aproximadamente al usarlas sobre un fuego ya encendido.</div>
<div class=""page3a2a2a1a2"">Después pueden seguir incandescentes una hora más, con una duración total de unas 3 horas. Como siempre, el tiempo de combustión y de brasa puede variar según la estufa y la forma de usarla. Esta duración es una media obtenida durante varias semanas de pruebas en diferentes estufas.</div></td>
</tr>
</tbody>
</table>
</div>
<div class=""page3a2a2"">
<table class=""page3a2a2a"">
<tbody>
<tr class=""page3a2a2a1"">
<td class=""page3a2a2a1a"">
<div class=""page3a2a2a1a1"">Información adicional</div></td>
<td class=""page3a2a2a1b"">
<div class=""page3a2a2a1a3"">Peso de envío</div>
<div class=""page3a2a2a1a2"">960 kg</div>
<div class=""page3a2a2a1a3"">Tamaño de la briqueta</div>
<div class=""page3a2a2a1a2"">~300 × 75 × 75 mm</div>
<div class=""page3a2a2a1a3"">Poder calorífico</div>
<div class=""page3a2a2a1a2"">~4,8 kWh/kg</div></td>
</tr>
</tbody>
</table>
</div>"
174,simple,WH-4367,Grosser Big Bag HotRods Ecofire,1,150,120,Holzbriketts,"Ecofire-HotRods-Holzbriketts, hergestellt mit einer Hochleistungs-Kolbenpresse. Diese Briketts sind hochwertige, sehr dichte, langlebige und sehr trockene Heizscheite – perfekt für Cheminées, offene Kamine und Mehrstofföfen.","<div class=""page3a2a2"">
<table class=""page3a2a2a"">
<tbody>
<tr class=""page3a2a2a1"">
<td class=""page3a2a2a1a"">
<div class=""page3a2a2a1a1"">Übersicht</div></td>
<td class=""page3a2a2a1b"">
<div class=""page3a2a2a1a3"">Ideal zur sofortigen Verwendung in Holzöfen, Mehrstofföfen und Cheminées.</div>
<div class=""page3a2a2a1a2"">Gewöhnliche Brennholzscheite liefern weniger Wärme, bis die gesamte Feuchtigkeit verdampft ist. Diese hervorragenden Holzbriketts erzeugen dank ihrer sehr niedrigen Restfeuchte fast sofort Wärme.</div>
<div class=""page3a2a2a1a2"">Diese Briketts, auch Heizscheite oder Öko-Scheite genannt, lassen sich leicht in jede gewünschte Grösse brechen; kleine Stücke dienen sogar als Anzündholz – es gibt also wirklich keinen Abfall. Die Umweltbelastung ist gering, da die Briketts nicht einzeln verpackt sind: Die einzige Verpackung ist die Palette (die man ebenfalls verbrennen kann) und etwas Schrumpffolie gegen Feuchtigkeit.</div>
<div class=""page3a2a2a1a2"">Lagern Sie diese Briketts trocken und überdacht, damit sie ihre hervorragenden Brenneigenschaften behalten.</div></td>
</tr>
</tbody>
</table>
</div>
<div class=""page3a2a2"">
<table class=""page3a2a2a"">
<tbody>
<tr class=""page3a2a2a1"">
<td class=""page3a2a2a1a"">
<div class=""page3a2a2a1a1"">Weitere Informationen</div></td>
<td class=""page3a2a2a1b"">
<div class=""page3a2a2a1a3"">Gewicht</div>
<div class=""page3a2a2a1a2"">Extra grosser Big Bag: ca. 500 kg.</div>
<div class=""page3a2a2a1a3"">Heizwert</div>
<div class=""page3a2a2a1a2"">ca. 4,8 kWh/kg</div>
<div class=""page3a2a2a1a2"">Bitte beachten Sie, dass sich Holzbriketts beim Abbrand etwas ausdehnen. Befüllen Sie den Feuerraum daher etwas weniger als mit anderen Brennstoffen – und staunen Sie, wie schnell sie grosse Mengen umweltfreundlicher Wärme abgeben! Die Briketts werden aus unbehandelten (nicht recycelten) Resten verschiedener Sägeprozesse hergestellt – das meiste verarbeitete Holz ist FSC-zertifiziert. Eine der saubersten und umweltfreundlichsten Alternativen zu Kohle.</div></td>
</tr>
</tbody>
</table>
</div>",,,,,,,Grand sac en vrac de HotRods Ecofire,"Briquettes de bois Ecofire HotRods, fabriquées par une presse mécanique à usage intensif. Ces briquettes sont des bûches de chaleur de haute qualité, très denses, durables et très sèches. Elles sont parfaites pour les cheminées, les feux ouverts et les poêles multicombustibles.","<div class=""page3a2a2"">
<table class=""page3a2a2a"">
<tbody>
<tr class=""page3a2a2a1"">
<td class=""page3a2a2a1a"">
<div class=""page3a2a2a1a1"">Présentation</div></td>
<td class=""page3a2a2a1b"">
<div class=""page3a2a2a1a3"">Idéales pour une utilisation immédiate sur les brûleurs à bûches, les poêles multicombustibles et les cheminées.</div>
<div class=""page3a2a2a1a2"">Les bûches de bois de chauffage ordinaires produisent moins de chaleur jusqu'à ce que toute l'humidité soit évaporée de la bûche. Avec ces superbes briquettes de bois, la chaleur est produite presque instantanément en raison de la très faible teneur en humidité.</div>
<div class=""page3a2a2a1a2"">Ces briquettes, également connues sous le nom de bûches de chaleur ou bûches écologiques, peuvent être cassées à n'importe quelle taille assez facilement, les plus petits morceaux peuvent même servir de bois d'allumage, donc il n'y a vraiment aucun gaspillage avec cet article. L'impact environnemental de cette briquette est réduit par l'absence d'emballage individuel du produit, le seul emballage étant la palette (qui peut également être brûlée) et la petite quantité de film rétractable externe pour empêcher l'infiltration d'humidité.</div>
<div class=""page3a2a2a1a2"">Ces briquettes doivent être stockées dans des conditions sèches et sous abri pour conserver leurs excellentes qualités de combustion.</div></td>
</tr>
</tbody>
</table>
</div>
<div class=""page3a2a2"">
<table class=""page3a2a2a"">
<tbody>
<tr class=""page3a2a2a1"">
<td class=""page3a2a2a1a"">
<div class=""page3a2a2a1a1"">Informations complémentaires</div></td>
<td class=""page3a2a2a1b"">
<div class=""page3a2a2a1a3"">Poids</div>
<div class=""page3a2a2a1a2"">Sac en vrac extra large : environ 500kg.</div>
<div class=""page3a2a2a1a3"">Valeur calorifique</div>
<div class=""page3a2a2a1a2"">~4.8 kWh/kg</div>
<div class=""page3a2a2a1a2"">Veuillez noter que les briquettes de bois se dilatent un peu pendant l'utilisation. Remplissez donc la grille du foyer un peu moins que vous ne le feriez avec d'autres combustibles et soyez étonné de voir le combustible s'adapter et dégager presque instantanément d'énormes quantités de chaleur écologique ! Ces briquettes sont fabriquées à partir de déchets vierges (non recyclés) provenant de divers processus de sciage - la plupart du bois traité est certifié FSC. Vous pouvez donc être certain qu'il s'agit de l'alternative au charbon la plus propre et la plus écologique qui soit.</div></td>
</tr>
</tbody>
</table>
</div>",Large bulk bag of HotRods Ecofire,"Ecofire HotRods wood briquettes, made with a heavy-duty mechanical press. These briquettes are high-quality heat logs: very dense, long-lasting and very dry. They are perfect for fireplaces, open fires and multi-fuel stoves.","<div class=""page3a2a2"">
<table class=""page3a2a2a"">
<tbody>
<tr class=""page3a2a2a1"">
<td class=""page3a2a2a1a"">
<div class=""page3a2a2a1a1"">Overview</div></td>
<td class=""page3a2a2a1b"">
<div class=""page3a2a2a1a3"">Ideal for immediate use in log burners, multi-fuel stoves and fireplaces.</div>
<div class=""page3a2a2a1a2"">Ordinary firewood logs give off less heat until all the moisture has evaporated. With these superb wood briquettes, heat is produced almost instantly thanks to their very low moisture content.</div>
<div class=""page3a2a2a1a2"">These briquettes, also known as heat logs or eco logs, can easily be broken to any size, and the smallest pieces can even be used as kindling, so there is really no waste. Their environmental impact is reduced because the product has no individual packaging: the only packaging is the pallet (which can also be burnt) and a little outer shrink wrap to keep moisture out.</div>
<div class=""page3a2a2a1a2"">These briquettes should be stored dry and under cover to keep their excellent burning qualities.</div></td>
</tr>
</tbody>
</table>
</div>
<div class=""page3a2a2"">
<table class=""page3a2a2a"">
<tbody>
<tr class=""page3a2a2a1"">
<td class=""page3a2a2a1a"">
<div class=""page3a2a2a1a1"">Additional information</div></td>
<td class=""page3a2a2a1b"">
<div class=""page3a2a2a1a3"">Weight</div>
<div class=""page3a2a2a1a2"">Extra-large bulk bag: about 500 kg.</div>
<div class=""page3a2a2a1a3"">Calorific value</div>
<div class=""page3a2a2a1a2"">~4.8 kWh/kg</div>
<div class=""page3a2a2a1a2"">Please note that wood briquettes expand a little while burning, so fill the grate slightly less than you would with other fuels and be amazed at how the fuel settles and gives off huge amounts of eco-friendly heat almost instantly! These briquettes are made from virgin (non-recycled) waste from various sawing processes – most of the wood processed is FSC certified. So you can be sure this is the cleanest, greenest alternative to coal there is.</div></td>
</tr>
</tbody>
</table>
</div>",Saco grande a granel de HotRods Ecofire,"Briquetas de madera Ecofire HotRods, fabricadas con una prensa mecánica de alto rendimiento. Estas briquetas son troncos de calor de alta calidad, muy densos, duraderos y muy secos. Perfectas para chimeneas, fuegos abiertos y estufas policombustibles.","<div class=""page3a2a2"">
<table class=""page3a2a2a"">
<tbody>
<tr class=""page3a2a2a1"">
<td class=""page3a2a2a1a"">
<div class=""page3a2a2a1a1"">Presentación</div></td>
<td class=""page3a2a2a1b"">
<div class=""page3a2a2a1a3"">Ideales para uso inmediato en estufas de leña, estufas policombustibles y chimeneas.</div>
<div class=""page3a2a2a1a2"">Los troncos de leña corrientes producen menos calor hasta que se evapora toda la humedad. Con estas magníficas briquetas, el calor se produce casi al instante gracias a su humedad muy baja.</div>
<div class=""page3a2a2a1a2"">Estas briquetas, también llamadas troncos de calor o troncos ecológicos, se pueden partir fácilmente al tamaño deseado e incluso los trozos más pequeños sirven para encender, así que no se desperdicia nada. Su impacto ambiental es menor porque no llevan embalaje individual: el único embalaje es el palé (que también se puede quemar) y un poco de film retráctil exterior para evitar la humedad.</div>
<div class=""page3a2a2a1a2"">Estas briquetas deben almacenarse en un lugar seco y cubierto para conservar sus excelentes cualidades de combustión.</div></td>
</tr>
</tbody>
</table>
</div>
<div class=""page3a2a2"">
<table class=""page3a2a2a"">
<tbody>
<tr class=""page3a2a2a1"">
<td class=""page3a2a2a1a"">
<div class=""page3a2a2a1a1"">Información adicional</div></td>
<td class=""page3a2a2a1b"">
<div class=""page3a2a2a1a3"">Peso</div>
<div class=""page3a2a2a1a2"">Saco a granel extragrande: unos 500 kg.</div>
<div class=""page3a2a2a1a3"">Valor calorífico</div>
<div class=""page3a2a2a1a2"">~4,8 kWh/kg</div>
<div class=""page3a2a2a1a2"">Tenga en cuenta que las briquetas de madera se dilatan un poco durante la combustión: llene la parrilla un poco menos que con otros combustibles y verá cómo se adaptan y desprenden casi al instante grandes cantidades de calor ecológico. Se fabrican con residuos vírgenes (no reciclados) de diversos procesos de aserrado; la mayor parte de la madera tratada tiene certificación FSC. Es una de las alternativas al carbón más limpias y ecológicas.</div></td>
</tr>
</tbody>
</table>
</div>"
175,simple,WH-4368,Holzbriketts – ganze Palette,1,280,224,Holzbriketts,"Hergestellt aus Sägewerksresten aus der Region, sind diese Briketts eine ausgezeichnete Alternative zu kammergetrockneten Scheiten. Sie bestehen aus brennbarer Biomasse wie Sägemehl, Holzspänen und Torf.","<div class=""page3a2a2"">
<table class=""page3a2a2a"">
<tbody>
<tr class=""page3a2a2a1"">
<td class=""page3a2a2a1a"">
<div class=""page3a2a2a1a1"">Übersicht</div></td>
<td class=""page3a2a2a1b"">
<div class=""page3a2a2a1a3"">Geeignet für Holzöfen, Mehrstofföfen und offene Kamine.</div>
<div class=""page3a2a2a1a2"">Erstaunlich: Briketts liefern für das gleiche Geld etwa 50 % mehr Wärme als Scheitholz – dank niedriger Restfeuchte und höherer Dichte. Ihre hervorragende Umweltbilanz macht sie beliebt, denn sie werden aus Holzresten anderer Produkte wie Möbeln oder Baumaterialien hergestellt.</div></td>
</tr>
</tbody>
</table>
</div>
<div class=""page3a2a2"">
<table class=""page3a2a2a"">
<tbody>
<tr class=""page3a2a2a1"">
<td class=""page3a2a2a1a"">
<div class=""page3a2a2a1a1"">Weitere Informationen</div></td>
<td class=""page3a2a2a1b"">
<div class=""page3a2a2a1a3"">Masse</div>
<div class=""page3a2a2a1a2"">290 × 90 mm – ca. 10 kg pro Paket</div>
<div class=""page3a2a2a1a3"">Heizwert</div>
<div class=""page3a2a2a1a2"">ca. 16,6 MJ/kg bzw. 4,6 kWh/kg</div>
<div class=""page3a2a2a1a3"">Ganze Palette</div>
<div class=""page3a2a2a1a2"">96 Pakete</div></td>
</tr>
</tbody>
</table>
</div>",,,,,,,Briquettes de bois - Palette complète,"Fabriquées à partir de résidus de scierie d'origine locale, ces briquettes sont une excellente alternative aux bûches séchées au four. Les briquettes sont une excellente alternative aux bûches séchées au four, composées de biomasse combustible telle que la sciure, les copeaux de bois et la tourbe.","<div class=""page3a2a2"">
<table class=""page3a2a2a"">
<tbody>
<tr class=""page3a2a2a1"">
<td class=""page3a2a2a1a"">
<div class=""page3a2a2a1a1"">Présentation</div></td>
<td class=""page3a2a2a1b"">
<div class=""page3a2a2a1a3"">Convient aux poêles à bois, aux poêles multicombustibles et aux feux ouverts.</div>
<div class=""page3a2a2a1a2"">Étonnamment, les briquettes fournissent environ 50 % de chaleur en plus pour chaque € dépensé que les bûches, en raison de leur faible teneur en humidité et de leur plus grande densité. Leurs excellentes références environnementales en font un choix populaire car elles sont fabriquées à partir de déchets de bois provenant d'autres produits tels que les meubles ou les matériaux de construction.</div></td>
</tr>
</tbody>
</table>
</div>
<div class=""page3a2a2"">
<table class=""page3a2a2a"">
<tbody>
<tr class=""page3a2a2a1"">
<td class=""page3a2a2a1a"">
<div class=""page3a2a2a1a1"">Informations complémentaires</div></td>
<td class=""page3a2a2a1b"">
<div class=""page3a2a2a1a3"">Dimensions</div>
<div class=""page3a2a2a1a2"">290mm x 90mm - 10kg par pack approx.</div>
<div class=""page3a2a2a1a3"">Valeur calorifique</div>
<div class=""page3a2a2a1a2"">~16.6MJ/kg ou 4.6kWh/kg</div>
<div class=""page3a2a2a1a3"">Palette complète</div>
<div class=""page3a2a2a1a2"">96 Paquets</div></td>
</tr>
</tbody>
</table>
</div>",Wood briquettes – full pallet,"Made from locally sourced sawmill residues, these briquettes are an excellent alternative to kiln-dried logs. They are made of combustible biomass such as sawdust, wood shavings and peat.","<div class=""page3a2a2"">
<table class=""page3a2a2a"">
<tbody>
<tr class=""page3a2a2a1"">
<td class=""page3a2a2a1a"">
<div class=""page3a2a2a1a1"">Overview</div></td>
<td class=""page3a2a2a1b"">
<div class=""page3a2a2a1a3"">Suitable for wood stoves, multi-fuel stoves and open fires.</div>
<div class=""page3a2a2a1a2"">Surprisingly, briquettes give about 50% more heat than logs for the same money, thanks to their low moisture content and higher density. Their excellent environmental credentials make them a popular choice, as they are made from wood waste from other products such as furniture or building materials.</div></td>
</tr>
</tbody>
</table>
</div>
<div class=""page3a2a2"">
<table class=""page3a2a2a"">
<tbody>
<tr class=""page3a2a2a1"">
<td class=""page3a2a2a1a"">
<div class=""page3a2a2a1a1"">Additional information</div></td>
<td class=""page3a2a2a1b"">
<div class=""page3a2a2a1a3"">Dimensions</div>
<div class=""page3a2a2a1a2"">290 mm × 90 mm – about 10 kg per pack</div>
<div class=""page3a2a2a1a3"">Calorific value</div>
<div class=""page3a2a2a1a2"">~16.6 MJ/kg or 4.6 kWh/kg</div>
<div class=""page3a2a2a1a3"">Full pallet</div>
<div class=""page3a2a2a1a2"">96 packs</div></td>
</tr>
</tbody>
</table>
</div>",Briquetas de madera – Palé completo,"Fabricadas con residuos de aserradero de origen local, estas briquetas son una excelente alternativa a los troncos secados en horno. Se componen de biomasa combustible como serrín, virutas de madera y turba.","<div class=""page3a2a2"">
<table class=""page3a2a2a"">
<tbody>
<tr class=""page3a2a2a1"">
<td class=""page3a2a2a1a"">
<div class=""page3a2a2a1a1"">Presentación</div></td>
<td class=""page3a2a2a1b"">
<div class=""page3a2a2a1a3"">Aptas para estufas de leña, estufas policombustibles y fuegos abiertos.</div>
<div class=""page3a2a2a1a2"">Sorprendentemente, las briquetas proporcionan alrededor de un 50 % más de calor que la leña por el mismo dinero, gracias a su baja humedad y mayor densidad. Sus excelentes credenciales ambientales las hacen muy populares, ya que se fabrican con residuos de madera de otros productos como muebles o materiales de construcción.</div></td>
</tr>
</tbody>
</table>
</div>
<div class=""page3a2a2"">
<table class=""page3a2a2a"">
<tbody>
<tr class=""page3a2a2a1"">
<td class=""page3a2a2a1a"">
<div class=""page3a2a2a1a1"">Información adicional</div></td>
<td class=""page3a2a2a1b"">
<div class=""page3a2a2a1a3"">Dimensiones</div>
<div class=""page3a2a2a1a2"">290 × 90 mm – unos 10 kg por paquete</div>
<div class=""page3a2a2a1a3"">Valor calorífico</div>
<div class=""page3a2a2a1a2"">~16,6 MJ/kg o 4,6 kWh/kg</div>
<div class=""page3a2a2a1a3"">Palé completo</div>
<div class=""page3a2a2a1a2"">96 paquetes</div></td>
</tr>
</tbody>
</table>
</div>"
176,simple,WH-4369,Laubholz-Briketts – Palette mit 1 Tonne,1,280,224,Holzbriketts,"Pressholz aus 100 % Laubholz (Buche, Hainbuche, Eiche und Pappel). 100 % natürlich, ohne Leim und Zusatzstoffe, 100 % europäisch. Verkauft als Palette mit 117 Paketen à 5 Briketts.","<div class=""page3a2a2"">
<table class=""page3a2a2a"">
<tbody>
<tr class=""page3a2a2a1"">
<td class=""page3a2a2a1a"">
<div class=""page3a2a2a1a1"">Übersicht</div></td>
<td class=""page3a2a2a1b"">
<div class=""page3a2a2a1a3"">Unser Pressholz ist 100 % natürlich und besteht zu 100 % aus Laubholz.</div>
<div class=""page3a2a2a1a2"">Ideal für alle Holzheizungen: Cheminées, Öfen und Kamineinsätze. Eine Palette Pressholz entspricht 4 Ster ultratrockenem Holz. Ein Pressholz-Brikett ersetzt beim Abbrand 4 herkömmliche Scheite. Ein Brikett brennt rund 1 Stunde.</div>
<div class=""page3a2a2a1a2"">Sie können problemlos herkömmliche trockene Scheite mit Ihrem Pressholz mischen. Denken Sie daran: Pressholz verträgt keine Feuchtigkeit – sorgen Sie für einen trockenen, temperierten Lagerort. Da Pressholz sauber und staubfrei ist, kann es auch direkt neben dem Ofen stehen.</div></td>
</tr>
</tbody>
</table>
</div>
<div class=""page3a2a2"">
<table class=""page3a2a2a"">
<tbody>
<tr class=""page3a2a2a1"">
<td class=""page3a2a2a1a"">
<div class=""page3a2a2a1a1"">Weitere Informationen</div></td>
<td class=""page3a2a2a1b"">
<div class=""page3a2a2a1a3"">Heizwert</div>
<div class=""page3a2a2a1a2"">Über 4,5 kWh/kg</div>
<div class=""page3a2a2a1a3"">Gewicht</div>
<div class=""page3a2a2a1a2"">ca. 8,55 kg pro Paket</div>
<div class=""page3a2a2a1a3"">Holzart</div>
<div class=""page3a2a2a1a2"">Laubholz (Eiche, Hainbuche, Buche, Pappel)</div>
<div class=""page3a2a2a1a3"">Länge</div>
<div class=""page3a2a2a1a2"">ca. 30 cm</div>
<div class=""page3a2a2a1a3"">Durchmesser</div>
<div class=""page3a2a2a1a2"">ca. 8 cm</div></td>
</tr>
</tbody>
</table>
</div>",,,kg,1000,,,Feuillus - Palette de 1 tonne,"Bois densifié, 100 % feuillus (hêtre, charme, chêne et peuplier). 100 % naturel, sans colle, ni additifs et 100 % Européen. Vendu par palette de 117 packs de 5 bûchettes.","<div class=""page3a2a2"">
<table class=""page3a2a2a"">
<tbody>
<tr class=""page3a2a2a1"">
<td class=""page3a2a2a1a"">
<div class=""page3a2a2a1a1"">Présentation</div></td>
<td class=""page3a2a2a1b"">
<div class=""page3a2a2a1a3"">Le bois densifié que nous vous proposons, est 100 % naturel et 100 % feuillus.</div>
<div class=""page3a2a2a1a2"">Idéal pour être utiliser dans tous les systèmes de chauffage à bois : cheminées, poêles et inserts. Une palette de bois densifié correspond à 4 stères de bois ultra sec. Un bûchette de bois densifié vaut 4 bûches de bois traditionnel en terme de combustion. Une bûche se consume en +/- 1h.</div>
<div class=""page3a2a2a1a2"">Vous pouvez mélanger sans problème des bûches de bois sèches traditionnelles à votre bois densifié. N'oubliez pas que le bois densifié déteste l'humidité, il faut prévoir un abri sec et tempéré. Le bois densifié étant propre et sans poussières, vous pouvez également lui trouver une place à côté de votre poêle.</div></td>
</tr>
</tbody>
</table>
</div>
<div class=""page3a2a2"">
<table class=""page3a2a2a"">
<tbody>
<tr class=""page3a2a2a1"">
<td class=""page3a2a2a1a"">
<div class=""page3a2a2a1a1"">Informations complémentaires</div></td>
<td class=""page3a2a2a1b"">
<div class=""page3a2a2a1a3"">Pouvoir Calorifique</div>
<div class=""page3a2a2a1a2"">Supérieur à 4,5 kWh/kg</div>
<div class=""page3a2a2a1a3"">Poids</div>
<div class=""page3a2a2a1a2"">8,55 kg par lot environ</div>
<div class=""page3a2a2a1a3"">Essence</div>
<div class=""page3a2a2a1a2"">Feuillus (chêne, charme, hêtre, peuplier)</div>
<div class=""page3a2a2a1a3"">Longueur</div>
<div class=""page3a2a2a1a2"">30 cm environ</div>
<div class=""page3a2a2a1a3"">Diamètre</div>
<div class=""page3a2a2a1a2"">8 cm environ</div></td>
</tr>
</tbody>
</table>
</div>",Hardwood briquettes – 1-tonne pallet,"Densified wood, 100% hardwood (beech, hornbeam, oak and poplar). 100% natural, no glue or additives, and 100% European. Sold by the pallet of 117 packs of 5 logs.","<div class=""page3a2a2"">
<table class=""page3a2a2a"">
<tbody>
<tr class=""page3a2a2a1"">
<td class=""page3a2a2a1a"">
<div class=""page3a2a2a1a1"">Overview</div></td>
<td class=""page3a2a2a1b"">
<div class=""page3a2a2a1a3"">The densified wood we offer is 100% natural and 100% hardwood.</div>
<div class=""page3a2a2a1a2"">Ideal for all wood heating systems: fireplaces, stoves and inserts. One pallet of densified wood equals 4 steres of ultra-dry wood. One densified log is worth 4 traditional logs in terms of burning. One log burns for about 1 hour.</div>
<div class=""page3a2a2a1a2"">You can mix traditional dry logs with your densified wood without any problem. Remember that densified wood hates damp, so plan a dry, temperate shelter. As densified wood is clean and dust-free, you can also keep it next to your stove.</div></td>
</tr>
</tbody>
</table>
</div>
<div class=""page3a2a2"">
<table class=""page3a2a2a"">
<tbody>
<tr class=""page3a2a2a1"">
<td class=""page3a2a2a1a"">
<div class=""page3a2a2a1a1"">Additional information</div></td>
<td class=""page3a2a2a1b"">
<div class=""page3a2a2a1a3"">Calorific value</div>
<div class=""page3a2a2a1a2"">Over 4.5 kWh/kg</div>
<div class=""page3a2a2a1a3"">Weight</div>
<div class=""page3a2a2a1a2"">About 8.55 kg per pack</div>
<div class=""page3a2a2a1a3"">Wood species</div>
<div class=""page3a2a2a1a2"">Hardwood (oak, hornbeam, beech, poplar)</div>
<div class=""page3a2a2a1a3"">Length</div>
<div class=""page3a2a2a1a2"">About 30 cm</div>
<div class=""page3a2a2a1a3"">Diameter</div>
<div class=""page3a2a2a1a2"">About 8 cm</div></td>
</tr>
</tbody>
</table>
</div>",Frondosas – Palé de 1 tonelada,"Madera densificada 100 % frondosas (haya, carpe, roble y álamo). 100 % natural, sin cola ni aditivos y 100 % europea. Se vende por palés de 117 paquetes de 5 troncos.","<div class=""page3a2a2"">
<table class=""page3a2a2a"">
<tbody>
<tr class=""page3a2a2a1"">
<td class=""page3a2a2a1a"">
<div class=""page3a2a2a1a1"">Presentación</div></td>
<td class=""page3a2a2a1b"">
<div class=""page3a2a2a1a3"">La madera densificada que le ofrecemos es 100 % natural y 100 % frondosas.</div>
<div class=""page3a2a2a1a2"">Ideal para todos los sistemas de calefacción de leña: chimeneas, estufas e inserts. Un palé de madera densificada equivale a 4 estéreos de leña ultraseca. Un tronco de madera densificada equivale a 4 troncos tradicionales en combustión. Un tronco arde aproximadamente 1 hora.</div>
<div class=""page3a2a2a1a2"">Puede mezclar sin problema troncos secos tradicionales con su madera densificada. Recuerde que la madera densificada no soporta la humedad: prevea un lugar seco y templado. Como es limpia y no hace polvo, también puede guardarla junto a su estufa.</div></td>
</tr>
</tbody>
</table>
</div>
<div class=""page3a2a2"">
<table class=""page3a2a2a"">
<tbody>
<tr class=""page3a2a2a1"">
<td class=""page3a2a2a1a"">
<div class=""page3a2a2a1a1"">Información adicional</div></td>
<td class=""page3a2a2a1b"">
<div class=""page3a2a2a1a3"">Poder calorífico</div>
<div class=""page3a2a2a1a2"">Superior a 4,5 kWh/kg</div>
<div class=""page3a2a2a1a3"">Peso</div>
<div class=""page3a2a2a1a2"">Unos 8,55 kg por lote</div>
<div class=""page3a2a2a1a3"">Especie</div>
<div class=""page3a2a2a1a2"">Frondosas (roble, carpe, haya, álamo)</div>
<div class=""page3a2a2a1a3"">Longitud</div>
<div class=""page3a2a2a1a2"">Unos 30 cm</div>
<div class=""page3a2a2a1a3"">Diámetro</div>
<div class=""page3a2a2a1a2"">Unos 8 cm</div></td>
</tr>
</tbody>
</table>
</div>"
181,simple,WH-4370,Extra grosser Big Bag HotRods Ecofire,1,250,200,Holzbriketts,"Ecofire-HotRods-Holzbriketts, hergestellt mit einer Hochleistungs-Kolbenpresse. Diese Briketts sind hochwertige, sehr dichte, langlebige und sehr trockene Heizscheite – perfekt für Cheminées, offene Kamine und Mehrstofföfen.","<div class=""page3a2a2"">
<table class=""page3a2a2a"">
<tbody>
<tr class=""page3a2a2a1"">
<td class=""page3a2a2a1a"">
<div class=""page3a2a2a1a1"">Übersicht</div></td>
<td class=""page3a2a2a1b"">
<div class=""page3a2a2a1a3"">Ideal zur sofortigen Verwendung in Holzöfen, Mehrstofföfen und Cheminées.</div>
<div class=""page3a2a2a1a2"">Gewöhnliche Brennholzscheite liefern weniger Wärme, bis die gesamte Feuchtigkeit verdampft ist. Diese hervorragenden Holzbriketts erzeugen dank ihrer sehr niedrigen Restfeuchte fast sofort Wärme.</div>
<div class=""page3a2a2a1a2"">Diese Briketts, auch Heizscheite oder Öko-Scheite genannt, lassen sich leicht in jede gewünschte Grösse brechen; kleine Stücke dienen sogar als Anzündholz – es gibt also wirklich keinen Abfall. Die Umweltbelastung ist gering, da die Briketts nicht einzeln verpackt sind: Die einzige Verpackung ist die Palette (die man ebenfalls verbrennen kann) und etwas Schrumpffolie gegen Feuchtigkeit.</div>
<div class=""page3a2a2a1a2"">Lagern Sie diese Briketts trocken und überdacht, damit sie ihre hervorragenden Brenneigenschaften behalten.</div></td>
</tr>
</tbody>
</table>
</div>
<div class=""page3a2a2"">
<table class=""page3a2a2a"">
<tbody>
<tr class=""page3a2a2a1"">
<td class=""page3a2a2a1a"">
<div class=""page3a2a2a1a1"">Weitere Informationen</div></td>
<td class=""page3a2a2a1b"">
<div class=""page3a2a2a1a3"">Gewicht</div>
<div class=""page3a2a2a1a2"">Extra grosser Big Bag: ca. 900 kg.</div>
<div class=""page3a2a2a1a3"">Heizwert</div>
<div class=""page3a2a2a1a2"">ca. 4,8 kWh/kg</div>
<div class=""page3a2a2a1a2"">Bitte beachten Sie, dass sich Holzbriketts beim Abbrand etwas ausdehnen. Befüllen Sie den Feuerraum daher etwas weniger als mit anderen Brennstoffen – und staunen Sie, wie schnell sie grosse Mengen umweltfreundlicher Wärme abgeben! Die Briketts werden aus unbehandelten (nicht recycelten) Resten verschiedener Sägeprozesse hergestellt – das meiste verarbeitete Holz ist FSC-zertifiziert. Eine der saubersten und umweltfreundlichsten Alternativen zu Kohle.</div></td>
</tr>
</tbody>
</table>
</div>",,,,,,,Sac en vrac extra large de HotRods Ecofire,"Briquettes de bois Ecofire HotRods, fabriquées par une presse mécanique à usage intensif. Ces briquettes sont des bûches de chaleur de haute qualité, très denses, durables et très sèches. Elles sont parfaites pour les cheminées, les feux ouverts et les poêles multicombustibles.","<div class=""page3a2a2"">
<table class=""page3a2a2a"">
<tbody>
<tr class=""page3a2a2a1"">
<td class=""page3a2a2a1a"">
<div class=""page3a2a2a1a1"">Présentation</div></td>
<td class=""page3a2a2a1b"">
<div class=""page3a2a2a1a3"">Idéales pour une utilisation immédiate sur les brûleurs à bûches, les poêles multicombustibles et les cheminées.</div>
<div class=""page3a2a2a1a2"">Les bûches de bois de chauffage ordinaires produisent moins de chaleur jusqu'à ce que toute l'humidité soit évaporée de la bûche. Avec ces superbes briquettes de bois, la chaleur est produite presque instantanément en raison de la très faible teneur en humidité.</div>
<div class=""page3a2a2a1a2"">Ces briquettes, également connues sous le nom de bûches de chaleur ou bûches écologiques, peuvent être cassées à n'importe quelle taille assez facilement, les plus petits morceaux peuvent même servir de bois d'allumage, donc il n'y a vraiment aucun gaspillage avec cet article. L'impact environnemental de cette briquette est réduit par l'absence d'emballage individuel du produit, le seul emballage étant la palette (qui peut également être brûlée) et la petite quantité de film rétractable externe pour empêcher l'infiltration d'humidité.</div>
<div class=""page3a2a2a1a2"">Ces briquettes doivent être stockées dans des conditions sèches et sous abri pour conserver leurs excellentes qualités de combustion.</div></td>
</tr>
</tbody>
</table>
</div>
<div class=""page3a2a2"">
<table class=""page3a2a2a"">
<tbody>
<tr class=""page3a2a2a1"">
<td class=""page3a2a2a1a"">
<div class=""page3a2a2a1a1"">Informations complémentaires</div></td>
<td class=""page3a2a2a1b"">
<div class=""page3a2a2a1a3"">Poids</div>
<div class=""page3a2a2a1a2"">Sac en vrac extra large : environ 900 kg.</div>
<div class=""page3a2a2a1a3"">Valeur calorifique</div>
<div class=""page3a2a2a1a2"">~4.8 kWh/kg</div>
<div class=""page3a2a2a1a2"">Veuillez noter que les briquettes de bois se dilatent un peu pendant l'utilisation. Remplissez donc la grille du foyer un peu moins que vous ne le feriez avec d'autres combustibles et soyez étonné de voir le combustible s'adapter et dégager presque instantanément d'énormes quantités de chaleur écologique ! Ces briquettes sont fabriquées à partir de déchets vierges (non recyclés) provenant de divers processus de sciage - la plupart du bois traité est certifié FSC. Vous pouvez donc être certain qu'il s'agit de l'alternative au charbon la plus propre et la plus écologique qui soit.</div></td>
</tr>
</tbody>
</table>
</div>",Extra-large bulk bag of HotRods Ecofire,"Ecofire HotRods wood briquettes, made with a heavy-duty mechanical press. These briquettes are high-quality heat logs: very dense, long-lasting and very dry. They are perfect for fireplaces, open fires and multi-fuel stoves.","<div class=""page3a2a2"">
<table class=""page3a2a2a"">
<tbody>
<tr class=""page3a2a2a1"">
<td class=""page3a2a2a1a"">
<div class=""page3a2a2a1a1"">Overview</div></td>
<td class=""page3a2a2a1b"">
<div class=""page3a2a2a1a3"">Ideal for immediate use in log burners, multi-fuel stoves and fireplaces.</div>
<div class=""page3a2a2a1a2"">Ordinary firewood logs give off less heat until all the moisture has evaporated. With these superb wood briquettes, heat is produced almost instantly thanks to their very low moisture content.</div>
<div class=""page3a2a2a1a2"">These briquettes, also known as heat logs or eco logs, can easily be broken to any size, and the smallest pieces can even be used as kindling, so there is really no waste. Their environmental impact is reduced because the product has no individual packaging: the only packaging is the pallet (which can also be burnt) and a little outer shrink wrap to keep moisture out.</div>
<div class=""page3a2a2a1a2"">These briquettes should be stored dry and under cover to keep their excellent burning qualities.</div></td>
</tr>
</tbody>
</table>
</div>
<div class=""page3a2a2"">
<table class=""page3a2a2a"">
<tbody>
<tr class=""page3a2a2a1"">
<td class=""page3a2a2a1a"">
<div class=""page3a2a2a1a1"">Additional information</div></td>
<td class=""page3a2a2a1b"">
<div class=""page3a2a2a1a3"">Weight</div>
<div class=""page3a2a2a1a2"">Extra-large bulk bag: about 900 kg.</div>
<div class=""page3a2a2a1a3"">Calorific value</div>
<div class=""page3a2a2a1a2"">~4.8 kWh/kg</div>
<div class=""page3a2a2a1a2"">Please note that wood briquettes expand a little while burning, so fill the grate slightly less than you would with other fuels and be amazed at how the fuel settles and gives off huge amounts of eco-friendly heat almost instantly! These briquettes are made from virgin (non-recycled) waste from various sawing processes – most of the wood processed is FSC certified. So you can be sure this is the cleanest, greenest alternative to coal there is.</div></td>
</tr>
</tbody>
</table>
</div>",Saco a granel extragrande de HotRods Ecofire,"Briquetas de madera Ecofire HotRods, fabricadas con una prensa mecánica de alto rendimiento. Estas briquetas son troncos de calor de alta calidad, muy densos, duraderos y muy secos. Perfectas para chimeneas, fuegos abiertos y estufas policombustibles.","<div class=""page3a2a2"">
<table class=""page3a2a2a"">
<tbody>
<tr class=""page3a2a2a1"">
<td class=""page3a2a2a1a"">
<div class=""page3a2a2a1a1"">Presentación</div></td>
<td class=""page3a2a2a1b"">
<div class=""page3a2a2a1a3"">Ideales para uso inmediato en estufas de leña, estufas policombustibles y chimeneas.</div>
<div class=""page3a2a2a1a2"">Los troncos de leña corrientes producen menos calor hasta que se evapora toda la humedad. Con estas magníficas briquetas, el calor se produce casi al instante gracias a su humedad muy baja.</div>
<div class=""page3a2a2a1a2"">Estas briquetas, también llamadas troncos de calor o troncos ecológicos, se pueden partir fácilmente al tamaño deseado e incluso los trozos más pequeños sirven para encender, así que no se desperdicia nada. Su impacto ambiental es menor porque no llevan embalaje individual: el único embalaje es el palé (que también se puede quemar) y un poco de film retráctil exterior para evitar la humedad.</div>
<div class=""page3a2a2a1a2"">Estas briquetas deben almacenarse en un lugar seco y cubierto para conservar sus excelentes cualidades de combustión.</div></td>
</tr>
</tbody>
</table>
</div>
<div class=""page3a2a2"">
<table class=""page3a2a2a"">
<tbody>
<tr class=""page3a2a2a1"">
<td class=""page3a2a2a1a"">
<div class=""page3a2a2a1a1"">Información adicional</div></td>
<td class=""page3a2a2a1b"">
<div class=""page3a2a2a1a3"">Peso</div>
<div class=""page3a2a2a1a2"">Saco a granel extragrande: unos 900 kg.</div>
<div class=""page3a2a2a1a3"">Valor calorífico</div>
<div class=""page3a2a2a1a2"">~4,8 kWh/kg</div>
<div class=""page3a2a2a1a2"">Tenga en cuenta que las briquetas de madera se dilatan un poco durante la combustión: llene la parrilla un poco menos que con otros combustibles y verá cómo se adaptan y desprenden casi al instante grandes cantidades de calor ecológico. Se fabrican con residuos vírgenes (no reciclados) de diversos procesos de aserrado; la mayor parte de la madera tratada tiene certificación FSC. Es una de las alternativas al carbón más limpias y ecológicas.</div></td>
</tr>
</tbody>
</table>
</div>"
182,simple,WH-4371,Nachtbriketts – ½ Palette mit 480 kg,1,160,128,Holzbriketts,"Langbrennendes Pressholz, Hartholz-Mix (Buche, Esche und Eiche) + Miscanthus. 100 % natürlich, ohne Leim und Zusatzstoffe. Verkauft als Palette mit insgesamt 480 kg.","<div class=""page3a2a2"">
<table class=""page3a2a2a"">
<tbody>
<tr class=""page3a2a2a1"">
<td class=""page3a2a2a1a"">
<div class=""page3a2a2a1a1"">Übersicht</div></td>
<td class=""page3a2a2a1b"">
<div class=""page3a2a2a1a3"">Praktisches Pressholz im kleinen Format – für alle mit wenig Lagerplatz oder geringem Verbrauch.</div>
<div class=""page3a2a2a1a2"">Diese Langzeit-Briketts sind besonders praktisch zum Ende des Abbrands: Legen Sie sie auf ein Glutbett und schliessen Sie die Luftzufuhr Ihres Ofens. Sie brennen 6 bis 8 Stunden – für Ruhe während Ihrer Abwesenheit oder in der Nacht. Sehr niedrige Restfeuchte unter 7 % und hoher Heizwert von 4,9 kWh/kg.</div>
<div class=""page3a2a2a1a2"">Dank Miscanthus wird der Kamin gereinigt, denn er trocknet den Russ. Pressholz muss unbedingt vor Feuchtigkeit geschützt an einem trockenen, geschlossenen Ort gelagert werden.</div></td>
</tr>
</tbody>
</table>
</div>
<div class=""page3a2a2"">
<table class=""page3a2a2a"">
<tbody>
<tr class=""page3a2a2a1"">
<td class=""page3a2a2a1a"">
<div class=""page3a2a2a1a1"">Weitere Informationen</div></td>
<td class=""page3a2a2a1b"">
<div class=""page3a2a2a1a3"">Heizwert</div>
<div class=""page3a2a2a1a2"">4,9 kWh/kg</div>
<div class=""page3a2a2a1a3"">Restfeuchte</div>
<div class=""page3a2a2a1a2"">Unter 7 %</div>
<div class=""page3a2a2a1a3"">Gewicht</div>
<div class=""page3a2a2a1a2"">480 kg</div></td>
</tr>
</tbody>
</table>
</div>",,,kg,480,,,Bûches de nuit - 1/2 palette de 480 kg,"Bois densifié longue durée, mélange bois durs (hêtre, frêne et chêne) + miscanthus. 100 % naturel, sans colle, ni additifs. Vendu pour un poids total de palette faisant 480 kg.","<div class=""page3a2a2"">
<table class=""page3a2a2a"">
<tbody>
<tr class=""page3a2a2a1"">
<td class=""page3a2a2a1a"">
<div class=""page3a2a2a1a1"">Présentation</div></td>
<td class=""page3a2a2a1b"">
<div class=""page3a2a2a1a3"">Le bois densifié bien pratique en petit format pour les personnes n'ayant pas beaucoup de place de stockage ou une faible consommation.</div>
<div class=""page3a2a2a1a2"">Ces bûches à combustion longue durée sont très pratiques en fin de feu, elles sont à déposer sur un lit de braises en fermant les arrivées d'air de votre appareil. Elles durent entre 6 à 8h pour une tranquillité durant votre absence ou la nuit. Un taux d'humidité très faible inférieur à 7% et fort pouvoir calorifique à 4.9 kWh/kg.</div>
<div class=""page3a2a2a1a2"">Grâce au miscanthus, le conduit sera nettoyé car il sèche les suies. Le bois densifié doit être impérativement stocké à l'abri de l'humidité, dans un endroit sec et fermé.</div></td>
</tr>
</tbody>
</table>
</div>
<div class=""page3a2a2"">
<table class=""page3a2a2a"">
<tbody>
<tr class=""page3a2a2a1"">
<td class=""page3a2a2a1a"">
<div class=""page3a2a2a1a1"">Informations complémentaires</div></td>
<td class=""page3a2a2a1b"">
<div class=""page3a2a2a1a3"">Pouvoir Calorifique</div>
<div class=""page3a2a2a1a2"">4.9 kWh/kg</div>
<div class=""page3a2a2a1a3"">Taux D'humidité</div>
<div class=""page3a2a2a1a2"">Inférieur à 7%</div>
<div class=""page3a2a2a1a3"">Poids</div>
<div class=""page3a2a2a1a2"">480 kg</div></td>
</tr>
</tbody>
</table>
</div>",Night logs – ½ pallet of 480 kg,"Long-burning densified wood, hardwood mix (beech, ash and oak) + miscanthus. 100% natural, no glue or additives. Sold as a pallet with a total weight of 480 kg.","<div class=""page3a2a2"">
<table class=""page3a2a2a"">
<tbody>
<tr class=""page3a2a2a1"">
<td class=""page3a2a2a1a"">
<div class=""page3a2a2a1a1"">Overview</div></td>
<td class=""page3a2a2a1b"">
<div class=""page3a2a2a1a3"">Handy densified wood in a small format for people with little storage space or low consumption.</div>
<div class=""page3a2a2a1a2"">These long-burning logs are very handy at the end of a fire: place them on a bed of embers and close your appliance's air inlets. They last 6 to 8 hours, giving you peace of mind while you are out or at night. Very low moisture content below 7% and a high calorific value of 4.9 kWh/kg.</div>
<div class=""page3a2a2a1a2"">Thanks to the miscanthus, the flue is cleaned because it dries out the soot. Densified wood must always be stored away from damp, in a dry, closed place.</div></td>
</tr>
</tbody>
</table>
</div>
<div class=""page3a2a2"">
<table class=""page3a2a2a"">
<tbody>
<tr class=""page3a2a2a1"">
<td class=""page3a2a2a1a"">
<div class=""page3a2a2a1a1"">Additional information</div></td>
<td class=""page3a2a2a1b"">
<div class=""page3a2a2a1a3"">Calorific value</div>
<div class=""page3a2a2a1a2"">4.9 kWh/kg</div>
<div class=""page3a2a2a1a3"">Moisture content</div>
<div class=""page3a2a2a1a2"">Below 7%</div>
<div class=""page3a2a2a1a3"">Weight</div>
<div class=""page3a2a2a1a2"">480 kg</div></td>
</tr>
</tbody>
</table>
</div>",Troncos de noche – ½ palé de 480 kg,"Madera densificada de larga duración, mezcla de maderas duras (haya, fresno y roble) + miscanto. 100 % natural, sin cola ni aditivos. Se vende por palé con un peso total de 480 kg.","<div class=""page3a2a2"">
<table class=""page3a2a2a"">
<tbody>
<tr class=""page3a2a2a1"">
<td class=""page3a2a2a1a"">
<div class=""page3a2a2a1a1"">Presentación</div></td>
<td class=""page3a2a2a1b"">
<div class=""page3a2a2a1a3"">Madera densificada práctica en formato pequeño para quienes tienen poco espacio de almacenamiento o un consumo bajo.</div>
<div class=""page3a2a2a1a2"">Estos troncos de combustión prolongada son muy prácticos al final del fuego: colóquelos sobre un lecho de brasas y cierre las entradas de aire de su aparato. Duran entre 6 y 8 horas, para su tranquilidad cuando está fuera o por la noche. Humedad muy baja, inferior al 7 %, y alto poder calorífico de 4,9 kWh/kg.</div>
<div class=""page3a2a2a1a2"">Gracias al miscanto, el conducto se limpia porque seca el hollín. La madera densificada debe almacenarse siempre protegida de la humedad, en un lugar seco y cerrado.</div></td>
</tr>
</tbody>
</table>
</div>
<div class=""page3a2a2"">
<table class=""page3a2a2a"">
<tbody>
<tr class=""page3a2a2a1"">
<td class=""page3a2a2a1a"">
<div class=""page3a2a2a1a1"">Información adicional</div></td>
<td class=""page3a2a2a1b"">
<div class=""page3a2a2a1a3"">Poder calorífico</div>
<div class=""page3a2a2a1a2"">4,9 kWh/kg</div>
<div class=""page3a2a2a1a3"">Humedad</div>
<div class=""page3a2a2a1a2"">Inferior al 7 %</div>
<div class=""page3a2a2a1a3"">Peso</div>
<div class=""page3a2a2a1a2"">480 kg</div></td>
</tr>
</tbody>
</table>
</div>"
183,simple,WH-4380,Buche – Palette mit 960 kg,1,270,216,Holzbriketts,Hochwertiges Pressholz aus Buchen-Schleifstaub. Ohne Leim und Zusatzstoffe.,"<div class=""page3a2a2"">
<table class=""page3a2a2a"">
<tbody>
<tr class=""page3a2a2a1"">
<td class=""page3a2a2a1a"">
<div class=""page3a2a2a1a1"">Übersicht</div></td>
<td class=""page3a2a2a1b"">
<div class=""page3a2a2a1a3"">Dieses Pressholz hat dank seiner Zusammensetzung aus 100 % Buche einen hohen Heizwert.</div>
<div class=""page3a2a2a1a2"">Dank seiner hohen Dichte brennt es deutlich länger als Brennholz.</div>
<div class=""page3a2a2a1a2"">Es erzeugt wenig Asche und verringert die Russbildung dank der geringen Restfeuchte (ca. 8 %). Die Flammen sind schön und lebhaft.</div>
<div class=""page3a2a2a1a3"">Heizwert</div>
<div class=""page3a2a2a1a2"">Über 5 kWh/kg</div>
<div class=""page3a2a2a1a3"">Gewicht</div>
<div class=""page3a2a2a1a2"">ca. 10 kg pro Paket</div></td>
</tr>
</tbody>
</table>
</div>
<div class=""page3a2a2"">
<table class=""page3a2a2a"">
<tbody>
<tr class=""page3a2a2a1"">
<td class=""page3a2a2a1a"">
<div class=""page3a2a2a1a1"">Weitere Informationen</div></td>
<td class=""page3a2a2a1b"">
<div class=""page3a2a2a1a3"">Holzart</div>
<div class=""page3a2a2a1a2"">100 % Buche</div>
<div class=""page3a2a2a1a3"">Länge</div>
<div class=""page3a2a2a1a2"">ca. 30 cm</div>
<div class=""page3a2a2a1a3"">Durchmesser</div>
<div class=""page3a2a2a1a2"">ca. 10 cm</div>
<div class=""page3a2a2a1a3"">Restfeuchte</div>
<div class=""page3a2a2a1a2"">Unter 8 %</div>
<div class=""page3a2a2a1a3"">Aschegehalt</div>
<div class=""page3a2a2a1a2"">Unter 1 %</div>
<div class=""page3a2a2a1a3"">Menge</div>
<div class=""page3a2a2a1a2"">96 Pakete à 4 Briketts</div></td>
</tr>
</tbody>
</table>
</div>",,,kg,960,,,Hêtre - Palette de 960 kg,Bois densifié de haute qualité fabriqué à partir de sciures de ponçage de hêtre. Sans colle ni additif,"<div class=""page3a2a2"">
<table class=""page3a2a2a"">
<tbody>
<tr class=""page3a2a2a1"">
<td class=""page3a2a2a1a"">
<div class=""page3a2a2a1a1"">Présentation</div></td>
<td class=""page3a2a2a1b"">
<div class=""page3a2a2a1a3"">Ce bois densifié dispose d'un fort pouvoir calorifique supérieur grâce à sa composition 100% hêtre.</div>
<div class=""page3a2a2a1a2"">Grâce à sa forte densité, son temps de combustion beaucoup plus long que le bois de chauffage.</div>
<div class=""page3a2a2a1a2"">Il produit peu de cendres et permet de diminuer la formation de suie en raison de la faible humidité du bois (environ 8 %). Les flammes sont belles et vives.</div>
<div class=""page3a2a2a1a3"">Pouvoir Calorifique</div>
<div class=""page3a2a2a1a2"">Supérieur à 5 kWh/kg</div>
<div class=""page3a2a2a1a3"">Poids</div>
<div class=""page3a2a2a1a2"">10 kg par lot environ</div></td>
</tr>
</tbody>
</table>
</div>
<div class=""page3a2a2"">
<table class=""page3a2a2a"">
<tbody>
<tr class=""page3a2a2a1"">
<td class=""page3a2a2a1a"">
<div class=""page3a2a2a1a1"">Informations complémentaires</div></td>
<td class=""page3a2a2a1b"">
<div class=""page3a2a2a1a3"">Essence</div>
<div class=""page3a2a2a1a2"">100% hêtre</div>
<div class=""page3a2a2a1a3"">Longueur</div>
<div class=""page3a2a2a1a2"">30 cm environ</div>
<div class=""page3a2a2a1a3"">Diamètre</div>
<div class=""page3a2a2a1a2"">10 cm environ</div>
<div class=""page3a2a2a1a3"">Taux D'humidité</div>
<div class=""page3a2a2a1a2"">Inférieur à 8%</div>
<div class=""page3a2a2a1a3"">Taux De Cendres</div>
<div class=""page3a2a2a1a2"">Inférieur à 1%</div>
<div class=""page3a2a2a1a3"">Quantité</div>
<div class=""page3a2a2a1a2"">96 lots de 4 bûche</div></td>
</tr>
</tbody>
</table>
</div>",Beech – 960 kg pallet,High-quality densified wood made from beech sanding dust. No glue or additives.,"<div class=""page3a2a2"">
<table class=""page3a2a2a"">
<tbody>
<tr class=""page3a2a2a1"">
<td class=""page3a2a2a1a"">
<div class=""page3a2a2a1a1"">Overview</div></td>
<td class=""page3a2a2a1b"">
<div class=""page3a2a2a1a3"">This densified wood has a high calorific value thanks to its 100% beech composition.</div>
<div class=""page3a2a2a1a2"">Thanks to its high density, it burns much longer than firewood.</div>
<div class=""page3a2a2a1a2"">It produces little ash and reduces soot formation thanks to the wood's low moisture content (about 8%). The flames are beautiful and lively.</div>
<div class=""page3a2a2a1a3"">Calorific value</div>
<div class=""page3a2a2a1a2"">Over 5 kWh/kg</div>
<div class=""page3a2a2a1a3"">Weight</div>
<div class=""page3a2a2a1a2"">About 10 kg per pack</div></td>
</tr>
</tbody>
</table>
</div>
<div class=""page3a2a2"">
<table class=""page3a2a2a"">
<tbody>
<tr class=""page3a2a2a1"">
<td class=""page3a2a2a1a"">
<div class=""page3a2a2a1a1"">Additional information</div></td>
<td class=""page3a2a2a1b"">
<div class=""page3a2a2a1a3"">Wood species</div>
<div class=""page3a2a2a1a2"">100% beech</div>
<div class=""page3a2a2a1a3"">Length</div>
<div class=""page3a2a2a1a2"">About 30 cm</div>
<div class=""page3a2a2a1a3"">Diameter</div>
<div class=""page3a2a2a1a2"">About 10 cm</div>
<div class=""page3a2a2a1a3"">Moisture content</div>
<div class=""page3a2a2a1a2"">Below 8%</div>
<div class=""page3a2a2a1a3"">Ash content</div>
<div class=""page3a2a2a1a2"">Below 1%</div>
<div class=""page3a2a2a1a3"">Quantity</div>
<div class=""page3a2a2a1a2"">96 packs of 4 logs</div></td>
</tr>
</tbody>
</table>
</div>",Haya – Palé de 960 kg,Madera densificada de alta calidad fabricada con serrín de lijado de haya. Sin cola ni aditivos.,"<div class=""page3a2a2"">
<table class=""page3a2a2a"">
<tbody>
<tr class=""page3a2a2a1"">
<td class=""page3a2a2a1a"">
<div class=""page3a2a2a1a1"">Presentación</div></td>
<td class=""page3a2a2a1b"">
<div class=""page3a2a2a1a3"">Esta madera densificada tiene un alto poder calorífico gracias a su composición 100 % haya.</div>
<div class=""page3a2a2a1a2"">Gracias a su alta densidad, arde mucho más tiempo que la leña.</div>
<div class=""page3a2a2a1a2"">Produce poca ceniza y reduce la formación de hollín gracias a la baja humedad de la madera (alrededor del 8 %). Las llamas son bonitas y vivas.</div>
<div class=""page3a2a2a1a3"">Poder calorífico</div>
<div class=""page3a2a2a1a2"">Superior a 5 kWh/kg</div>
<div class=""page3a2a2a1a3"">Peso</div>
<div class=""page3a2a2a1a2"">Unos 10 kg por lote</div></td>
</tr>
</tbody>
</table>
</div>
<div class=""page3a2a2"">
<table class=""page3a2a2a"">
<tbody>
<tr class=""page3a2a2a1"">
<td class=""page3a2a2a1a"">
<div class=""page3a2a2a1a1"">Información adicional</div></td>
<td class=""page3a2a2a1b"">
<div class=""page3a2a2a1a3"">Especie</div>
<div class=""page3a2a2a1a2"">100 % haya</div>
<div class=""page3a2a2a1a3"">Longitud</div>
<div class=""page3a2a2a1a2"">Unos 30 cm</div>
<div class=""page3a2a2a1a3"">Diámetro</div>
<div class=""page3a2a2a1a2"">Unos 10 cm</div>
<div class=""page3a2a2a1a3"">Humedad</div>
<div class=""page3a2a2a1a2"">Inferior al 8 %</div>
<div class=""page3a2a2a1a3"">Contenido de cenizas</div>
<div class=""page3a2a2a1a2"">Inferior al 1 %</div>
<div class=""page3a2a2a1a3"">Cantidad</div>
<div class=""page3a2a2a1a2"">96 lotes de 4 troncos</div></td>
</tr>
</tbody>
</table>
</div>"
184,simple,WH-4381,Holzbriketts – halbe Palette,1,144,115,Holzbriketts,"Hergestellt aus Sägewerksresten aus der Region, sind diese Briketts eine ausgezeichnete Alternative zu kammergetrockneten Scheiten. Sie bestehen aus brennbarer Biomasse wie Sägemehl, Holzspänen und Torf.","<div class=""page3a2a2"">
<table class=""page3a2a2a"">
<tbody>
<tr class=""page3a2a2a1"">
<td class=""page3a2a2a1a"">
<div class=""page3a2a2a1a1"">Übersicht</div></td>
<td class=""page3a2a2a1b"">
<div class=""page3a2a2a1a3"">Geeignet für Holzöfen, Mehrstofföfen und offene Kamine.</div>
<div class=""page3a2a2a1a2"">Erstaunlich: Briketts liefern für das gleiche Geld etwa 50 % mehr Wärme als Scheitholz – dank niedriger Restfeuchte und höherer Dichte. Ihre hervorragende Umweltbilanz macht sie beliebt, denn sie werden aus Holzresten anderer Produkte wie Möbeln oder Baumaterialien hergestellt.</div></td>
</tr>
</tbody>
</table>
</div>
<div class=""page3a2a2"">
<table class=""page3a2a2a"">
<tbody>
<tr class=""page3a2a2a1"">
<td class=""page3a2a2a1a"">
<div class=""page3a2a2a1a1"">Weitere Informationen</div></td>
<td class=""page3a2a2a1b"">
<div class=""page3a2a2a1a3"">Masse</div>
<div class=""page3a2a2a1a2"">290 × 90 mm – ca. 10 kg pro Paket</div>
<div class=""page3a2a2a1a3"">Heizwert</div>
<div class=""page3a2a2a1a2"">ca. 16,6 MJ/kg bzw. 4,6 kWh/kg</div>
<div class=""page3a2a2a1a3"">Halbe Palette</div>
<div class=""page3a2a2a1a2"">48 Pakete</div></td>
</tr>
</tbody>
</table>
</div>",,,,,,,Briquettes de bois - demi-palette,"Fabriquées à partir de résidus de scierie d'origine locale, ces briquettes sont une excellente alternative aux bûches séchées au four. Les briquettes sont une excellente alternative aux bûches séchées au four, composées de biomasse combustible telle que la sciure, les copeaux de bois et la tourbe.","<div class=""page3a2a2"">
<table class=""page3a2a2a"">
<tbody>
<tr class=""page3a2a2a1"">
<td class=""page3a2a2a1a"">
<div class=""page3a2a2a1a1"">Présentation</div></td>
<td class=""page3a2a2a1b"">
<div class=""page3a2a2a1a3"">Convient aux poêles à bois, aux poêles multicombustibles et aux feux ouverts.</div>
<div class=""page3a2a2a1a2"">Étonnamment, les briquettes fournissent environ 50 % de chaleur en plus pour chaque € dépensé que les bûches, en raison de leur faible teneur en humidité et de leur plus grande densité. Leurs excellentes références environnementales en font un choix populaire car elles sont fabriquées à partir de déchets de bois provenant d'autres produits tels que les meubles ou les matériaux de construction.</div></td>
</tr>
</tbody>
</table>
</div>
<div class=""page3a2a2"">
<table class=""page3a2a2a"">
<tbody>
<tr class=""page3a2a2a1"">
<td class=""page3a2a2a1a"">
<div class=""page3a2a2a1a1"">Informations complémentaires</div></td>
<td class=""page3a2a2a1b"">
<div class=""page3a2a2a1a3"">Dimensions</div>
<div class=""page3a2a2a1a2"">290mm x 90mm - 10kg par pack approx.</div>
<div class=""page3a2a2a1a3"">Valeur calorifique</div>
<div class=""page3a2a2a1a2"">~16.6MJ/kg ou 4.6kWh/kg</div>
<div class=""page3a2a2a1a3"">Demi palette</div>
<div class=""page3a2a2a1a2"">48 Paquets</div></td>
</tr>
</tbody>
</table>
</div>",Wood briquettes – half pallet,"Made from locally sourced sawmill residues, these briquettes are an excellent alternative to kiln-dried logs. They are made of combustible biomass such as sawdust, wood shavings and peat.","<div class=""page3a2a2"">
<table class=""page3a2a2a"">
<tbody>
<tr class=""page3a2a2a1"">
<td class=""page3a2a2a1a"">
<div class=""page3a2a2a1a1"">Overview</div></td>
<td class=""page3a2a2a1b"">
<div class=""page3a2a2a1a3"">Suitable for wood stoves, multi-fuel stoves and open fires.</div>
<div class=""page3a2a2a1a2"">Surprisingly, briquettes give about 50% more heat than logs for the same money, thanks to their low moisture content and higher density. Their excellent environmental credentials make them a popular choice, as they are made from wood waste from other products such as furniture or building materials.</div></td>
</tr>
</tbody>
</table>
</div>
<div class=""page3a2a2"">
<table class=""page3a2a2a"">
<tbody>
<tr class=""page3a2a2a1"">
<td class=""page3a2a2a1a"">
<div class=""page3a2a2a1a1"">Additional information</div></td>
<td class=""page3a2a2a1b"">
<div class=""page3a2a2a1a3"">Dimensions</div>
<div class=""page3a2a2a1a2"">290 mm × 90 mm – about 10 kg per pack</div>
<div class=""page3a2a2a1a3"">Calorific value</div>
<div class=""page3a2a2a1a2"">~16.6 MJ/kg or 4.6 kWh/kg</div>
<div class=""page3a2a2a1a3"">Half pallet</div>
<div class=""page3a2a2a1a2"">48 packs</div></td>
</tr>
</tbody>
</table>
</div>",Briquetas de madera – Medio palé,"Fabricadas con residuos de aserradero de origen local, estas briquetas son una excelente alternativa a los troncos secados en horno. Se componen de biomasa combustible como serrín, virutas de madera y turba.","<div class=""page3a2a2"">
<table class=""page3a2a2a"">
<tbody>
<tr class=""page3a2a2a1"">
<td class=""page3a2a2a1a"">
<div class=""page3a2a2a1a1"">Presentación</div></td>
<td class=""page3a2a2a1b"">
<div class=""page3a2a2a1a3"">Aptas para estufas de leña, estufas policombustibles y fuegos abiertos.</div>
<div class=""page3a2a2a1a2"">Sorprendentemente, las briquetas proporcionan alrededor de un 50 % más de calor que la leña por el mismo dinero, gracias a su baja humedad y mayor densidad. Sus excelentes credenciales ambientales las hacen muy populares, ya que se fabrican con residuos de madera de otros productos como muebles o materiales de construcción.</div></td>
</tr>
</tbody>
</table>
</div>
<div class=""page3a2a2"">
<table class=""page3a2a2a"">
<tbody>
<tr class=""page3a2a2a1"">
<td class=""page3a2a2a1a"">
<div class=""page3a2a2a1a1"">Información adicional</div></td>
<td class=""page3a2a2a1b"">
<div class=""page3a2a2a1a3"">Dimensiones</div>
<div class=""page3a2a2a1a2"">290 × 90 mm – unos 10 kg por paquete</div>
<div class=""page3a2a2a1a3"">Valor calorífico</div>
<div class=""page3a2a2a1a2"">~16,6 MJ/kg o 4,6 kWh/kg</div>
<div class=""page3a2a2a1a3"">Medio palé</div>
<div class=""page3a2a2a1a2"">48 paquetes</div></td>
</tr>
</tbody>
</table>
</div>"
190,simple,WH-4382,Holzbriketts,1,280,224,Holzbriketts,"Geeignet für Holzöfen, Mehrstofföfen, offene Kamine und auch Holz-Pizzaöfen. Brikettgrösse ca. 280 × 90 mm. Heizwert ca. 4,8 kWh/kg.","<div class=""page3a2a2"">
<table class=""page3a2a2a"">
<tbody>
<tr class=""page3a2a2a1"">
<td class=""page3a2a2a1a"">
<div class=""page3a2a2a1a1"">Übersicht</div></td>
<td class=""page3a2a2a1b"">
<div class=""page3a2a2a1a3"">Hergestellt aus Sägewerksresten aus der Region</div>
<div class=""page3a2a2a1a2"">Anders als die meisten Briketts werden diese neuen Holzbriketts ohne zusätzliche Harze hergestellt. Eine ausgezeichnete Wahl für alle, denen Nachhaltigkeit wichtig ist.</div>
<div class=""page3a2a2a1a2"">Da diese Briketts kürzer sind, passen sie in mehr Öfen, ohne dass man sie brechen muss. Sie dehnen sich beim Abbrand aus, aber deutlich weniger als andere Scheite oder Briketts, die wir getestet haben. Das liegt am verwendeten Rohstoff und an der Art, wie die Briketts gepresst werden.</div>
<div class=""page3a2a2a1a3"">Auf einem bereits brennenden Feuer erreichten wir eine Brenndauer von etwa 1,5 bis 2 Stunden.</div>
<div class=""page3a2a2a1a2"">Danach können sie noch eine weitere Stunde glühen – insgesamt also etwa 3 Stunden. Brenn- und Glutdauer hängen wie immer vom Ofen und seiner Bedienung ab. Die angegebene Brenndauer ist ein Durchschnittswert aus mehreren Testwochen mit verschiedenen Öfen.</div></td>
</tr>
</tbody>
</table>
</div>
<div class=""page3a2a2"">
<table class=""page3a2a2a"">
<tbody>
<tr class=""page3a2a2a1"">
<td class=""page3a2a2a1a"">
<div class=""page3a2a2a1a1"">Weitere Informationen</div></td>
<td class=""page3a2a2a1b"">
<div class=""page3a2a2a1a3"">Versandgewicht</div>
<div class=""page3a2a2a1a2"">960 kg</div>
<div class=""page3a2a2a1a3"">Inhalt</div>
<div class=""page3a2a2a1a2"">5 Briketts pro 10-kg-Paket.</div>
<div class=""page3a2a2a1a3"">Heizwert</div>
<div class=""page3a2a2a1a2"">ca. 4,8 kWh/kg</div>
<div class=""page3a2a2a1a3"">Brikettgrösse</div>
<div class=""page3a2a2a1a2"">ca. 280 × 90 mm</div></td>
</tr>
</tbody>
</table>
</div>",,,,,,,Briquettes de bois,"Convient aux poêles à bois, aux poêles multicombustibles et aux feux ouverts. Couvertures de four à pizza au bois taille de la briquette ~ 280mm x 90mm Valeur calorifique ~4,8 kWh/kg.","<div class=""page3a2a2"">
<table class=""page3a2a2a"">
<tbody>
<tr class=""page3a2a2a1"">
<td class=""page3a2a2a1a"">
<div class=""page3a2a2a1a1"">Présentation</div></td>
<td class=""page3a2a2a1b"">
<div class=""page3a2a2a1a3"">Fabriqués à partir de résidus de scierie d'origine locale</div>
<div class=""page3a2a2a1a2"">Contrairement à la plupart des briquettes, ces nouvelles briquettes de bois n'utilisent pas de résines supplémentaires dans le processus de fabrication. Elles constituent un excellent choix pour ceux qui ont la durabilité à l'esprit.</div>
<div class=""page3a2a2a1a2"">Comme ces briquettes sont plus courtes, nous constatons qu'elles conviennent à un plus grand nombre de poêles sans qu'il soit nécessaire de les casser. Elles se dilatent en brûlant, mais cette dilatation est bien moindre que celle des autres bûches ou briquettes que nous avons essayées. Cela est dû à la matière première utilisée dans le processus de production et aussi à la façon dont les briquettes sont compactées.</div>
<div class=""page3a2a2a1a3"">Nous avons obtenu une durée de combustion d'environ 1,5 à 2 heures en les utilisant sur un feu établi.</div>
<div class=""page3a2a2a1a2"">Elles peuvent rester incandescentes pendant une heure de plus, ce qui donne une durée totale d'environ 3 heures. Comme toujours, le temps de combustion et le temps d'incandescence peuvent varier en fonction du poêle dans lequel ils sont utilisés et de la façon dont le poêle est utilisé. Cette durée de combustion est une moyenne obtenue sur un certain nombre de semaines d'essai sur différents poêles.</div></td>
</tr>
</tbody>
</table>
</div>
<div class=""page3a2a2"">
<table class=""page3a2a2a"">
<tbody>
<tr class=""page3a2a2a1"">
<td class=""page3a2a2a1a"">
<div class=""page3a2a2a1a1"">Informations complémentaires</div></td>
<td class=""page3a2a2a1b"">
<div class=""page3a2a2a1a3"">Poids d'expédition</div>
<div class=""page3a2a2a1a2"">960 kg</div>
<div class=""page3a2a2a1a3"">Contenu</div>
<div class=""page3a2a2a1a2"">5 briquettes par paquet de 10 kg.</div>
<div class=""page3a2a2a1a3"">Pouvoir calorifique</div>
<div class=""page3a2a2a1a2"">~4.8 kWh/kg</div>
<div class=""page3a2a2a1a3"">Taille de la briquette</div>
<div class=""page3a2a2a1a2"">~ 280mm x 90mm</div></td>
</tr>
</tbody>
</table>
</div>",Wood briquettes,"Suitable for wood stoves, multi-fuel stoves, open fires and wood-fired pizza ovens. Briquette size ~280 mm × 90 mm. Calorific value ~4.8 kWh/kg.","<div class=""page3a2a2"">
<table class=""page3a2a2a"">
<tbody>
<tr class=""page3a2a2a1"">
<td class=""page3a2a2a1a"">
<div class=""page3a2a2a1a1"">Overview</div></td>
<td class=""page3a2a2a1b"">
<div class=""page3a2a2a1a3"">Made from locally sourced sawmill residues</div>
<div class=""page3a2a2a1a2"">Unlike most briquettes, these new wood briquettes use no added resins in the manufacturing process. They are an excellent choice for anyone who cares about sustainability.</div>
<div class=""page3a2a2a1a2"">As these briquettes are shorter, we find they fit more stoves without needing to be broken. They expand as they burn, but much less than other logs or briquettes we have tried. This is due to the raw material used in production and also to the way the briquettes are compacted.</div>
<div class=""page3a2a2a1a3"">We achieved a burn time of about 1.5 to 2 hours when using them on an established fire.</div>
<div class=""page3a2a2a1a2"">They can then glow for another hour, giving a total of about 3 hours. As always, burn and glow times may vary depending on the stove they are used in and how the stove is operated. This burn time is an average obtained over several weeks of testing on different stoves.</div></td>
</tr>
</tbody>
</table>
</div>
<div class=""page3a2a2"">
<table class=""page3a2a2a"">
<tbody>
<tr class=""page3a2a2a1"">
<td class=""page3a2a2a1a"">
<div class=""page3a2a2a1a1"">Additional information</div></td>
<td class=""page3a2a2a1b"">
<div class=""page3a2a2a1a3"">Shipping weight</div>
<div class=""page3a2a2a1a2"">960 kg</div>
<div class=""page3a2a2a1a3"">Contents</div>
<div class=""page3a2a2a1a2"">5 briquettes per 10 kg pack.</div>
<div class=""page3a2a2a1a3"">Calorific value</div>
<div class=""page3a2a2a1a2"">~4.8 kWh/kg</div>
<div class=""page3a2a2a1a3"">Briquette size</div>
<div class=""page3a2a2a1a2"">~280 mm × 90 mm</div></td>
</tr>
</tbody>
</table>
</div>",Briquetas de madera,"Aptas para estufas de leña, estufas policombustibles, fuegos abiertos y también hornos de pizza de leña. Tamaño de la briqueta ~280 × 90 mm. Valor calorífico ~4,8 kWh/kg.","<div class=""page3a2a2"">
<table class=""page3a2a2a"">
<tbody>
<tr class=""page3a2a2a1"">
<td class=""page3a2a2a1a"">
<div class=""page3a2a2a1a1"">Presentación</div></td>
<td class=""page3a2a2a1b"">
<div class=""page3a2a2a1a3"">Fabricadas con residuos de aserradero de origen local</div>
<div class=""page3a2a2a1a2"">A diferencia de la mayoría de las briquetas, estas nuevas briquetas de madera no utilizan resinas adicionales en su fabricación. Son una excelente opción para quienes valoran la sostenibilidad.</div>
<div class=""page3a2a2a1a2"">Como estas briquetas son más cortas, caben en más estufas sin necesidad de partirlas. Se dilatan al arder, pero mucho menos que otros troncos o briquetas que hemos probado. Esto se debe a la materia prima utilizada y a la forma en que se compactan.</div>
<div class=""page3a2a2a1a3"">Obtuvimos una duración de combustión de 1,5 a 2 horas aproximadamente al usarlas sobre un fuego ya encendido.</div>
<div class=""page3a2a2a1a2"">Después pueden seguir incandescentes una hora más, con una duración total de unas 3 horas. Como siempre, el tiempo de combustión y de brasa puede variar según la estufa y la forma de usarla. Esta duración es una media obtenida durante varias semanas de pruebas en diferentes estufas.</div></td>
</tr>
</tbody>
</table>
</div>
<div class=""page3a2a2"">
<table class=""page3a2a2a"">
<tbody>
<tr class=""page3a2a2a1"">
<td class=""page3a2a2a1a"">
<div class=""page3a2a2a1a1"">Información adicional</div></td>
<td class=""page3a2a2a1b"">
<div class=""page3a2a2a1a3"">Peso de envío</div>
<div class=""page3a2a2a1a2"">960 kg</div>
<div class=""page3a2a2a1a3"">Contenido</div>
<div class=""page3a2a2a1a2"">5 briquetas por paquete de 10 kg.</div>
<div class=""page3a2a2a1a3"">Poder calorífico</div>
<div class=""page3a2a2a1a2"">~4,8 kWh/kg</div>
<div class=""page3a2a2a1a3"">Tamaño de la briqueta</div>
<div class=""page3a2a2a1a2"">~280 × 90 mm</div></td>
</tr>
</tbody>
</table>
</div>"
191,simple,WH-4383,Big Bag mit Holzbriketts,1,125,100,Holzbriketts,"Geeignet für Holzöfen, Mehrstofföfen und offene Kamine. Durchmesser 90 mm, gemischte Längen. Heizwert ca. 4,8 kWh/kg.","<div class=""page3a2a2"">
<table class=""page3a2a2a"">
<tbody>
<tr class=""page3a2a2a1"">
<td class=""page3a2a2a1a"">
<div class=""page3a2a2a1a1"">Weitere Informationen</div></td>
<td class=""page3a2a2a1b"">
<div class=""page3a2a2a1a2"">Da diese Briketts kürzer sind, passen sie in mehr Öfen, ohne dass man sie brechen muss. Sie dehnen sich beim Abbrand aus, aber deutlich weniger als andere Scheite oder Briketts, die wir getestet haben. Das liegt am verwendeten Rohstoff und an der Art, wie die Briketts gepresst werden.</div>
<div class=""page3a2a2a1a3"">Hergestellt aus Sägewerksresten aus der Region</div>
<div class=""page3a2a2a1a2"">Anders als die meisten Briketts werden diese neuen Holzbriketts ohne zusätzliche Harze hergestellt. Eine ausgezeichnete Wahl für alle, denen Nachhaltigkeit wichtig ist.</div></td>
</tr>
</tbody>
</table>
</div>
<div class=""page3a2a2"">
<table class=""page3a2a2a"">
<tbody>
<tr class=""page3a2a2a1"">
<td class=""page3a2a2a1a"">
<div class=""page3a2a2a1a1"">Übersicht</div></td>
<td class=""page3a2a2a1b"">
<div class=""page3a2a2a1a3"">Versandgewicht</div>
<div class=""page3a2a2a1a2"">400 kg</div></td>
</tr>
</tbody>
</table>
</div>",,,,,,,Sac en vrac de briquettes de bois,"Convient aux poêles à bois, aux poêles multicombustibles et aux feux ouverts. Diamètre de 90mm et un mélange de longueurs. Valeur calorifique ~4,8 kwh/kg.","<div class=""page3a2a2"">
<table class=""page3a2a2a"">
<tbody>
<tr class=""page3a2a2a1"">
<td class=""page3a2a2a1a"">
<div class=""page3a2a2a1a1"">Informations complémentaires</div></td>
<td class=""page3a2a2a1b"">
<div class=""page3a2a2a1a2"">Comme ces briquettes sont plus courtes, nous constatons qu'elles conviennent à un plus grand nombre de poêles sans qu'il soit nécessaire de les casser. Elles se dilatent en brûlant, mais cette dilatation est bien moindre que celle des autres bûches ou briquettes que nous avons essayées. Cela est dû à la matière première utilisée dans le processus de production et aussi à la façon dont les briquettes sont compactées.</div>
<div class=""page3a2a2a1a3"">Fabriqués à partir de résidus de scierie d'origine locale</div>
<div class=""page3a2a2a1a2"">Contrairement à la plupart des briquettes, ces nouvelles briquettes de bois n'utilisent pas de résines supplémentaires dans le processus de fabrication. Elles constituent un excellent choix pour ceux qui ont la durabilité à l'esprit.</div></td>
</tr>
</tbody>
</table>
</div>
<div class=""page3a2a2"">
<table class=""page3a2a2a"">
<tbody>
<tr class=""page3a2a2a1"">
<td class=""page3a2a2a1a"">
<div class=""page3a2a2a1a1"">Présentation</div></td>
<td class=""page3a2a2a1b"">
<div class=""page3a2a2a1a3"">Poids d'expédition</div>
<div class=""page3a2a2a1a2"">400 kg</div></td>
</tr>
</tbody>
</table>
</div>",Bulk bag of wood briquettes,"Suitable for wood stoves, multi-fuel stoves and open fires. 90 mm diameter and a mix of lengths. Calorific value ~4.8 kWh/kg.","<div class=""page3a2a2"">
<table class=""page3a2a2a"">
<tbody>
<tr class=""page3a2a2a1"">
<td class=""page3a2a2a1a"">
<div class=""page3a2a2a1a1"">Additional information</div></td>
<td class=""page3a2a2a1b"">
<div class=""page3a2a2a1a2"">As these briquettes are shorter, we find they fit more stoves without needing to be broken. They expand as they burn, but much less than other logs or briquettes we have tried. This is due to the raw material used in production and also to the way the briquettes are compacted.</div>
<div class=""page3a2a2a1a3"">Made from locally sourced sawmill residues</div>
<div class=""page3a2a2a1a2"">Unlike most briquettes, these new wood briquettes use no added resins in the manufacturing process. They are an excellent choice for anyone who cares about sustainability.</div></td>
</tr>
</tbody>
</table>
</div>
<div class=""page3a2a2"">
<table class=""page3a2a2a"">
<tbody>
<tr class=""page3a2a2a1"">
<td class=""page3a2a2a1a"">
<div class=""page3a2a2a1a1"">Overview</div></td>
<td class=""page3a2a2a1b"">
<div class=""page3a2a2a1a3"">Shipping weight</div>
<div class=""page3a2a2a1a2"">400 kg</div></td>
</tr>
</tbody>
</table>
</div>",Saco a granel de briquetas de madera,"Aptas para estufas de leña, estufas policombustibles y fuegos abiertos. Diámetro de 90 mm y longitudes variadas. Valor calorífico ~4,8 kWh/kg.","<div class=""page3a2a2"">
<table class=""page3a2a2a"">
<tbody>
<tr class=""page3a2a2a1"">
<td class=""page3a2a2a1a"">
<div class=""page3a2a2a1a1"">Información adicional</div></td>
<td class=""page3a2a2a1b"">
<div class=""page3a2a2a1a2"">Como estas briquetas son más cortas, caben en más estufas sin necesidad de partirlas. Se dilatan al arder, pero mucho menos que otros troncos o briquetas que hemos probado. Esto se debe a la materia prima utilizada y a la forma en que se compactan.</div>
<div class=""page3a2a2a1a3"">Fabricadas con residuos de aserradero de origen local</div>
<div class=""page3a2a2a1a2"">A diferencia de la mayoría de las briquetas, estas nuevas briquetas de madera no utilizan resinas adicionales en su fabricación. Son una excelente opción para quienes valoran la sostenibilidad.</div></td>
</tr>
</tbody>
</table>
</div>
<div class=""page3a2a2"">
<table class=""page3a2a2a"">
<tbody>
<tr class=""page3a2a2a1"">
<td class=""page3a2a2a1a"">
<div class=""page3a2a2a1a1"">Presentación</div></td>
<td class=""page3a2a2a1b"">
<div class=""page3a2a2a1a3"">Peso de envío</div>
<div class=""page3a2a2a1a2"">400 kg</div></td>
</tr>
</tbody>
</table>
</div>"
192,simple,WH-4384,Laub- + Nadelholz-Briketts – ½ Palette mit 480 kg,1,150,120,Holzbriketts,"Pressholz für den Tag, aus einer Mischung von Buchen-, Eichen-, Eschen- und Nadelholzspänen aus regionalen Sägewerken. 100 % natürlich, ohne Leim und Zusatzstoffe. Verkauft als Palette mit insgesamt 480 kg.","<div class=""page3a2a2"">
<table class=""page3a2a2a"">
<tbody>
<tr class=""page3a2a2a1"">
<td class=""page3a2a2a1a"">
<div class=""page3a2a2a1a1"">Übersicht</div></td>
<td class=""page3a2a2a1b"">
<div class=""page3a2a2a1a3"">Ein sauberes, sparsames und umweltfreundliches Brennholz: Pressholz.</div>
<div class=""page3a2a2a1a2"">Ultratrockenes Holz mit einer Restfeuchte unter 8 %. Ein Heizwert, der 3- bis 4-mal höher ist als bei herkömmlichem Holz. Brenndauer 1,5 bis 2 Stunden, und dank Aschegehalt unter 1,5 % kein Verschmutzen. Praktisches Pressholz im kleinen Format – für alle mit wenig Lagerplatz oder geringem Verbrauch.</div>
<div class=""page3a2a2a1a2"">Mit diesen Briketts geniessen Sie gleichmässige Wärme. Zur Erinnerung: Pressholz muss vor Feuchtigkeit geschützt gelagert werden.</div></td>
</tr>
</tbody>
</table>
</div>
<div class=""page3a2a2"">
<table class=""page3a2a2a"">
<tbody>
<tr class=""page3a2a2a1"">
<td class=""page3a2a2a1a"">
<div class=""page3a2a2a1a1"">Weitere Informationen</div></td>
<td class=""page3a2a2a1b"">
<div class=""page3a2a2a1a3"">Heizwert</div>
<div class=""page3a2a2a1a2"">4,9 kWh/kg</div>
<div class=""page3a2a2a1a3"">Restfeuchte</div>
<div class=""page3a2a2a1a2"">Unter 8 %</div></td>
</tr>
</tbody>
</table>
</div>",,,kg,480,,,Feuillus + résineux - 1/2 palette de 480 kg,"Bois densifié de jour, composé de mélange de plaquettes de hêtre, chêne, frêne et de résineux issus de scieries locales, 100 % naturel, sans colle, ni additifs. Vendu avec un poids total de palette faisant 480 kg.","<div class=""page3a2a2"">
<table class=""page3a2a2a"">
<tbody>
<tr class=""page3a2a2a1"">
<td class=""page3a2a2a1a"">
<div class=""page3a2a2a1a1"">Présentation</div></td>
<td class=""page3a2a2a1b"">
<div class=""page3a2a2a1a3"">Un bois de chauffage propre, économique et écologique : le bois densifié.</div>
<div class=""page3a2a2a1a2"">Un bois ultra sec grâce à un taux d'humidité inférieur à 8%. Un fort pouvoir calorifique 3 à 4 fois supérieur au bois traditionnel.Une durée de combustion de 1h30 à 2h et n'encrasse pas avec son faible taux en cendres inférieur à 1.5%. Le bois densifié bien pratique en petit format pour les personnes n'ayant pas beaucoup de place de stockage ou une faible consommation.</div>
<div class=""page3a2a2a1a2"">Grâce à ces bûches vous bénéficierez d'une chaleur constante. Pour rappel, le bois densifié doit être stocké à l'abri de l'humidité.</div></td>
</tr>
</tbody>
</table>
</div>
<div class=""page3a2a2"">
<table class=""page3a2a2a"">
<tbody>
<tr class=""page3a2a2a1"">
<td class=""page3a2a2a1a"">
<div class=""page3a2a2a1a1"">Informations complémentaires</div></td>
<td class=""page3a2a2a1b"">
<div class=""page3a2a2a1a3"">Pouvoir Calorifique</div>
<div class=""page3a2a2a1a2"">4.9 kWh/kg</div>
<div class=""page3a2a2a1a3"">Taux D'humidité</div>
<div class=""page3a2a2a1a2"">Inférieur à 8%</div></td>
</tr>
</tbody>
</table>
</div>",Hardwood + softwood – ½ pallet of 480 kg,"Daytime densified wood made from a mix of beech, oak, ash and softwood chips from local sawmills, 100% natural, no glue or additives. Sold as a pallet with a total weight of 480 kg.","<div class=""page3a2a2"">
<table class=""page3a2a2a"">
<tbody>
<tr class=""page3a2a2a1"">
<td class=""page3a2a2a1a"">
<div class=""page3a2a2a1a1"">Overview</div></td>
<td class=""page3a2a2a1b"">
<div class=""page3a2a2a1a3"">A clean, economical and eco-friendly firewood: densified wood.</div>
<div class=""page3a2a2a1a2"">Ultra-dry wood with a moisture content below 8%. A calorific value 3 to 4 times higher than traditional wood. A burn time of 1.5 to 2 hours, and no clogging thanks to its low ash content below 1.5%. Handy densified wood in a small format for people with little storage space or low consumption.</div>
<div class=""page3a2a2a1a2"">These logs give you a constant heat. As a reminder, densified wood must be stored away from damp.</div></td>
</tr>
</tbody>
</table>
</div>
<div class=""page3a2a2"">
<table class=""page3a2a2a"">
<tbody>
<tr class=""page3a2a2a1"">
<td class=""page3a2a2a1a"">
<div class=""page3a2a2a1a1"">Additional information</div></td>
<td class=""page3a2a2a1b"">
<div class=""page3a2a2a1a3"">Calorific value</div>
<div class=""page3a2a2a1a2"">4.9 kWh/kg</div>
<div class=""page3a2a2a1a3"">Moisture content</div>
<div class=""page3a2a2a1a2"">Below 8%</div></td>
</tr>
</tbody>
</table>
</div>",Frondosas + coníferas – ½ palé de 480 kg,"Madera densificada de día, compuesta por una mezcla de virutas de haya, roble, fresno y coníferas de aserraderos locales, 100 % natural, sin cola ni aditivos. Se vende por palé con un peso total de 480 kg.","<div class=""page3a2a2"">
<table class=""page3a2a2a"">
<tbody>
<tr class=""page3a2a2a1"">
<td class=""page3a2a2a1a"">
<div class=""page3a2a2a1a1"">Presentación</div></td>
<td class=""page3a2a2a1b"">
<div class=""page3a2a2a1a3"">Una leña limpia, económica y ecológica: la madera densificada.</div>
<div class=""page3a2a2a1a2"">Madera ultraseca con una humedad inferior al 8 %. Un poder calorífico 3 o 4 veces superior al de la leña tradicional. Una duración de combustión de 1,5 a 2 horas y no ensucia gracias a su bajo contenido en cenizas, inferior al 1,5 %. Madera densificada práctica en formato pequeño para quienes tienen poco espacio de almacenamiento o un consumo bajo.</div>
<div class=""page3a2a2a1a2"">Con estos troncos disfrutará de un calor constante. Recuerde que la madera densificada debe almacenarse protegida de la humedad.</div></td>
</tr>
</tbody>
</table>
</div>
<div class=""page3a2a2"">
<table class=""page3a2a2a"">
<tbody>
<tr class=""page3a2a2a1"">
<td class=""page3a2a2a1a"">
<div class=""page3a2a2a1a1"">Información adicional</div></td>
<td class=""page3a2a2a1b"">
<div class=""page3a2a2a1a3"">Poder calorífico</div>
<div class=""page3a2a2a1a2"">4,9 kWh/kg</div>
<div class=""page3a2a2a1a3"">Humedad</div>
<div class=""page3a2a2a1a2"">Inferior al 8 %</div></td>
</tr>
</tbody>
</table>
</div>"
197,simple,WH-4394,Briketts aus naturbelassenem Holz,1,260,208,Holzbriketts,"Die erstklassigen Briketts aus naturbelassenem Holz sind für alle gemacht, die einen hochwertigen Brennstoff mit hohem Heizwert verfeuern möchten. Unser trockener Brennstoff besteht zu 100 % aus lokalem, BSL/FSC-zertifiziertem Frischholz mit einer niedrigen Restfeuchte unter 20 %. Der ideale Brennstoff für Ihren Holzvergaserkessel, Holzofen oder offenen Kamin – ob Sie Ihr Zuhause oder Ihr Geschäft heizen.","<div class=""page3a2a2"">
<table class=""page3a2a2a"">
<tbody>
<tr class=""page3a2a2a1"">
<td class=""page3a2a2a1a"">
<div class=""page3a2a2a1a1"">Übersicht</div></td>
<td class=""page3a2a2a1b"">
<div class=""page3a2a2a1a3"">Holzbriketts mit hoher Dichte und hoher Heizleistung.</div>
<div class=""page3a2a2a1a2"">Unsere trockenen Scheite garantieren niedrige Emissionen und problemloses Heizen mit hohem Energie- und Heizwert.</div>
<div class=""page3a2a2a1a2"">Unser Premium-Brennholz ist kammergetrocknet, damit Sie sich voll auf die Qualität und Verfügbarkeit Ihres Brennstoffs verlassen können.</div></td>
</tr>
</tbody>
</table>
</div>
<div class=""page3a2a2"">
<table class=""page3a2a2a"">
<tbody>
<tr class=""page3a2a2a1"">
<td class=""page3a2a2a1a"">
<div class=""page3a2a2a1a1"">Weitere Informationen</div></td>
<td class=""page3a2a2a1b"">
<div class=""page3a2a2a1a3"">Masse</div>
<div class=""page3a2a2a1a2"">Länge 1,2 m × Breite 1,2 m × Höhe 1,2 m</div>
<div class=""page3a2a2a1a3"">Gewicht ca.</div>
<div class=""page3a2a2a1a2"">960 kg</div>
<div class=""page3a2a2a1a3"">Scheitlänge ca.</div>
<div class=""page3a2a2a1a2"">25 cm (10 Zoll)</div>
<div class=""page3a2a2a1a3"">Volumen</div>
<div class=""page3a2a2a1a2"">2.2m3</div></td>
</tr>
</tbody>
</table>
</div>",,,,,,,Briquettes bois vierge,"Les briquettes de bois vierge de première qualité sont destinées aux utilisateurs de bûches pour brûler un combustible de haute qualité à forte teneur en chaleur. Notre combustible sec est fabriqué à partir de bois vierge 100% local, certifié BSL/FSC, avec une faible teneur en humidité de moins de 20%. C'est le combustible idéal pour votre chaudière à bûches, votre poêle à bois ou votre feu ouvert, que vous chauffiez votre maison ou votre entreprise.","<div class=""page3a2a2"">
<table class=""page3a2a2a"">
<tbody>
<tr class=""page3a2a2a1"">
<td class=""page3a2a2a1a"">
<div class=""page3a2a2a1a1"">Présentation</div></td>
<td class=""page3a2a2a1b"">
<div class=""page3a2a2a1a3"">Briquettes de bois de chauffage à haute densité et à haut rendement thermique.</div>
<div class=""page3a2a2a1a2"">Nos bûches sèches garantissent de faibles émissions et un chauffage sans problème avec une valeur énergétique et thermique élevée.</div>
<div class=""page3a2a2a1a2"">Le bois de chauffage séché au four Premium a été produit pour permettre aux utilisateurs de bois de chauffage d'avoir une confiance totale dans la qualité et la disponibilité de leur combustible.</div></td>
</tr>
</tbody>
</table>
</div>
<div class=""page3a2a2"">
<table class=""page3a2a2a"">
<tbody>
<tr class=""page3a2a2a1"">
<td class=""page3a2a2a1a"">
<div class=""page3a2a2a1a1"">Informations complémentaires</div></td>
<td class=""page3a2a2a1b"">
<div class=""page3a2a2a1a3"">Dimension</div>
<div class=""page3a2a2a1a2"">Length 1.2m x Width 1.2m x Height 1.2m</div>
<div class=""page3a2a2a1a3"">Poids approximatif</div>
<div class=""page3a2a2a1a2"">960 kg</div>
<div class=""page3a2a2a1a3"">Longueur approximative des bûches</div>
<div class=""page3a2a2a1a2"">25cm (10 pouces)</div>
<div class=""page3a2a2a1a3"">Volume</div>
<div class=""page3a2a2a1a2"">2.2m3</div></td>
</tr>
</tbody>
</table>
</div>",Virgin wood briquettes,"Premium virgin wood briquettes are made for log users who want to burn a high-quality fuel with a high heat content. Our dry fuel is made from 100% local virgin wood, BSL/FSC certified, with a low moisture content below 20%. It is the ideal fuel for your log boiler, wood stove or open fire, whether you heat your home or your business.","<div class=""page3a2a2"">
<table class=""page3a2a2a"">
<tbody>
<tr class=""page3a2a2a1"">
<td class=""page3a2a2a1a"">
<div class=""page3a2a2a1a1"">Overview</div></td>
<td class=""page3a2a2a1b"">
<div class=""page3a2a2a1a3"">High-density, high-heat-output firewood briquettes.</div>
<div class=""page3a2a2a1a2"">Our dry logs guarantee low emissions and trouble-free heating with a high energy and heat value.</div>
<div class=""page3a2a2a1a2"">Premium kiln-dried firewood is produced so that firewood users can have complete confidence in the quality and availability of their fuel.</div></td>
</tr>
</tbody>
</table>
</div>
<div class=""page3a2a2"">
<table class=""page3a2a2a"">
<tbody>
<tr class=""page3a2a2a1"">
<td class=""page3a2a2a1a"">
<div class=""page3a2a2a1a1"">Additional information</div></td>
<td class=""page3a2a2a1b"">
<div class=""page3a2a2a1a3"">Dimensions</div>
<div class=""page3a2a2a1a2"">Length 1.2 m × width 1.2 m × height 1.2 m</div>
<div class=""page3a2a2a1a3"">Approximate weight</div>
<div class=""page3a2a2a1a2"">960 kg</div>
<div class=""page3a2a2a1a3"">Approximate log length</div>
<div class=""page3a2a2a1a2"">25 cm (10 in)</div>
<div class=""page3a2a2a1a3"">Volume</div>
<div class=""page3a2a2a1a2"">2.2m3</div></td>
</tr>
</tbody>
</table>
</div>",Briquetas de madera virgen,"Las briquetas de madera virgen de primera calidad están pensadas para quienes desean quemar un combustible de alta calidad con gran poder calorífico. Nuestro combustible seco se fabrica con madera virgen 100 % local, con certificación BSL/FSC y una humedad inferior al 20 %. Es el combustible ideal para su caldera de leña, estufa o chimenea abierta, tanto si calienta su hogar como su negocio.","<div class=""page3a2a2"">
<table class=""page3a2a2a"">
<tbody>
<tr class=""page3a2a2a1"">
<td class=""page3a2a2a1a"">
<div class=""page3a2a2a1a1"">Presentación</div></td>
<td class=""page3a2a2a1b"">
<div class=""page3a2a2a1a3"">Briquetas de leña de alta densidad y alto rendimiento térmico.</div>
<div class=""page3a2a2a1a2"">Nuestros troncos secos garantizan bajas emisiones y una calefacción sin problemas con un alto valor energético y calorífico.</div>
<div class=""page3a2a2a1a2"">Nuestra leña premium secada en horno se produce para que pueda confiar plenamente en la calidad y la disponibilidad de su combustible.</div></td>
</tr>
</tbody>
</table>
</div>
<div class=""page3a2a2"">
<table class=""page3a2a2a"">
<tbody>
<tr class=""page3a2a2a1"">
<td class=""page3a2a2a1a"">
<div class=""page3a2a2a1a1"">Información adicional</div></td>
<td class=""page3a2a2a1b"">
<div class=""page3a2a2a1a3"">Dimensiones</div>
<div class=""page3a2a2a1a2"">Largo 1,2 m × ancho 1,2 m × alto 1,2 m</div>
<div class=""page3a2a2a1a3"">Peso aproximado</div>
<div class=""page3a2a2a1a2"">960 kg</div>
<div class=""page3a2a2a1a3"">Longitud aproximada de los troncos</div>
<div class=""page3a2a2a1a2"">25 cm (10 pulgadas)</div>
<div class=""page3a2a2a1a3"">Volumen</div>
<div class=""page3a2a2a1a2"">2.2m3</div></td>
</tr>
</tbody>
</table>
</div>"
198,simple,WH-4395,Holzbriketts – Viertelpalette,1,72,57,Holzbriketts,"Hergestellt aus Sägewerksresten aus der Region: ausgezeichnete Holzbriketts und eine hervorragende Alternative zu kammergetrockneten Scheiten. Sie bestehen aus brennbarer Biomasse wie Sägemehl, Holzspänen und Torf.","<div class=""page3a2a2"">
<table class=""page3a2a2a"">
<tbody>
<tr class=""page3a2a2a1"">
<td class=""page3a2a2a1a"">
<div class=""page3a2a2a1a1"">Übersicht</div></td>
<td class=""page3a2a2a1b"">
<div class=""page3a2a2a1a3"">Geeignet für Holzöfen, Mehrstofföfen und offene Kamine.</div>
<div class=""page3a2a2a1a2"">Erstaunlich: Briketts liefern für das gleiche Geld etwa 50 % mehr Wärme als Scheitholz – dank niedriger Restfeuchte und höherer Dichte. Ihre hervorragende Umweltbilanz macht sie beliebt, denn sie werden aus Holzresten anderer Produkte wie Möbeln oder Baumaterialien hergestellt.</div></td>
</tr>
</tbody>
</table>
</div>
<div class=""page3a2a2"">
<table class=""page3a2a2a"">
<tbody>
<tr class=""page3a2a2a1"">
<td class=""page3a2a2a1a"">
<div class=""page3a2a2a1a1"">Weitere Informationen</div></td>
<td class=""page3a2a2a1b"">
<div class=""page3a2a2a1a3"">Masse</div>
<div class=""page3a2a2a1a2"">290 × 90 mm – ca. 10 kg pro Paket</div>
<div class=""page3a2a2a1a3"">Heizwert</div>
<div class=""page3a2a2a1a2"">ca. 16,6 MJ/kg bzw. 4,6 kWh/kg</div>
<div class=""page3a2a2a1a3"">Viertelpalette</div>
<div class=""page3a2a2a1a2"">24 Pakete</div></td>
</tr>
</tbody>
</table>
</div>",,,,,,,Briquettes de bois - quart de palette,"Fabriquées à partir de résidus de scierie d'origine locale, ces briquettes de bois sont excellentes. Les briquettes sont une excellente alternative aux bûches séchées au four, composées de biomasse combustible telle que la sciure, les copeaux de bois et la tourbe.","<div class=""page3a2a2"">
<table class=""page3a2a2a"">
<tbody>
<tr class=""page3a2a2a1"">
<td class=""page3a2a2a1a"">
<div class=""page3a2a2a1a1"">Présentation</div></td>
<td class=""page3a2a2a1b"">
<div class=""page3a2a2a1a3"">Convient aux poêles à bois, aux poêles multicombustibles et aux feux ouverts.</div>
<div class=""page3a2a2a1a2"">Étonnamment, les briquettes fournissent environ 50 % de chaleur en plus pour chaque € dépensé que les bûches, en raison de leur faible teneur en humidité et de leur plus grande densité. Leurs excellentes références environnementales en font un choix populaire car elles sont fabriquées à partir de déchets de bois provenant d'autres produits tels que les meubles ou les matériaux de construction.</div></td>
</tr>
</tbody>
</table>
</div>
<div class=""page3a2a2"">
<table class=""page3a2a2a"">
<tbody>
<tr class=""page3a2a2a1"">
<td class=""page3a2a2a1a"">
<div class=""page3a2a2a1a1"">Informations complémentaires</div></td>
<td class=""page3a2a2a1b"">
<div class=""page3a2a2a1a3"">Dimensions</div>
<div class=""page3a2a2a1a2"">290mm x 90mm - 10kg par pack approx.</div>
<div class=""page3a2a2a1a3"">Valeur calorifique</div>
<div class=""page3a2a2a1a2"">~16.6MJ/kg ou 4.6kWh/kg</div>
<div class=""page3a2a2a1a3"">Quart de palette</div>
<div class=""page3a2a2a1a2"">24 Paquets</div></td>
</tr>
</tbody>
</table>
</div>",Wood briquettes – quarter pallet,"Made from locally sourced sawmill residues, these wood briquettes are excellent. Briquettes are an excellent alternative to kiln-dried logs, made of combustible biomass such as sawdust, wood shavings and peat.","<div class=""page3a2a2"">
<table class=""page3a2a2a"">
<tbody>
<tr class=""page3a2a2a1"">
<td class=""page3a2a2a1a"">
<div class=""page3a2a2a1a1"">Overview</div></td>
<td class=""page3a2a2a1b"">
<div class=""page3a2a2a1a3"">Suitable for wood stoves, multi-fuel stoves and open fires.</div>
<div class=""page3a2a2a1a2"">Surprisingly, briquettes give about 50% more heat than logs for the same money, thanks to their low moisture content and higher density. Their excellent environmental credentials make them a popular choice, as they are made from wood waste from other products such as furniture or building materials.</div></td>
</tr>
</tbody>
</table>
</div>
<div class=""page3a2a2"">
<table class=""page3a2a2a"">
<tbody>
<tr class=""page3a2a2a1"">
<td class=""page3a2a2a1a"">
<div class=""page3a2a2a1a1"">Additional information</div></td>
<td class=""page3a2a2a1b"">
<div class=""page3a2a2a1a3"">Dimensions</div>
<div class=""page3a2a2a1a2"">290 mm × 90 mm – about 10 kg per pack</div>
<div class=""page3a2a2a1a3"">Calorific value</div>
<div class=""page3a2a2a1a2"">~16.6 MJ/kg or 4.6 kWh/kg</div>
<div class=""page3a2a2a1a3"">Quarter pallet</div>
<div class=""page3a2a2a1a2"">24 packs</div></td>
</tr>
</tbody>
</table>
</div>",Briquetas de madera – Cuarto de palé,"Fabricadas con residuos de aserradero de origen local, estas briquetas de madera son excelentes y una gran alternativa a los troncos secados en horno. Se componen de biomasa combustible como serrín, virutas de madera y turba.","<div class=""page3a2a2"">
<table class=""page3a2a2a"">
<tbody>
<tr class=""page3a2a2a1"">
<td class=""page3a2a2a1a"">
<div class=""page3a2a2a1a1"">Presentación</div></td>
<td class=""page3a2a2a1b"">
<div class=""page3a2a2a1a3"">Aptas para estufas de leña, estufas policombustibles y fuegos abiertos.</div>
<div class=""page3a2a2a1a2"">Sorprendentemente, las briquetas proporcionan alrededor de un 50 % más de calor que la leña por el mismo dinero, gracias a su baja humedad y mayor densidad. Sus excelentes credenciales ambientales las hacen muy populares, ya que se fabrican con residuos de madera de otros productos como muebles o materiales de construcción.</div></td>
</tr>
</tbody>
</table>
</div>
<div class=""page3a2a2"">
<table class=""page3a2a2a"">
<tbody>
<tr class=""page3a2a2a1"">
<td class=""page3a2a2a1a"">
<div class=""page3a2a2a1a1"">Información adicional</div></td>
<td class=""page3a2a2a1b"">
<div class=""page3a2a2a1a3"">Dimensiones</div>
<div class=""page3a2a2a1a2"">290 × 90 mm – unos 10 kg por paquete</div>
<div class=""page3a2a2a1a3"">Valor calorífico</div>
<div class=""page3a2a2a1a2"">~16,6 MJ/kg o 4,6 kWh/kg</div>
<div class=""page3a2a2a1a3"">Cuarto de palé</div>
<div class=""page3a2a2a1a2"">24 paquetes</div></td>
</tr>
</tbody>
</table>
</div>"
199,simple,WH-4396,Laub- + Nadelholz-Briketts – Palette mit 960 kg,1,270,216,Holzbriketts,"Pressholz für den Tag, aus einer Mischung von Buchen-, Eichen-, Eschen- und Nadelholzspänen aus regionalen Sägewerken. 100 % natürlich, ohne Leim und Zusatzstoffe. Verkauft als Palette mit insgesamt 960 kg.","<div class=""page3a2a2"">
<table class=""page3a2a2a"">
<tbody>
<tr class=""page3a2a2a1"">
<td class=""page3a2a2a1a"">
<div class=""page3a2a2a1a1"">Übersicht</div></td>
<td class=""page3a2a2a1b"">
<div class=""page3a2a2a1a3"">Ein sauberes, sparsames und umweltfreundliches Brennholz: Pressholz.</div>
<div class=""page3a2a2a1a2"">Ultratrockenes Holz mit einer Restfeuchte unter 8 %. Ein Heizwert, der 3- bis 4-mal höher ist als bei herkömmlichem Holz. Brenndauer 1,5 bis 2 Stunden, und dank Aschegehalt unter 1,5 % kein Verschmutzen.</div>
<div class=""page3a2a2a1a2"">Diese Briketts liefern gleichmässige Wärme und sorgen für stabilen, hochwertigen Komfort. Pressholz muss unbedingt drinnen und vor jeglicher Feuchtigkeit geschützt gelagert werden.</div>
<div class=""page3a2a2a1a3"">Heizwert</div>
<div class=""page3a2a2a1a2"">4,9 kWh/kg</div></td>
</tr>
</tbody>
</table>
</div>
<div class=""page3a2a2"">
<table class=""page3a2a2a"">
<tbody>
<tr class=""page3a2a2a1"">
<td class=""page3a2a2a1a"">
<div class=""page3a2a2a1a1"">Weitere Informationen</div></td>
<td class=""page3a2a2a1b"">
<div class=""page3a2a2a1a3"">Restfeuchte</div>
<div class=""page3a2a2a1a2"">Unter 8 %</div>
<div class=""page3a2a2a1a3"">Aschegehalt</div>
<div class=""page3a2a2a1a2"">Unter 1,5 %</div>
<div class=""page3a2a2a1a3"">Holzart</div>
<div class=""page3a2a2a1a2"">Laub- und Nadelholz</div>
<div class=""page3a2a2a1a3"">Länge</div>
<div class=""page3a2a2a1a2"">26 bis 29 cm</div></td>
</tr>
</tbody>
</table>
</div>",,,kg,960,,,Feuillus + résineux - Palette de 960 kg,"Bois densifié de jour, composé de mélange de plaquettes de hêtre, chêne, frêne et de résineux issus de scieries locales, 100 % naturel, sans colle, ni additifs. Vendu avec un poids total de palette faisant 960 kg.","<div class=""page3a2a2"">
<table class=""page3a2a2a"">
<tbody>
<tr class=""page3a2a2a1"">
<td class=""page3a2a2a1a"">
<div class=""page3a2a2a1a1"">Présentation</div></td>
<td class=""page3a2a2a1b"">
<div class=""page3a2a2a1a3"">Un bois de chauffage propre, économique et écologique : le bois densifié.</div>
<div class=""page3a2a2a1a2"">Un bois ultra sec grâce à un taux d'humidité inférieur à 8%. Un fort pouvoir calorifique 3 à 4 fois supérieur au bois traditionnel.Une durée de combustion de 1h30 à 2h et n'encrasse pas avec son faible taux en cendres inférieur à 1.5%.</div>
<div class=""page3a2a2a1a2"">Ces bûches vous offriront une chaleur constante et vous procureront un confort stable et de qualité. Nous vous rappelons que le bois densifié est impérativement à stocker en intérieur à l'abri de toute humidité</div>
<div class=""page3a2a2a1a3"">Pouvoir Calorifique</div>
<div class=""page3a2a2a1a2"">4.9 kWh/kg</div></td>
</tr>
</tbody>
</table>
</div>
<div class=""page3a2a2"">
<table class=""page3a2a2a"">
<tbody>
<tr class=""page3a2a2a1"">
<td class=""page3a2a2a1a"">
<div class=""page3a2a2a1a1"">Informations complémentaires</div></td>
<td class=""page3a2a2a1b"">
<div class=""page3a2a2a1a3"">Taux D'humidité</div>
<div class=""page3a2a2a1a2"">Inférieur à 8%</div>
<div class=""page3a2a2a1a3"">Taux De Cendres</div>
<div class=""page3a2a2a1a2"">Inférieur à 1.5%</div>
<div class=""page3a2a2a1a3"">Essence</div>
<div class=""page3a2a2a1a2"">Feuillus et résineux</div>
<div class=""page3a2a2a1a3"">Longueur</div>
<div class=""page3a2a2a1a2"">26 à 29 cm</div></td>
</tr>
</tbody>
</table>
</div>",Hardwood + softwood – 960 kg pallet,"Daytime densified wood made from a mix of beech, oak, ash and softwood chips from local sawmills, 100% natural, no glue or additives. Sold as a pallet with a total weight of 960 kg.","<div class=""page3a2a2"">
<table class=""page3a2a2a"">
<tbody>
<tr class=""page3a2a2a1"">
<td class=""page3a2a2a1a"">
<div class=""page3a2a2a1a1"">Overview</div></td>
<td class=""page3a2a2a1b"">
<div class=""page3a2a2a1a3"">A clean, economical and eco-friendly firewood: densified wood.</div>
<div class=""page3a2a2a1a2"">Ultra-dry wood with a moisture content below 8%. A calorific value 3 to 4 times higher than traditional wood. A burn time of 1.5 to 2 hours, and no clogging thanks to its low ash content below 1.5%.</div>
<div class=""page3a2a2a1a2"">These logs give you constant heat and steady, high-quality comfort. Please remember that densified wood must always be stored indoors, away from any damp.</div>
<div class=""page3a2a2a1a3"">Calorific value</div>
<div class=""page3a2a2a1a2"">4.9 kWh/kg</div></td>
</tr>
</tbody>
</table>
</div>
<div class=""page3a2a2"">
<table class=""page3a2a2a"">
<tbody>
<tr class=""page3a2a2a1"">
<td class=""page3a2a2a1a"">
<div class=""page3a2a2a1a1"">Additional information</div></td>
<td class=""page3a2a2a1b"">
<div class=""page3a2a2a1a3"">Moisture content</div>
<div class=""page3a2a2a1a2"">Below 8%</div>
<div class=""page3a2a2a1a3"">Ash content</div>
<div class=""page3a2a2a1a2"">Below 1.5%</div>
<div class=""page3a2a2a1a3"">Wood species</div>
<div class=""page3a2a2a1a2"">Hardwood and softwood</div>
<div class=""page3a2a2a1a3"">Length</div>
<div class=""page3a2a2a1a2"">26 to 29 cm</div></td>
</tr>
</tbody>
</table>
</div>",Frondosas + coníferas – Palé de 960 kg,"Madera densificada de día, compuesta por una mezcla de virutas de haya, roble, fresno y coníferas de aserraderos locales, 100 % natural, sin cola ni aditivos. Se vende por palé con un peso total de 960 kg.","<div class=""page3a2a2"">
<table class=""page3a2a2a"">
<tbody>
<tr class=""page3a2a2a1"">
<td class=""page3a2a2a1a"">
<div class=""page3a2a2a1a1"">Presentación</div></td>
<td class=""page3a2a2a1b"">
<div class=""page3a2a2a1a3"">Una leña limpia, económica y ecológica: la madera densificada.</div>
<div class=""page3a2a2a1a2"">Madera ultraseca con una humedad inferior al 8 %. Un poder calorífico 3 o 4 veces superior al de la leña tradicional. Una duración de combustión de 1,5 a 2 horas y no ensucia gracias a su bajo contenido en cenizas, inferior al 1,5 %.</div>
<div class=""page3a2a2a1a2"">Estos troncos le ofrecen un calor constante y un confort estable y de calidad. Le recordamos que la madera densificada debe almacenarse siempre en interior, protegida de cualquier humedad.</div>
<div class=""page3a2a2a1a3"">Poder calorífico</div>
<div class=""page3a2a2a1a2"">4,9 kWh/kg</div></td>
</tr>
</tbody>
</table>
</div>
<div class=""page3a2a2"">
<table class=""page3a2a2a"">
<tbody>
<tr class=""page3a2a2a1"">
<td class=""page3a2a2a1a"">
<div class=""page3a2a2a1a1"">Información adicional</div></td>
<td class=""page3a2a2a1b"">
<div class=""page3a2a2a1a3"">Humedad</div>
<div class=""page3a2a2a1a2"">Inferior al 8 %</div>
<div class=""page3a2a2a1a3"">Contenido de cenizas</div>
<div class=""page3a2a2a1a2"">Inferior al 1,5 %</div>
<div class=""page3a2a2a1a3"">Especie</div>
<div class=""page3a2a2a1a2"">Frondosas y coníferas</div>
<div class=""page3a2a2a1a3"">Longitud</div>
<div class=""page3a2a2a1a2"">De 26 a 29 cm</div></td>
</tr>
</tbody>
</table>
</div>"
205,simple,WH-4397,Pellets Van Roje – Palette mit 65 Säcken à 15 kg,1,500,400,Holzpellets,"VANROJE-Holzpellets aus einem umweltbewussten Sägewerk in Deutschland. Unsere PREMIUM-Pellets mit hohem Heizwert und sehr niedrigem Asche-, Staub- und Feuchtigkeitsgehalt. Seit über 10 Jahren unser ganzer Stolz! Die Qualität geht weit über die Normen DIN plus und ENplus A1 hinaus. Das Holz stammt aus nachhaltig bewirtschafteten Wäldern und ist PEFC-zertifiziert.","<div class=""page3a2a2"">
<table class=""page3a2a2a"">
<tbody>
<tr class=""page3a2a2a1"">
<td class=""page3a2a2a1a"">
<div class=""page3a2a2a1a1"">Übersicht</div></td>
<td class=""page3a2a2a1b"">
<div class=""page3a2a2a1a3"">Der VanRoje-Pellet ist unser hochwertigster Holzpellet.</div>
<div class=""page3a2a2a1a2"">VANROJE-Holzpellets übertreffen die Anforderungen der Normen DIN plus und ENplus und tragen das PEFC-Label (nachhaltige Waldbewirtschaftung). Der Heizwert liegt 7 % über der DIN-plus-Norm. Sie erhalten 44 % weniger Asche und 77 % weniger Staub als bei einem Standardpellet. 100 % Nadelholz, ohne Zusatzstoffe und CO₂-neutral – ideal für Ihren Pelletofen oder Pelletkessel. Er heizt schnell auf, hält die Wärme konstant, und Sie verbrauchen weniger Pellets als bei anderen Marken.</div>
<div class=""page3a2a2a1a3"">Ein Pellet in deutscher Spitzenqualität!</div>
<div class=""page3a2a2a1a2"">Sie haben sich für eine Pelletheizung entschieden – und das zu Recht! Sie heizt nicht nur mit erneuerbarer Energie, sondern auch sparsam. Mit VANROJE-Pellets heizt Ihr Gerät schnell auf, und dank des geringen Staub- und Aschegehalts geniessen Sie einfach die Wärme, ohne täglich reinigen zu müssen.</div></td>
</tr>
</tbody>
</table>
</div>
<div class=""page3a2a2"">
<table class=""page3a2a2a"">
<tbody>
<tr class=""page3a2a2a1"">
<td class=""page3a2a2a1a"">
<div class=""page3a2a2a1a1"">Weitere Informationen</div></td>
<td class=""page3a2a2a1b"">
<div class=""page3a2a2a1a3"">Zusammensetzung</div>
<div class=""page3a2a2a1a2"">100 % Nadelholz</div>
<div class=""page3a2a2a1a3"">Zertifikate</div>
<div class=""page3a2a2a1a2"">DIN plus, ENplus A1, PEFC</div>
<div class=""page3a2a2a1a3"">Heizwert</div>
<div class=""page3a2a2a1a2"">Über 4,9 kWh/kg</div>
<div class=""page3a2a2a1a3"">Restfeuchte</div>
<div class=""page3a2a2a1a2"">Unter 7,8 %</div>
<div class=""page3a2a2a1a3"">Aschegehalt</div>
<div class=""page3a2a2a1a2"">Unter 0,39 %</div>
<div class=""page3a2a2a1a3"">Staubanteil</div>
<div class=""page3a2a2a1a2"">Unter 0,23 %</div>
<div class=""page3a2a2a1a3"">Durchmesser</div>
<div class=""page3a2a2a1a2"">6 mm</div></td>
</tr>
</tbody>
</table>
</div>",,,kg,975,,,Pellet Van Roje - Palette de 65 sacs de 15 kg,"Pellet de bois VANROJE fabriqué dans une scierie située en Allemagne, soucieuse de l'environnement. Notre pellet HAUT DE GAMME à fort pouvoir calorifique et très faibles taux de cendres, de poussières et d'humidité. Ce pellet est notre fierté depuis plus de 10 ans ! Sa qualité va bien au-delà des normes DIN Plus et EN Plus A1. Son bois provient de forêts gérées durablement, il est PEFC.","<div class=""page3a2a2"">
<table class=""page3a2a2a"">
<tbody>
<tr class=""page3a2a2a1"">
<td class=""page3a2a2a1a"">
<div class=""page3a2a2a1a1"">Présentation</div></td>
<td class=""page3a2a2a1b"">
<div class=""page3a2a2a1a3"">Le pellet VanRoje est notre pellet de bois le plus haut de gamme.</div>
<div class=""page3a2a2a1a2"">Le pellet de bois VANROJE dépasse les exigences des normes DIN Plus et EN Plus, il est également labellisé PEFC (gestion durable des forêts). Son pouvoir calorifique est 7% au-dessus de la norme DIN Plus. Il vous garantit 44 % de cendres en moins et 77 % de poussières en moins par rapport à un pellet standard. 100 % résineux, sans additif et neutre en CO2, ce pellet de bois est idéal pour votre poêle ou chaudière. Il procure une montée rapide en température, garde une chaleur constante, vous consommerez moins de pellet qu'avec une autre marque.</div>
<div class=""page3a2a2a1a3"">Un pellet de Haute qualité allemande !</div>
<div class=""page3a2a2a1a2"">Vous avez choisi d'installer un système de chauffage aux granulés de bois et avez eu raison !! en plus d'être un chauffage à énergie renouvelable, il est aussi économique. Avec le pellet VANROJE, vous bénéficierez d'une montée rapide en température et grâce à ses faibles taux de poussières et de cendres, vous n'aurez qu'à profiter de sa chaleur sans devoir le nettoyer tous les jours.</div></td>
</tr>
</tbody>
</table>
</div>
<div class=""page3a2a2"">
<table class=""page3a2a2a"">
<tbody>
<tr class=""page3a2a2a1"">
<td class=""page3a2a2a1a"">
<div class=""page3a2a2a1a1"">Informations complémentaires</div></td>
<td class=""page3a2a2a1b"">
<div class=""page3a2a2a1a3"">Composition</div>
<div class=""page3a2a2a1a2"">100% résineux</div>
<div class=""page3a2a2a1a3"">Certificats</div>
<div class=""page3a2a2a1a2"">DIN Plus, EN Plus A1, PEFC</div>
<div class=""page3a2a2a1a3"">Pouvoir Calorifique</div>
<div class=""page3a2a2a1a2"">Supérieur à 4,9 kWh/kg</div>
<div class=""page3a2a2a1a3"">Taux D'humidité</div>
<div class=""page3a2a2a1a2"">Inférieur à 7,8 %</div>
<div class=""page3a2a2a1a3"">Taux De Cendres</div>
<div class=""page3a2a2a1a2"">Inférieur à 0,39 %</div>
<div class=""page3a2a2a1a3"">Taux De Poussière</div>
<div class=""page3a2a2a1a2"">Inférieur à 0,23 %</div>
<div class=""page3a2a2a1a3"">Diamètre</div>
<div class=""page3a2a2a1a2"">6 mm</div></td>
</tr>
</tbody>
</table>
</div>",Van Roje pellets – pallet of 65 × 15 kg bags,"VANROJE wood pellets made at an environmentally conscious sawmill in Germany. Our PREMIUM pellet with a high calorific value and very low ash, dust and moisture content. This pellet has been our pride for more than 10 years! Its quality goes well beyond the DIN Plus and EN Plus A1 standards. Its wood comes from sustainably managed forests and is PEFC certified.","<div class=""page3a2a2"">
<table class=""page3a2a2a"">
<tbody>
<tr class=""page3a2a2a1"">
<td class=""page3a2a2a1a"">
<div class=""page3a2a2a1a1"">Overview</div></td>
<td class=""page3a2a2a1b"">
<div class=""page3a2a2a1a3"">The VanRoje pellet is our most premium wood pellet.</div>
<div class=""page3a2a2a1a2"">VANROJE wood pellets exceed the requirements of the DIN Plus and EN Plus standards and carry the PEFC label (sustainable forest management). Their calorific value is 7% above the DIN Plus standard. You get 44% less ash and 77% less dust than with a standard pellet. 100% softwood, additive-free and carbon neutral, this wood pellet is ideal for your stove or boiler. It heats up quickly and keeps a steady heat, and you will use fewer pellets than with another brand.</div>
<div class=""page3a2a2a1a3"">A top-quality German pellet!</div>
<div class=""page3a2a2a1a2"">You chose to install a wood pellet heating system, and you were right! As well as using renewable energy, it is economical. With VANROJE pellets your appliance heats up quickly, and thanks to their low dust and ash content you can simply enjoy the warmth without cleaning every day.</div></td>
</tr>
</tbody>
</table>
</div>
<div class=""page3a2a2"">
<table class=""page3a2a2a"">
<tbody>
<tr class=""page3a2a2a1"">
<td class=""page3a2a2a1a"">
<div class=""page3a2a2a1a1"">Additional information</div></td>
<td class=""page3a2a2a1b"">
<div class=""page3a2a2a1a3"">Composition</div>
<div class=""page3a2a2a1a2"">100% softwood</div>
<div class=""page3a2a2a1a3"">Certificates</div>
<div class=""page3a2a2a1a2"">DIN Plus, EN Plus A1, PEFC</div>
<div class=""page3a2a2a1a3"">Calorific value</div>
<div class=""page3a2a2a1a2"">Over 4.9 kWh/kg</div>
<div class=""page3a2a2a1a3"">Moisture content</div>
<div class=""page3a2a2a1a2"">Below 7.8%</div>
<div class=""page3a2a2a1a3"">Ash content</div>
<div class=""page3a2a2a1a2"">Below 0.39%</div>
<div class=""page3a2a2a1a3"">Dust content</div>
<div class=""page3a2a2a1a2"">Below 0.23%</div>
<div class=""page3a2a2a1a3"">Diameter</div>
<div class=""page3a2a2a1a2"">6 mm</div></td>
</tr>
</tbody>
</table>
</div>",Pellet Van Roje – Palé de 65 sacos de 15 kg,"Pellet de madera VANROJE fabricado en un aserradero respetuoso con el medio ambiente situado en Alemania. Nuestro pellet PREMIUM de alto poder calorífico y muy bajo contenido de cenizas, polvo y humedad. ¡Este pellet es nuestro orgullo desde hace más de 10 años! Su calidad va mucho más allá de las normas DIN Plus y EN Plus A1. Su madera procede de bosques gestionados de forma sostenible y tiene certificación PEFC.","<div class=""page3a2a2"">
<table class=""page3a2a2a"">
<tbody>
<tr class=""page3a2a2a1"">
<td class=""page3a2a2a1a"">
<div class=""page3a2a2a1a1"">Presentación</div></td>
<td class=""page3a2a2a1b"">
<div class=""page3a2a2a1a3"">El pellet VanRoje es nuestro pellet de madera de más alta gama.</div>
<div class=""page3a2a2a1a2"">El pellet de madera VANROJE supera las exigencias de las normas DIN Plus y EN Plus y cuenta con el sello PEFC (gestión forestal sostenible). Su poder calorífico es un 7 % superior a la norma DIN Plus. Le garantiza un 44 % menos de cenizas y un 77 % menos de polvo que un pellet estándar. 100 % coníferas, sin aditivos y neutro en CO₂, es ideal para su estufa o caldera. Calienta rápidamente, mantiene un calor constante y consumirá menos pellets que con otra marca.</div>
<div class=""page3a2a2a1a3"">¡Un pellet alemán de alta calidad!</div>
<div class=""page3a2a2a1a2"">Ha elegido instalar una calefacción de pellets y ha acertado: además de usar energía renovable, es económica. Con el pellet VANROJE su aparato calienta rápidamente y, gracias a su bajo contenido de polvo y cenizas, solo tendrá que disfrutar del calor sin limpiarlo a diario.</div></td>
</tr>
</tbody>
</table>
</div>
<div class=""page3a2a2"">
<table class=""page3a2a2a"">
<tbody>
<tr class=""page3a2a2a1"">
<td class=""page3a2a2a1a"">
<div class=""page3a2a2a1a1"">Información adicional</div></td>
<td class=""page3a2a2a1b"">
<div class=""page3a2a2a1a3"">Composición</div>
<div class=""page3a2a2a1a2"">100 % coníferas</div>
<div class=""page3a2a2a1a3"">Certificados</div>
<div class=""page3a2a2a1a2"">DIN Plus, EN Plus A1, PEFC</div>
<div class=""page3a2a2a1a3"">Poder calorífico</div>
<div class=""page3a2a2a1a2"">Superior a 4,9 kWh/kg</div>
<div class=""page3a2a2a1a3"">Humedad</div>
<div class=""page3a2a2a1a2"">Inferior al 7,8 %</div>
<div class=""page3a2a2a1a3"">Contenido de cenizas</div>
<div class=""page3a2a2a1a2"">Inferior al 0,39 %</div>
<div class=""page3a2a2a1a3"">Contenido de polvo</div>
<div class=""page3a2a2a1a2"">Inferior al 0,23 %</div>
<div class=""page3a2a2a1a3"">Diámetro</div>
<div class=""page3a2a2a1a2"">6 mm</div></td>
</tr>
</tbody>
</table>
</div>"
206,simple,WH-4398,Pellets Valboval – Palette mit 65 Säcken à 15 kg,1,470,376,Holzpellets,"VALBOVAL-Holzpellets: 100 % aus Frankreich, 100 % Nadelholz und DIN-plus-zertifiziert. Hoher Heizwert sowie niedriger Asche- und Staubgehalt. Ein lokales Qualitätsprodukt zum kleinen Preis.","<div class=""page3a2a2"">
<table class=""page3a2a2a"">
<tbody>
<tr class=""page3a2a2a1"">
<td class=""page3a2a2a1a"">
<div class=""page3a2a2a1a1"">Übersicht</div></td>
<td class=""page3a2a2a1b"">
<div class=""page3a2a2a1a3"">Ideal für alle Pelletheizungen.</div>
<div class=""page3a2a2a1a2"">Der VALBOVAL-Pellet gehört zu unseren Spitzenprodukten; seine Qualität liegt über den Anforderungen der DIN-plus-Norm. Dank des geringen Asche- und Staubgehalts verschmutzen Ofen, Einsatz oder Kessel nicht. Mit dem hohen Heizwert (5 kWh/kg) erhalten Sie gleichmässige Wärme und ein schnelles Aufheizen.</div>
<div class=""page3a2a2a1a2"">Dieser Pellet wird in Frankreich hergestellt. Mit ihm wählen Sie eine ökologische und sparsame Heizart – und schonen dabei Ihr Gerät.</div>
<div class=""page3a2a2a1a3"">Zusammensetzung</div>
<div class=""page3a2a2a1a2"">100 % Nadelholz</div>
<div class=""page3a2a2a1a3"">Zertifikate</div>
<div class=""page3a2a2a1a2"">DIN plus</div></td>
</tr>
</tbody>
</table>
</div>
<div class=""page3a2a2"">
<table class=""page3a2a2a"">
<tbody>
<tr class=""page3a2a2a1"">
<td class=""page3a2a2a1a"">
<div class=""page3a2a2a1a1"">Weitere Informationen</div></td>
<td class=""page3a2a2a1b"">
<div class=""page3a2a2a1a3"">Heizwert</div>
<div class=""page3a2a2a1a2"">Über 5 kWh/kg</div>
<div class=""page3a2a2a1a3"">Restfeuchte</div>
<div class=""page3a2a2a1a2"">Unter 10 %</div>
<div class=""page3a2a2a1a3"">Aschegehalt</div>
<div class=""page3a2a2a1a2"">Unter 0,7 %</div>
<div class=""page3a2a2a1a3"">Durchmesser</div>
<div class=""page3a2a2a1a2"">6 mm</div>
<div class=""page3a2a2a1a3"">Staubanteil</div>
<div class=""page3a2a2a1a2"">Unter 0,5 %</div></td>
</tr>
</tbody>
</table>
</div>",,,kg,975,,,Pellet Valboval - Palette de 65 sacs de 15 kg,"Pellet de bois VALBOVAL, 100 % français, 100 % résineux et certifié DIN Plus. Pouvoir calorifique élevé et faibles taux en cendres et en poussières. Produit local de bonne qualité et à petit prix.","<div class=""page3a2a2"">
<table class=""page3a2a2a"">
<tbody>
<tr class=""page3a2a2a1"">
<td class=""page3a2a2a1a"">
<div class=""page3a2a2a1a1"">Présentation</div></td>
<td class=""page3a2a2a1b"">
<div class=""page3a2a2a1a3"">Idéal pour tous les systèmes de chauffage à granulés.</div>
<div class=""page3a2a2a1a2"">Le pellet VALBOVAL est un de nos produits haut de gamme, sa qualité est supérieure aux exigences de la norme DIN Plus. Avec des taux de cendres et de poussières faibles, vous n'encrasserez pas votre poêle, insert ou chaudière. Son pouvoir calorifique étant élevé (5 kWh/kg) vous êtes assurés d'obtenir une chaleur constante dans votre foyer et une montée rapide en température.</div>
<div class=""page3a2a2a1a2"">Ce granulé est fabriqué en France, en l'achetant, vous choisissez un mode de chauffage écologique et économique, tout en préservant votre appareil.</div>
<div class=""page3a2a2a1a3"">Composition</div>
<div class=""page3a2a2a1a2"">100% résineux</div>
<div class=""page3a2a2a1a3"">Certificats</div>
<div class=""page3a2a2a1a2"">DIN Plus</div></td>
</tr>
</tbody>
</table>
</div>
<div class=""page3a2a2"">
<table class=""page3a2a2a"">
<tbody>
<tr class=""page3a2a2a1"">
<td class=""page3a2a2a1a"">
<div class=""page3a2a2a1a1"">Informations complémentaires</div></td>
<td class=""page3a2a2a1b"">
<div class=""page3a2a2a1a3"">Pouvoir Calorifique</div>
<div class=""page3a2a2a1a2"">Supérieur à 5 kWh/kg</div>
<div class=""page3a2a2a1a3"">Taux D'humidité</div>
<div class=""page3a2a2a1a2"">Inférieur à 10 %</div>
<div class=""page3a2a2a1a3"">Taux De Cendres</div>
<div class=""page3a2a2a1a2"">Inférieur à 0,7 %</div>
<div class=""page3a2a2a1a3"">Diamètre</div>
<div class=""page3a2a2a1a2"">6 mm</div>
<div class=""page3a2a2a1a3"">Taux De Poussière</div>
<div class=""page3a2a2a1a2"">Inférieur à 0,5 %</div></td>
</tr>
</tbody>
</table>
</div>",Valboval pellets – pallet of 65 × 15 kg bags,"VALBOVAL wood pellets: 100% French, 100% softwood and DIN Plus certified. High calorific value and low ash and dust content. A good-quality local product at a low price.","<div class=""page3a2a2"">
<table class=""page3a2a2a"">
<tbody>
<tr class=""page3a2a2a1"">
<td class=""page3a2a2a1a"">
<div class=""page3a2a2a1a1"">Overview</div></td>
<td class=""page3a2a2a1b"">
<div class=""page3a2a2a1a3"">Ideal for all pellet heating systems.</div>
<div class=""page3a2a2a1a2"">The VALBOVAL pellet is one of our premium products; its quality exceeds the requirements of the DIN Plus standard. With low ash and dust levels, it will not clog your stove, insert or boiler. Its high calorific value (5 kWh/kg) ensures a steady heat in your home and a quick rise in temperature.</div>
<div class=""page3a2a2a1a2"">This pellet is made in France: by buying it, you choose an eco-friendly and economical way of heating while looking after your appliance.</div>
<div class=""page3a2a2a1a3"">Composition</div>
<div class=""page3a2a2a1a2"">100% softwood</div>
<div class=""page3a2a2a1a3"">Certificates</div>
<div class=""page3a2a2a1a2"">DIN Plus</div></td>
</tr>
</tbody>
</table>
</div>
<div class=""page3a2a2"">
<table class=""page3a2a2a"">
<tbody>
<tr class=""page3a2a2a1"">
<td class=""page3a2a2a1a"">
<div class=""page3a2a2a1a1"">Additional information</div></td>
<td class=""page3a2a2a1b"">
<div class=""page3a2a2a1a3"">Calorific value</div>
<div class=""page3a2a2a1a2"">Over 5 kWh/kg</div>
<div class=""page3a2a2a1a3"">Moisture content</div>
<div class=""page3a2a2a1a2"">Below 10%</div>
<div class=""page3a2a2a1a3"">Ash content</div>
<div class=""page3a2a2a1a2"">Below 0.7%</div>
<div class=""page3a2a2a1a3"">Diameter</div>
<div class=""page3a2a2a1a2"">6 mm</div>
<div class=""page3a2a2a1a3"">Dust content</div>
<div class=""page3a2a2a1a2"">Below 0.5%</div></td>
</tr>
</tbody>
</table>
</div>",Pellet Valboval – Palé de 65 sacos de 15 kg,"Pellet de madera VALBOVAL, 100 % francés, 100 % coníferas y con certificación DIN Plus. Alto poder calorífico y bajo contenido de cenizas y polvo. Producto local de buena calidad a buen precio.","<div class=""page3a2a2"">
<table class=""page3a2a2a"">
<tbody>
<tr class=""page3a2a2a1"">
<td class=""page3a2a2a1a"">
<div class=""page3a2a2a1a1"">Presentación</div></td>
<td class=""page3a2a2a1b"">
<div class=""page3a2a2a1a3"">Ideal para todos los sistemas de calefacción de pellets.</div>
<div class=""page3a2a2a1a2"">El pellet VALBOVAL es uno de nuestros productos de gama alta: su calidad supera las exigencias de la norma DIN Plus. Con sus bajos contenidos de cenizas y polvo, no ensuciará su estufa, insert o caldera. Su alto poder calorífico (5 kWh/kg) garantiza un calor constante en su hogar y un rápido aumento de la temperatura.</div>
<div class=""page3a2a2a1a2"">Este pellet se fabrica en Francia: al comprarlo elige una calefacción ecológica y económica, y además cuida su aparato.</div>
<div class=""page3a2a2a1a3"">Composición</div>
<div class=""page3a2a2a1a2"">100 % coníferas</div>
<div class=""page3a2a2a1a3"">Certificados</div>
<div class=""page3a2a2a1a2"">DIN Plus</div></td>
</tr>
</tbody>
</table>
</div>
<div class=""page3a2a2"">
<table class=""page3a2a2a"">
<tbody>
<tr class=""page3a2a2a1"">
<td class=""page3a2a2a1a"">
<div class=""page3a2a2a1a1"">Información adicional</div></td>
<td class=""page3a2a2a1b"">
<div class=""page3a2a2a1a3"">Poder calorífico</div>
<div class=""page3a2a2a1a2"">Superior a 5 kWh/kg</div>
<div class=""page3a2a2a1a3"">Humedad</div>
<div class=""page3a2a2a1a2"">Inferior al 10 %</div>
<div class=""page3a2a2a1a3"">Contenido de cenizas</div>
<div class=""page3a2a2a1a2"">Inferior al 0,7 %</div>
<div class=""page3a2a2a1a3"">Diámetro</div>
<div class=""page3a2a2a1a2"">6 mm</div>
<div class=""page3a2a2a1a3"">Contenido de polvo</div>
<div class=""page3a2a2a1a2"">Inferior al 0,5 %</div></td>
</tr>
</tbody>
</table>
</div>"
207,simple,WH-4399,Holzpellets DIN plus – 75 Säcke à 10 kg,1,360,288,Holzpellets,"Heizwert ca. 4,9 kWh pro kg, Schüttdichte mindestens 600 kg/m³, Durchmesser 8 mm, Länge 5 mm. Gesamtfeuchte bei Anlieferung max. 10 %, Asche 0,5 %.","<div class=""page3a2a2"">
<table class=""page3a2a2a"">
<tbody>
<tr class=""page3a2a2a1"">
<td class=""page3a2a2a1a"">
<div class=""page3a2a2a1a1"">Übersicht</div></td>
<td class=""page3a2a2a1b"">
<div class=""page3a2a2a1a3"">Produkttyp</div>
<div class=""page3a2a2a1a2"">Holzpellets</div>
<div class=""page3a2a2a1a2"">Die Rohstoffe (Sägemehl usw.) werden in der Mühle zu Holzmehl zerkleinert. Dieses gelangt in den Trockner und anschliessend in die Pelletpresse, wo das Holzmehl zu Pellets gepresst wird.</div>
<div class=""page3a2a2a1a3"">Gewicht</div>
<div class=""page3a2a2a1a2"">750 Kg</div>
<div class=""page3a2a2a1a3"">Heizwert</div>
<div class=""page3a2a2a1a2"">Über 5 kWh/kg</div></td>
</tr>
</tbody>
</table>
</div>
<div class=""page3a2a2"">
<table class=""page3a2a2a"">
<tbody>
<tr class=""page3a2a2a1"">
<td class=""page3a2a2a1a"">
<div class=""page3a2a2a1a1"">Weitere Informationen</div></td>
<td class=""page3a2a2a1b"">
<div class=""page3a2a2a1a3"">Durchmesser</div>
<div class=""page3a2a2a1a2"">6mm</div>
<div class=""page3a2a2a1a3"">Länge</div>
<div class=""page3a2a2a1a2"">30mm</div>
<div class=""page3a2a2a1a3"">Feuchtigkeit</div>
<div class=""page3a2a2a1a2"">max. 10 %</div>
<div class=""page3a2a2a1a3"">Asche (Trockenbasis)</div>
<div class=""page3a2a2a1a2"">max. 0,6 %</div>
<div class=""page3a2a2a1a3"">Zertifikate</div>
<div class=""page3a2a2a1a2"">DIN plus</div></td>
</tr>
</tbody>
</table>
</div>",,,kg,750,,,Granulés de bois Din Plus - 75 sacs x 10 kg,"Pouvoir calorifique env. 49kW/h par kg, Densité apparente non inférieure à 600 kg/m3, Diamètre 8 mm, Longueur 5mm. Humidité totale telle que reçue max 10%, Cendres 0,5 %.","<div class=""page3a2a2"">
<table class=""page3a2a2a"">
<tbody>
<tr class=""page3a2a2a1"">
<td class=""page3a2a2a1a"">
<div class=""page3a2a2a1a1"">Présentation</div></td>
<td class=""page3a2a2a1b"">
<div class=""page3a2a2a1a3"">Type de produit</div>
<div class=""page3a2a2a1a2"">Granulés de bois</div>
<div class=""page3a2a2a1a2"">Les matières premières (sciure de bois, etc.) entrent dans le broyeur où elles sont réduites en farine. La masse reçue entre dans le séchoir puis dans la presse à granulés, où la farine de bois est comprimée en granulés.</div>
<div class=""page3a2a2a1a3"">Poids</div>
<div class=""page3a2a2a1a2"">750 Kg</div>
<div class=""page3a2a2a1a3"">Valeur calorifique</div>
<div class=""page3a2a2a1a2"">More than 5 kWh/kg</div></td>
</tr>
</tbody>
</table>
</div>
<div class=""page3a2a2"">
<table class=""page3a2a2a"">
<tbody>
<tr class=""page3a2a2a1"">
<td class=""page3a2a2a1a"">
<div class=""page3a2a2a1a1"">Informations complémentaires</div></td>
<td class=""page3a2a2a1b"">
<div class=""page3a2a2a1a3"">Diamètre</div>
<div class=""page3a2a2a1a2"">6mm</div>
<div class=""page3a2a2a1a3"">Longueur</div>
<div class=""page3a2a2a1a2"">30mm</div>
<div class=""page3a2a2a1a3"">Humidité</div>
<div class=""page3a2a2a1a2"">10% max</div>
<div class=""page3a2a2a1a3"">Cendres (base sèche)</div>
<div class=""page3a2a2a1a2"">0,6% max</div>
<div class=""page3a2a2a1a3"">Certificats</div>
<div class=""page3a2a2a1a2"">DIN Plus</div></td>
</tr>
</tbody>
</table>
</div>",DIN Plus wood pellets – 75 × 10 kg bags,"Calorific value approx. 4.9 kWh per kg, bulk density not less than 600 kg/m³, diameter 8 mm, length 5 mm. Total moisture as received max. 10%, ash 0.5%.","<div class=""page3a2a2"">
<table class=""page3a2a2a"">
<tbody>
<tr class=""page3a2a2a1"">
<td class=""page3a2a2a1a"">
<div class=""page3a2a2a1a1"">Overview</div></td>
<td class=""page3a2a2a1b"">
<div class=""page3a2a2a1a3"">Product type</div>
<div class=""page3a2a2a1a2"">Wood pellets</div>
<div class=""page3a2a2a1a2"">The raw materials (sawdust, etc.) go into the mill, where they are ground into wood flour. This then goes into the dryer and then into the pellet press, where the wood flour is compressed into pellets.</div>
<div class=""page3a2a2a1a3"">Weight</div>
<div class=""page3a2a2a1a2"">750 Kg</div>
<div class=""page3a2a2a1a3"">Calorific value</div>
<div class=""page3a2a2a1a2"">More than 5 kWh/kg</div></td>
</tr>
</tbody>
</table>
</div>
<div class=""page3a2a2"">
<table class=""page3a2a2a"">
<tbody>
<tr class=""page3a2a2a1"">
<td class=""page3a2a2a1a"">
<div class=""page3a2a2a1a1"">Additional information</div></td>
<td class=""page3a2a2a1b"">
<div class=""page3a2a2a1a3"">Diameter</div>
<div class=""page3a2a2a1a2"">6mm</div>
<div class=""page3a2a2a1a3"">Length</div>
<div class=""page3a2a2a1a2"">30mm</div>
<div class=""page3a2a2a1a3"">Moisture</div>
<div class=""page3a2a2a1a2"">10% max.</div>
<div class=""page3a2a2a1a3"">Ash (dry basis)</div>
<div class=""page3a2a2a1a2"">0.6% max.</div>
<div class=""page3a2a2a1a3"">Certificates</div>
<div class=""page3a2a2a1a2"">DIN Plus</div></td>
</tr>
</tbody>
</table>
</div>",Pellets de madera DIN Plus – 75 sacos de 10 kg,"Poder calorífico aprox. 4,9 kWh por kg, densidad aparente no inferior a 600 kg/m³, diámetro 8 mm, longitud 5 mm. Humedad total en la recepción máx. 10 %, cenizas 0,5 %.","<div class=""page3a2a2"">
<table class=""page3a2a2a"">
<tbody>
<tr class=""page3a2a2a1"">
<td class=""page3a2a2a1a"">
<div class=""page3a2a2a1a1"">Presentación</div></td>
<td class=""page3a2a2a1b"">
<div class=""page3a2a2a1a3"">Tipo de producto</div>
<div class=""page3a2a2a1a2"">Pellets de madera</div>
<div class=""page3a2a2a1a2"">Las materias primas (serrín, etc.) entran en el molino, donde se reducen a harina de madera. Esta pasa al secador y después a la prensa de pellets, donde la harina se comprime en gránulos.</div>
<div class=""page3a2a2a1a3"">Peso</div>
<div class=""page3a2a2a1a2"">750 Kg</div>
<div class=""page3a2a2a1a3"">Valor calorífico</div>
<div class=""page3a2a2a1a2"">Más de 5 kWh/kg</div></td>
</tr>
</tbody>
</table>
</div>
<div class=""page3a2a2"">
<table class=""page3a2a2a"">
<tbody>
<tr class=""page3a2a2a1"">
<td class=""page3a2a2a1a"">
<div class=""page3a2a2a1a1"">Información adicional</div></td>
<td class=""page3a2a2a1b"">
<div class=""page3a2a2a1a3"">Diámetro</div>
<div class=""page3a2a2a1a2"">6mm</div>
<div class=""page3a2a2a1a3"">Longitud</div>
<div class=""page3a2a2a1a2"">30mm</div>
<div class=""page3a2a2a1a3"">Humedad</div>
<div class=""page3a2a2a1a2"">10 % máx.</div>
<div class=""page3a2a2a1a3"">Cenizas (base seca)</div>
<div class=""page3a2a2a1a2"">0,6 % máx.</div>
<div class=""page3a2a2a1a3"">Certificados</div>
<div class=""page3a2a2a1a2"">DIN Plus</div></td>
</tr>
</tbody>
</table>
</div>"
208,simple,WH-4407,Buchenholz-Pellets – 60 Säcke à 15 kg,1,430,344,Holzpellets,"Holzpellets, ideal für Heizsysteme und Feuerungsanlagen. Dichte: 800 kg/m³. Länge: ≤ 32 mm. Feuchtigkeit: 7 %. ENplus-A1-Holzpellets: Bio-Heizen mit Holzpellets.","<div class=""page3a2a2"">
<table class=""page3a2a2a"">
<tbody>
<tr class=""page3a2a2a1"">
<td class=""page3a2a2a1a"">
<div class=""page3a2a2a1a1"">Übersicht</div></td>
<td class=""page3a2a2a1b"">
<div class=""page3a2a2a1a3"">Holzpellets mit hohem Heizwert</div>
<div class=""page3a2a2a1a2"">Wirtschaftlich: Holzpellets sind extrem dicht und können mit niedriger Restfeuchte (unter 10 %) hergestellt werden, wodurch sie mit sehr hohem Wirkungsgrad verbrennen. Dank der hohen Dichte lassen sie sich platzsparend lagern und auch über weite Strecken sinnvoll transportieren. Strom aus Pellets in umgerüsteten Kohlekraftwerken kostet fast gleich viel wie Strom aus Erdgas oder Diesel.</div>
<div class=""page3a2a2a1a2"">Umweltfreundlich: Holzpellets sind ein nachhaltiger Brennstoff, der die Netto-CO₂-Emissionen gegenüber fossilen Brennstoffen deutlich senken kann. Herstellung und Nutzung bringen zudem weitere ökologische und soziale Vorteile.</div>
<div class=""page3a2a2a1a3"">Gewicht</div>
<div class=""page3a2a2a1a2"">900kg</div></td>
</tr>
</tbody>
</table>
</div>
<div class=""page3a2a2"">
<table class=""page3a2a2a"">
<tbody>
<tr class=""page3a2a2a1"">
<td class=""page3a2a2a1a"">
<div class=""page3a2a2a1a1"">Weitere Informationen</div></td>
<td class=""page3a2a2a1b"">
<div class=""page3a2a2a1a3"">Zertifikate</div>
<div class=""page3a2a2a1a2"">DIN plus</div>
<div class=""page3a2a2a1a3"">Dichte</div>
<div class=""page3a2a2a1a2"">800 kg/m³</div>
<div class=""page3a2a2a1a3"">Durchmesser</div>
<div class=""page3a2a2a1a2"">Standardgrösse 8 mm</div>
<div class=""page3a2a2a1a3"">Länge</div>
<div class=""page3a2a2a1a2"">≤ 32 mm</div>
<div class=""page3a2a2a1a3"">Feuchtigkeit (%)</div>
<div class=""page3a2a2a1a2"">7</div>
<div class=""page3a2a2a1a3"">Aschegehalt (%)</div>
<div class=""page3a2a2a1a2"">1</div></td>
</tr>
</tbody>
</table>
</div>",,,kg,900,,,Granulés de bois de hêtre de 60sacs x 15kg,Granulés de bois idéale pour système de chauffage/centrale électrique pour la combustion. Densité : 800kg/m3. Longueur : ‚â§ 32mm. Humidité (%) : 7. EN Plus-A1 Granulés de Bois: Chauffage Bio Granulés De Bois.,"<div class=""page3a2a2"">
<table class=""page3a2a2a"">
<tbody>
<tr class=""page3a2a2a1"">
<td class=""page3a2a2a1a"">
<div class=""page3a2a2a1a1"">Présentation</div></td>
<td class=""page3a2a2a1b"">
<div class=""page3a2a2a1a3"">Granulés de bois avec un pouvoir calorifique élevé</div>
<div class=""page3a2a2a1a2"">Efficacité économique: les granulés de bois sont extrêmement denses et peuvent être produits avec une faible teneur en humidité (inférieure à 10%) qui leur permet d'être brûlés avec une efficacité de combustion très élevée. Leur haute densité permet également un stockage compact et un transport judicieux sur de longues distances. L'électricité générée par les granulés dans les usines de charbon converties est presque au même coût que l'électricité générée par le gaz naturel, le diesel.</div>
<div class=""page3a2a2a1a2"">Respectueux de l'environnement: les granulés de bois sont un carburant durable qui peut réduire considérablement les émissions nettes de carbone par rapport aux carburants fossile. Sa production et son utilisation apportent également des avantages environnementaux et sociaux supplémentaires.</div>
<div class=""page3a2a2a1a3"">Poids</div>
<div class=""page3a2a2a1a2"">900kg</div></td>
</tr>
</tbody>
</table>
</div>
<div class=""page3a2a2"">
<table class=""page3a2a2a"">
<tbody>
<tr class=""page3a2a2a1"">
<td class=""page3a2a2a1a"">
<div class=""page3a2a2a1a1"">Informations complémentaires</div></td>
<td class=""page3a2a2a1b"">
<div class=""page3a2a2a1a3"">Certificats</div>
<div class=""page3a2a2a1a2"">DIN Plus</div>
<div class=""page3a2a2a1a3"">Densité</div>
<div class=""page3a2a2a1a2"">800kg/m3</div>
<div class=""page3a2a2a1a3"">Diamètre</div>
<div class=""page3a2a2a1a2"">Taille standard 8mm</div>
<div class=""page3a2a2a1a3"">Longueur</div>
<div class=""page3a2a2a1a2"">≤ 32mm</div>
<div class=""page3a2a2a1a3"">Humidité (%)</div>
<div class=""page3a2a2a1a2"">7</div>
<div class=""page3a2a2a1a3"">Teneur en cendres (%)</div>
<div class=""page3a2a2a1a2"">1</div></td>
</tr>
</tbody>
</table>
</div>",Beech wood pellets – 60 × 15 kg bags,Wood pellets ideal for heating systems and combustion plants. Density: 800 kg/m³. Length: ≤ 32 mm. Moisture: 7%. EN Plus A1 wood pellets: bio heating with wood pellets.,"<div class=""page3a2a2"">
<table class=""page3a2a2a"">
<tbody>
<tr class=""page3a2a2a1"">
<td class=""page3a2a2a1a"">
<div class=""page3a2a2a1a1"">Overview</div></td>
<td class=""page3a2a2a1b"">
<div class=""page3a2a2a1a3"">Wood pellets with a high calorific value</div>
<div class=""page3a2a2a1a2"">Economical: wood pellets are extremely dense and can be produced with a low moisture content (below 10%), which lets them burn with very high combustion efficiency. Their high density also allows compact storage and sensible transport over long distances. Electricity generated from pellets in converted coal plants costs almost the same as electricity from natural gas or diesel.</div>
<div class=""page3a2a2a1a2"">Eco-friendly: wood pellets are a sustainable fuel that can significantly reduce net carbon emissions compared with fossil fuels. Their production and use also bring additional environmental and social benefits.</div>
<div class=""page3a2a2a1a3"">Weight</div>
<div class=""page3a2a2a1a2"">900kg</div></td>
</tr>
</tbody>
</table>
</div>
<div class=""page3a2a2"">
<table class=""page3a2a2a"">
<tbody>
<tr class=""page3a2a2a1"">
<td class=""page3a2a2a1a"">
<div class=""page3a2a2a1a1"">Additional information</div></td>
<td class=""page3a2a2a1b"">
<div class=""page3a2a2a1a3"">Certificates</div>
<div class=""page3a2a2a1a2"">DIN Plus</div>
<div class=""page3a2a2a1a3"">Density</div>
<div class=""page3a2a2a1a2"">800 kg/m³</div>
<div class=""page3a2a2a1a3"">Diameter</div>
<div class=""page3a2a2a1a2"">Standard size 8 mm</div>
<div class=""page3a2a2a1a3"">Length</div>
<div class=""page3a2a2a1a2"">≤ 32 mm</div>
<div class=""page3a2a2a1a3"">Moisture (%)</div>
<div class=""page3a2a2a1a2"">7</div>
<div class=""page3a2a2a1a3"">Ash content (%)</div>
<div class=""page3a2a2a1a2"">1</div></td>
</tr>
</tbody>
</table>
</div>",Pellets de madera de haya – 60 sacos de 15 kg,Pellets de madera ideales para sistemas de calefacción y plantas de combustión. Densidad: 800 kg/m³. Longitud: ≤ 32 mm. Humedad: 7 %. Pellets de madera EN Plus A1: calefacción ecológica con pellets.,"<div class=""page3a2a2"">
<table class=""page3a2a2a"">
<tbody>
<tr class=""page3a2a2a1"">
<td class=""page3a2a2a1a"">
<div class=""page3a2a2a1a1"">Presentación</div></td>
<td class=""page3a2a2a1b"">
<div class=""page3a2a2a1a3"">Pellets de madera con alto poder calorífico</div>
<div class=""page3a2a2a1a2"">Eficiencia económica: los pellets de madera son extremadamente densos y pueden producirse con baja humedad (inferior al 10 %), lo que les permite arder con una eficiencia de combustión muy alta. Su alta densidad también permite un almacenamiento compacto y un transporte razonable a largas distancias. La electricidad generada con pellets en centrales de carbón reconvertidas cuesta casi lo mismo que la generada con gas natural o gasóleo.</div>
<div class=""page3a2a2a1a2"">Respetuosos con el medio ambiente: los pellets de madera son un combustible sostenible que puede reducir considerablemente las emisiones netas de carbono frente a los combustibles fósiles. Su producción y uso aportan además beneficios ambientales y sociales.</div>
<div class=""page3a2a2a1a3"">Peso</div>
<div class=""page3a2a2a1a2"">900kg</div></td>
</tr>
</tbody>
</table>
</div>
<div class=""page3a2a2"">
<table class=""page3a2a2a"">
<tbody>
<tr class=""page3a2a2a1"">
<td class=""page3a2a2a1a"">
<div class=""page3a2a2a1a1"">Información adicional</div></td>
<td class=""page3a2a2a1b"">
<div class=""page3a2a2a1a3"">Certificados</div>
<div class=""page3a2a2a1a2"">DIN Plus</div>
<div class=""page3a2a2a1a3"">Densidad</div>
<div class=""page3a2a2a1a2"">800 kg/m³</div>
<div class=""page3a2a2a1a3"">Diámetro</div>
<div class=""page3a2a2a1a2"">Tamaño estándar 8 mm</div>
<div class=""page3a2a2a1a3"">Longitud</div>
<div class=""page3a2a2a1a2"">≤ 32 mm</div>
<div class=""page3a2a2a1a3"">Humedad (%)</div>
<div class=""page3a2a2a1a2"">7</div>
<div class=""page3a2a2a1a3"">Contenido de cenizas (%)</div>
<div class=""page3a2a2a1a2"">1</div></td>
</tr>
</tbody>
</table>
</div>"
214,simple,WH-4408,Premium-Palette mit 25 Säcken à 15 kg – DIN plus,1,210,168,Holzpellets,"Eine ausgezeichnete Alternative zu Brennholz: 100 % europäisch und DIN-plus-zertifiziert, geliefert auf Palette. Stellen Sie die Palette in Garage, Unterstand oder Keller – und Spalten und Stapeln ist in wenigen Minuten erledigt! Eine Palette ersetzt etwa einen Klafter Brennholz.","<div class=""page3a2a2"">
<table class=""page3a2a2a"">
<tbody>
<tr class=""page3a2a2a1"">
<td class=""page3a2a2a1a"">
<div class=""page3a2a2a1a1"">Übersicht</div></td>
<td class=""page3a2a2a1b"">
<div class=""page3a2a2a1a3"">Halten Sie Ihren Pelletgrill und Smoker mit den Premium-Hartholzpellets DIN plus auf Temperatur.</div>
<div class=""page3a2a2a1a2"">Die Premium-Hartholzpellets DIN plus bieten mehr Aroma und eine effizientere Verbrennung. Warum? Anders als die meisten Pellets sind sie kein Nebenprodukt, sondern bestehen zu 100 % aus naturbelassenem Hartholz – ohne Öle, Chemikalien oder Bindemittel. Die Trocknung in der Kammer sorgt für sehr trockene, heiss brennende Pellets. So brauchen Sie weniger, um die gewünschte Temperatur zu halten – es bleiben mehr Pellets für Ihr nächstes Grillfest und weniger Asche zum Reinigen.</div>
<div class=""page3a2a2a1a2"">Für Pellets mit kräftigerem Aroma und gleichmässigem Abbrand verwenden Sie die Premium-Hartholzpellets DIN plus.</div></td>
</tr>
</tbody>
</table>
</div>
<div class=""page3a2a2"">
<table class=""page3a2a2a"">
<tbody>
<tr class=""page3a2a2a1"">
<td class=""page3a2a2a1a"">
<div class=""page3a2a2a1a1"">Weitere Informationen</div></td>
<td class=""page3a2a2a1b"">
<div class=""page3a2a2a1a3"">Zusammensetzung</div>
<div class=""page3a2a2a1a2"">100 % Nadelholz</div>
<div class=""page3a2a2a1a3"">Zertifikate</div>
<div class=""page3a2a2a1a2"">DIN plus</div>
<div class=""page3a2a2a1a3"">Heizwert</div>
<div class=""page3a2a2a1a2"">Über 5 kWh/kg</div>
<div class=""page3a2a2a1a3"">Restfeuchte</div>
<div class=""page3a2a2a1a2"">Unter 8 %</div>
<div class=""page3a2a2a1a3"">Aschegehalt</div>
<div class=""page3a2a2a1a2"">Unter 0,3 %</div></td>
</tr>
</tbody>
</table>
</div>",,,kg,375,,,Palette Premium de 25 sacs de 15 kg - DIN Plus,"Ces briques sont une excellente alternative au bois de chauffage. 100% européennes et certifiés DIN Plus. Elles vous sont livrées sur palette. Stockez la palette dans votre garage, votre abri ou votre sous-sol et vous aurez fini de fendre et d'empiler en quelques minutes ! Une palette de briques Original Bio Bricks remplace environ une corde de bois de chauffage !","<div class=""page3a2a2"">
<table class=""page3a2a2a"">
<tbody>
<tr class=""page3a2a2a1"">
<td class=""page3a2a2a1a"">
<div class=""page3a2a2a1a1"">Présentation</div></td>
<td class=""page3a2a2a1b"">
<div class=""page3a2a2a1a3"">Keep your pellet grill and smoker fired up with the Premium Hardwood Pellets DIN Plus.</div>
<div class=""page3a2a2a1a2"">Les granules de bois dur Premium DIN Plus offrent une meilleure saveur et une combustion plus efficace. Pourquoi ? Contrairement à la plupart des granules disponibles, ces granules ne sont pas un sous-produit mais plutôt du bois franc vierge à 100 %. Aucune huile, aucun produit chimique ni aucun liant n'est ajouté. Le processus de séchage au four crée un faible taux d'humidité pour un granulé très sec et brûlant. Cela signifie qu'il brûle moins pour maintenir la température désirée, ce qui vous donne plus de granulés pour votre prochain barbecue et moins de cendres à nettoyer.</div>
<div class=""page3a2a2a1a2"">Pour des granules au goût plus prononcé et à la combustion constante, utilisez les granules de bois franc Premium DIN Plus.</div></td>
</tr>
</tbody>
</table>
</div>
<div class=""page3a2a2"">
<table class=""page3a2a2a"">
<tbody>
<tr class=""page3a2a2a1"">
<td class=""page3a2a2a1a"">
<div class=""page3a2a2a1a1"">Informations complémentaires</div></td>
<td class=""page3a2a2a1b"">
<div class=""page3a2a2a1a3"">Composition</div>
<div class=""page3a2a2a1a2"">100% résineux</div>
<div class=""page3a2a2a1a3"">Certificats</div>
<div class=""page3a2a2a1a2"">DIN Plus</div>
<div class=""page3a2a2a1a3"">Pouvoir Calorifique</div>
<div class=""page3a2a2a1a2"">Supérieur à 5kWh/kg</div>
<div class=""page3a2a2a1a3"">Taux D'humidité</div>
<div class=""page3a2a2a1a2"">Inférieur à 8 %</div>
<div class=""page3a2a2a1a3"">Taux De Cendres</div>
<div class=""page3a2a2a1a2"">Inférieur à 0,3 %</div></td>
</tr>
</tbody>
</table>
</div>",Premium pallet of 25 × 15 kg bags – DIN Plus,"An excellent alternative to firewood: 100% European and DIN Plus certified, delivered on a pallet. Store the pallet in your garage, shed or basement and you are done splitting and stacking in minutes! One pallet replaces about a cord of firewood.","<div class=""page3a2a2"">
<table class=""page3a2a2a"">
<tbody>
<tr class=""page3a2a2a1"">
<td class=""page3a2a2a1a"">
<div class=""page3a2a2a1a1"">Overview</div></td>
<td class=""page3a2a2a1b"">
<div class=""page3a2a2a1a3"">Keep your pellet grill and smoker fired up with the Premium Hardwood Pellets DIN Plus.</div>
<div class=""page3a2a2a1a2"">Premium DIN Plus hardwood pellets give better flavour and more efficient combustion. Why? Unlike most pellets on the market, they are not a by-product but 100% virgin hardwood. No oils, chemicals or binders are added. Kiln drying gives a low moisture content for a very dry, hot-burning pellet. This means it burns less to hold the temperature you want, leaving you more pellets for your next barbecue and less ash to clean up.</div>
<div class=""page3a2a2a1a2"">For pellets with a stronger flavour and a steady burn, use Premium DIN Plus hardwood pellets.</div></td>
</tr>
</tbody>
</table>
</div>
<div class=""page3a2a2"">
<table class=""page3a2a2a"">
<tbody>
<tr class=""page3a2a2a1"">
<td class=""page3a2a2a1a"">
<div class=""page3a2a2a1a1"">Additional information</div></td>
<td class=""page3a2a2a1b"">
<div class=""page3a2a2a1a3"">Composition</div>
<div class=""page3a2a2a1a2"">100% softwood</div>
<div class=""page3a2a2a1a3"">Certificates</div>
<div class=""page3a2a2a1a2"">DIN Plus</div>
<div class=""page3a2a2a1a3"">Calorific value</div>
<div class=""page3a2a2a1a2"">Over 5 kWh/kg</div>
<div class=""page3a2a2a1a3"">Moisture content</div>
<div class=""page3a2a2a1a2"">Below 8%</div>
<div class=""page3a2a2a1a3"">Ash content</div>
<div class=""page3a2a2a1a2"">Below 0.3%</div></td>
</tr>
</tbody>
</table>
</div>",Palé Premium de 25 sacos de 15 kg – DIN Plus,"Una excelente alternativa a la leña: 100 % europeos y con certificación DIN Plus, se entregan en palé. Guarde el palé en su garaje, cobertizo o sótano y habrá terminado de partir y apilar en pocos minutos. Un palé sustituye aproximadamente a una cuerda de leña.","<div class=""page3a2a2"">
<table class=""page3a2a2a"">
<tbody>
<tr class=""page3a2a2a1"">
<td class=""page3a2a2a1a"">
<div class=""page3a2a2a1a1"">Presentación</div></td>
<td class=""page3a2a2a1b"">
<div class=""page3a2a2a1a3"">Mantenga encendidos su parrilla de pellets y su ahumador con los pellets de madera dura Premium DIN Plus.</div>
<div class=""page3a2a2a1a2"">Los pellets de madera dura Premium DIN Plus ofrecen más sabor y una combustión más eficiente. ¿Por qué? A diferencia de la mayoría de los pellets disponibles, no son un subproducto, sino madera dura 100 % virgen. No se añaden aceites, productos químicos ni aglutinantes. El secado en horno crea una humedad baja para un pellet muy seco que arde con fuerza. Así consume menos para mantener la temperatura deseada, le quedan más pellets para su próxima barbacoa y menos ceniza que limpiar.</div>
<div class=""page3a2a2a1a2"">Para pellets de sabor más intenso y combustión constante, utilice los pellets de madera dura Premium DIN Plus.</div></td>
</tr>
</tbody>
</table>
</div>
<div class=""page3a2a2"">
<table class=""page3a2a2a"">
<tbody>
<tr class=""page3a2a2a1"">
<td class=""page3a2a2a1a"">
<div class=""page3a2a2a1a1"">Información adicional</div></td>
<td class=""page3a2a2a1b"">
<div class=""page3a2a2a1a3"">Composición</div>
<div class=""page3a2a2a1a2"">100 % coníferas</div>
<div class=""page3a2a2a1a3"">Certificados</div>
<div class=""page3a2a2a1a2"">DIN Plus</div>
<div class=""page3a2a2a1a3"">Poder calorífico</div>
<div class=""page3a2a2a1a2"">Superior a 5 kWh/kg</div>
<div class=""page3a2a2a1a3"">Humedad</div>
<div class=""page3a2a2a1a2"">Inferior al 8 %</div>
<div class=""page3a2a2a1a3"">Contenido de cenizas</div>
<div class=""page3a2a2a1a2"">Inferior al 0,3 %</div></td>
</tr>
</tbody>
</table>
</div>"
215,simple,WH-4409,Gemischte Holzpellets 650 kg – ENplus A1,1,320,256,Holzpellets,Diese Holzpellets unterscheiden sich von den meisten Mischpaletten: Sie bestehen zu 60 % aus Weichholz und zu 40 % aus Hartholz. Dank dieser Mischung verbrennen sie sauberer und geben mehr Wärme ab als die meisten anderen Premium-Mischungen.,"<div class=""page3a2a2"">
<table class=""page3a2a2a"">
<tbody>
<tr class=""page3a2a2a1"">
<td class=""page3a2a2a1a"">
<div class=""page3a2a2a1a1"">Übersicht</div></td>
<td class=""page3a2a2a1b"">
<div class=""page3a2a2a1a3"">Wenn Sie etwas mehr Wärme aus Ihren Pellets möchten, sind das die richtigen!</div>
<div class=""page3a2a2a1a2"">Der Hersteller entzieht dem Holz einen höheren Anteil an Feuchtigkeit – deshalb brennen diese Pellets so heiss! Sie bestehen aus Nadel- und Laubholz wie Eiche, Ahorn, Birke, Buche, Esche, Kirsche und Schwarznuss.</div>
<div class=""page3a2a2a1a2"">Die grösste Stärke neben dem heissen und sauberen Abbrand: extrem wenig Feinanteil im Sack. Beim Einfüllen in den Ofen sehen Sie, wie sauber und fest jeder Pellet gepresst ist. Zudem ist die Restfeuchte sehr niedrig, sodass kaum Asche und kein Kreosot entstehen.</div>
<div class=""page3a2a2a1a3"">Feinanteil</div>
<div class=""page3a2a2a1a2"">Unter 0,50</div></td>
</tr>
</tbody>
</table>
</div>
<div class=""page3a2a2"">
<table class=""page3a2a2a"">
<tbody>
<tr class=""page3a2a2a1"">
<td class=""page3a2a2a1a"">
<div class=""page3a2a2a1a1"">Weitere Informationen</div></td>
<td class=""page3a2a2a1b"">
<div class=""page3a2a2a1a3"">Zertifikate</div>
<div class=""page3a2a2a1a2"">ENplus A1</div>
<div class=""page3a2a2a1a3"">Heizwert</div>
<div class=""page3a2a2a1a2"">Über 5 kWh/kg</div>
<div class=""page3a2a2a1a3"">Restfeuchte</div>
<div class=""page3a2a2a1a2"">Unter 7,5 %</div>
<div class=""page3a2a2a1a3"">Aschegehalt</div>
<div class=""page3a2a2a1a2"">Unter 0,4 %</div>
<div class=""page3a2a2a1a3"">Gewicht</div>
<div class=""page3a2a2a1a2"">650 kg</div></td>
</tr>
</tbody>
</table>
</div>",,,kg,650,,,Granulés de bois mélangés 650kg - EN Plus A1,"Ces granulés de bois sont un peu différents de la plupart des palettes mixtes, car ils sont composés de 60 % de bois tendre et de 40 % de bois dur. Ce mélange permet aux granules de brûler plus proprement et de dégager plus de chaleur que la plupart des autres mélanges de qualité supérieure.","<div class=""page3a2a2"">
<table class=""page3a2a2a"">
<tbody>
<tr class=""page3a2a2a1"">
<td class=""page3a2a2a1a"">
<div class=""page3a2a2a1a1"">Présentation</div></td>
<td class=""page3a2a2a1b"">
<div class=""page3a2a2a1a3"">Si vous recherchez un peu plus de chaleur pour vos granules, c'est celui qu'il vous faut !</div>
<div class=""page3a2a2a1a2"">Ils sont capables de retirer un pourcentage plus élevé d'humidité de leur produit, ce qui leur permet de brûler à chaud ! Ce produit est fabriqué à partir de bois de résineux et de feuillus tels que le chêne, l'érable, le bouleau, le hêtre, le frêne, le cerisier et le noyer noir.</div>
<div class=""page3a2a2a1a2"">La plus grande caractéristique de leur produit, outre la combustion chaude et propre, est le nombre extrêmement faible de fines à l'intérieur du sac. Lorsque vous versez les granulés dans votre poêle, vous remarquerez à quel point chaque granulé est propre et compressé. De plus, ils ont une très faible teneur en humidité, ce qui permet au produit de brûler avec très peu de cendres et sans créosote.</div>
<div class=""page3a2a2a1a3"">Fines</div>
<div class=""page3a2a2a1a2"">Moins de 0,50</div></td>
</tr>
</tbody>
</table>
</div>
<div class=""page3a2a2"">
<table class=""page3a2a2a"">
<tbody>
<tr class=""page3a2a2a1"">
<td class=""page3a2a2a1a"">
<div class=""page3a2a2a1a1"">Informations complémentaires</div></td>
<td class=""page3a2a2a1b"">
<div class=""page3a2a2a1a3"">Certificats</div>
<div class=""page3a2a2a1a2"">EN Plus A1</div>
<div class=""page3a2a2a1a3"">Pouvoir Calorifique</div>
<div class=""page3a2a2a1a2"">Supérieur à 5kWh/kg</div>
<div class=""page3a2a2a1a3"">Taux D'humidité</div>
<div class=""page3a2a2a1a2"">Inférieur à 7.5 %</div>
<div class=""page3a2a2a1a3"">Taux De Cendres</div>
<div class=""page3a2a2a1a2"">Inférieur à 0,4 %</div>
<div class=""page3a2a2a1a3"">Poids</div>
<div class=""page3a2a2a1a2"">650 kg</div></td>
</tr>
</tbody>
</table>
</div>",Mixed wood pellets 650 kg – EN Plus A1,"These wood pellets are a little different from most mixed pallets, as they are 60% softwood and 40% hardwood. This blend lets the pellets burn more cleanly and give off more heat than most other premium blends.","<div class=""page3a2a2"">
<table class=""page3a2a2a"">
<tbody>
<tr class=""page3a2a2a1"">
<td class=""page3a2a2a1a"">
<div class=""page3a2a2a1a1"">Overview</div></td>
<td class=""page3a2a2a1b"">
<div class=""page3a2a2a1a3"">If you are looking for a little more heat from your pellets, this is the one for you!</div>
<div class=""page3a2a2a1a2"">The maker removes a higher percentage of moisture from the product, which lets the pellets burn hot! They are made from softwood and hardwoods such as oak, maple, birch, beech, ash, cherry and black walnut.</div>
<div class=""page3a2a2a1a2"">The biggest feature of this product, apart from its hot and clean burn, is the extremely low amount of fines in the bag. When you pour the pellets into your stove you will notice how clean and compressed each pellet is. They also have a very low moisture content, so the product burns with very little ash and no creosote.</div>
<div class=""page3a2a2a1a3"">Fines</div>
<div class=""page3a2a2a1a2"">Less than 0.50</div></td>
</tr>
</tbody>
</table>
</div>
<div class=""page3a2a2"">
<table class=""page3a2a2a"">
<tbody>
<tr class=""page3a2a2a1"">
<td class=""page3a2a2a1a"">
<div class=""page3a2a2a1a1"">Additional information</div></td>
<td class=""page3a2a2a1b"">
<div class=""page3a2a2a1a3"">Certificates</div>
<div class=""page3a2a2a1a2"">EN Plus A1</div>
<div class=""page3a2a2a1a3"">Calorific value</div>
<div class=""page3a2a2a1a2"">Over 5 kWh/kg</div>
<div class=""page3a2a2a1a3"">Moisture content</div>
<div class=""page3a2a2a1a2"">Below 7.5%</div>
<div class=""page3a2a2a1a3"">Ash content</div>
<div class=""page3a2a2a1a2"">Below 0.4%</div>
<div class=""page3a2a2a1a3"">Weight</div>
<div class=""page3a2a2a1a2"">650 kg</div></td>
</tr>
</tbody>
</table>
</div>",Pellets de madera mezclados 650 kg – EN Plus A1,"Estos pellets de madera son algo diferentes de la mayoría de los palés mixtos, ya que se componen de un 60 % de madera blanda y un 40 % de madera dura. Esta mezcla permite que ardan de forma más limpia y desprendan más calor que la mayoría de las mezclas de calidad superior.","<div class=""page3a2a2"">
<table class=""page3a2a2a"">
<tbody>
<tr class=""page3a2a2a1"">
<td class=""page3a2a2a1a"">
<div class=""page3a2a2a1a1"">Presentación</div></td>
<td class=""page3a2a2a1b"">
<div class=""page3a2a2a1a3"">Si busca un poco más de calor en sus pellets, ¡estos son los suyos!</div>
<div class=""page3a2a2a1a2"">El fabricante elimina un mayor porcentaje de humedad del producto, ¡por eso arden con tanta fuerza! Se fabrican con coníferas y frondosas como roble, arce, abedul, haya, fresno, cerezo y nogal negro.</div>
<div class=""page3a2a2a1a2"">La mayor ventaja del producto, además de su combustión caliente y limpia, es la cantidad extremadamente baja de finos en el saco. Al verter los pellets en su estufa notará lo limpios y compactos que son. Además, tienen una humedad muy baja, por lo que arden con muy poca ceniza y sin creosota.</div>
<div class=""page3a2a2a1a3"">Finos</div>
<div class=""page3a2a2a1a2"">Menos de 0,50</div></td>
</tr>
</tbody>
</table>
</div>
<div class=""page3a2a2"">
<table class=""page3a2a2a"">
<tbody>
<tr class=""page3a2a2a1"">
<td class=""page3a2a2a1a"">
<div class=""page3a2a2a1a1"">Información adicional</div></td>
<td class=""page3a2a2a1b"">
<div class=""page3a2a2a1a3"">Certificados</div>
<div class=""page3a2a2a1a2"">EN Plus A1</div>
<div class=""page3a2a2a1a3"">Poder calorífico</div>
<div class=""page3a2a2a1a2"">Superior a 5 kWh/kg</div>
<div class=""page3a2a2a1a3"">Humedad</div>
<div class=""page3a2a2a1a2"">Inferior al 7,5 %</div>
<div class=""page3a2a2a1a3"">Contenido de cenizas</div>
<div class=""page3a2a2a1a2"">Inferior al 0,4 %</div>
<div class=""page3a2a2a1a3"">Peso</div>
<div class=""page3a2a2a1a2"">650 kg</div></td>
</tr>
</tbody>
</table>
</div>"
216,simple,WH-4410,Pellets Coterram – Palette mit 70 Säcken à 15 kg,1,510,408,Holzpellets,"COTERRAM-Holzpellets sind ENplus-A1-zertifiziert, 100 % Nadelholz, hergestellt in Spanien.","<div class=""page3a2a2"">
<table class=""page3a2a2a"">
<tbody>
<tr class=""page3a2a2a1"">
<td class=""page3a2a2a1a"">
<div class=""page3a2a2a1a1"">Übersicht</div></td>
<td class=""page3a2a2a1b"">
<div class=""page3a2a2a1a3"">Diese Pellets sind von guter Qualität; der Rohstoff sind Kiefernspäne.</div>
<div class=""page3a2a2a1a2"">Das Unternehmen ist seit 2013 auf die Pelletherstellung spezialisiert. Dank leistungsstarker Maschinen und eines Reinigungs- und Entrindungssystems gehören diese Pellets zu den besten auf dem spanischen Markt.</div>
<div class=""page3a2a2a1a2"">Mit der europäischen ENplus-A1-Zertifizierung haben Sie die Garantie für einen Qualitätspellet, der strenge Kriterien bei Lagerung, Herkunft des Rohstoffs und Überwachung der Produktion erfüllt.</div></td>
</tr>
</tbody>
</table>
</div>
<div class=""page3a2a2"">
<table class=""page3a2a2a"">
<tbody>
<tr class=""page3a2a2a1"">
<td class=""page3a2a2a1a"">
<div class=""page3a2a2a1a1"">Weitere Informationen</div></td>
<td class=""page3a2a2a1b"">
<div class=""page3a2a2a1a3"">Zusammensetzung</div>
<div class=""page3a2a2a1a2"">100 % Nadelholz</div>
<div class=""page3a2a2a1a3"">Zertifikate</div>
<div class=""page3a2a2a1a2"">ENplus A1</div></td>
</tr>
</tbody>
</table>
</div>",,,kg,1050,,,Pellet Coterram - Palette de 70 sacs de 15 kg,"Les granulés de bois COTERRAM sont certifiés EN Plus A1, 100 % résineux. Fabriqués en Espagne.","<div class=""page3a2a2"">
<table class=""page3a2a2a"">
<tbody>
<tr class=""page3a2a2a1"">
<td class=""page3a2a2a1a"">
<div class=""page3a2a2a1a1"">Présentation</div></td>
<td class=""page3a2a2a1b"">
<div class=""page3a2a2a1a3"">Ces pellets sont de bonne qualité, la matière première est issue de copeaux de pin.</div>
<div class=""page3a2a2a1a2"">L'entreprise est experte dans la fabrication des granulés depuis 2013 et grâce à des machines performantes et un système de nettoyage et d'écorçage, ces granulés sont les meilleurs du marché en Espagne.</div>
<div class=""page3a2a2a1a2"">Avec la certification EN Plus A1, norme Européenne, vous avez la garantie d'avoir un pellet de qualité répondant à des critères stricts sur l'entreposage, l'origine de la matière première et le suivi de la fabrication.</div></td>
</tr>
</tbody>
</table>
</div>
<div class=""page3a2a2"">
<table class=""page3a2a2a"">
<tbody>
<tr class=""page3a2a2a1"">
<td class=""page3a2a2a1a"">
<div class=""page3a2a2a1a1"">Informations complémentaires</div></td>
<td class=""page3a2a2a1b"">
<div class=""page3a2a2a1a3"">Composition</div>
<div class=""page3a2a2a1a2"">100% résineux</div>
<div class=""page3a2a2a1a3"">Certificats</div>
<div class=""page3a2a2a1a2"">EN Plus A1</div></td>
</tr>
</tbody>
</table>
</div>",Coterram pellets – pallet of 70 × 15 kg bags,COTERRAM wood pellets are EN Plus A1 certified and 100% softwood. Made in Spain.,"<div class=""page3a2a2"">
<table class=""page3a2a2a"">
<tbody>
<tr class=""page3a2a2a1"">
<td class=""page3a2a2a1a"">
<div class=""page3a2a2a1a1"">Overview</div></td>
<td class=""page3a2a2a1b"">
<div class=""page3a2a2a1a3"">These pellets are of good quality; the raw material comes from pine chips.</div>
<div class=""page3a2a2a1a2"">The company has specialised in pellet production since 2013, and thanks to high-performance machinery and a cleaning and debarking system, these pellets are among the best on the Spanish market.</div>
<div class=""page3a2a2a1a2"">With EN Plus A1 certification, a European standard, you are guaranteed a quality pellet that meets strict criteria for storage, raw material origin and production monitoring.</div></td>
</tr>
</tbody>
</table>
</div>
<div class=""page3a2a2"">
<table class=""page3a2a2a"">
<tbody>
<tr class=""page3a2a2a1"">
<td class=""page3a2a2a1a"">
<div class=""page3a2a2a1a1"">Additional information</div></td>
<td class=""page3a2a2a1b"">
<div class=""page3a2a2a1a3"">Composition</div>
<div class=""page3a2a2a1a2"">100% softwood</div>
<div class=""page3a2a2a1a3"">Certificates</div>
<div class=""page3a2a2a1a2"">EN Plus A1</div></td>
</tr>
</tbody>
</table>
</div>",Pellet Coterram – Palé de 70 sacos de 15 kg,Los pellets de madera COTERRAM tienen certificación EN Plus A1 y son 100 % coníferas. Fabricados en España.,"<div class=""page3a2a2"">
<table class=""page3a2a2a"">
<tbody>
<tr class=""page3a2a2a1"">
<td class=""page3a2a2a1a"">
<div class=""page3a2a2a1a1"">Presentación</div></td>
<td class=""page3a2a2a1b"">
<div class=""page3a2a2a1a3"">Estos pellets son de buena calidad; la materia prima procede de virutas de pino.</div>
<div class=""page3a2a2a1a2"">La empresa está especializada en la fabricación de pellets desde 2013 y, gracias a una maquinaria de alto rendimiento y a un sistema de limpieza y descortezado, estos pellets están entre los mejores del mercado español.</div>
<div class=""page3a2a2a1a2"">Con la certificación EN Plus A1, norma europea, tiene la garantía de un pellet de calidad que cumple criterios estrictos de almacenamiento, origen de la materia prima y control de la fabricación.</div></td>
</tr>
</tbody>
</table>
</div>
<div class=""page3a2a2"">
<table class=""page3a2a2a"">
<tbody>
<tr class=""page3a2a2a1"">
<td class=""page3a2a2a1a"">
<div class=""page3a2a2a1a1"">Información adicional</div></td>
<td class=""page3a2a2a1b"">
<div class=""page3a2a2a1a3"">Composición</div>
<div class=""page3a2a2a1a2"">100 % coníferas</div>
<div class=""page3a2a2a1a3"">Certificados</div>
<div class=""page3a2a2a1a2"">EN Plus A1</div></td>
</tr>
</tbody>
</table>
</div>"
217,simple,WH-4411,Pellets Ecofogo – Palette mit 66 Säcken à 15 kg,1,480,360,Holzpellets,"ECOFOGO-Holzpellets sind ENplus-A1-zertifiziert, 100 % Nadelholz. Hergestellt in Spanien von einem umweltbewussten Unternehmen.","<div class=""page3a2a2"">
<table class=""page3a2a2a"">
<tbody>
<tr class=""page3a2a2a1"">
<td class=""page3a2a2a1a"">
<div class=""page3a2a2a1a1"">Übersicht</div></td>
<td class=""page3a2a2a1b"">
<div class=""page3a2a2a1a3"">Diese Pellets werden aus Kiefernsägemehl lokaler Betriebe hergestellt.</div>
<div class=""page3a2a2a1a2"">Das Sägemehl stammt aus gehackten, unbehandelten Kiefernstämmen – ohne Leim und Zusatzstoffe. Die Pellets sind von guter Qualität und passen perfekt zu allen Pelletheizungen (Öfen, Einsätze und Kessel).</div>
<div class=""page3a2a2a1a2"">ENplus A1 ist eine sehr strenge europäische Norm, die den Rohstoff und seine Lagerung genau kontrolliert. Der Rohstoff muss zwingend stammen aus: Wäldern, Plantagen oder naturbelassenem Holz; Nebenprodukten und Resten der Holzverarbeitung; chemisch unbehandeltem Altholz.</div></td>
</tr>
</tbody>
</table>
</div>
<div class=""page3a2a2"">
<table class=""page3a2a2a"">
<tbody>
<tr class=""page3a2a2a1"">
<td class=""page3a2a2a1a"">
<div class=""page3a2a2a1a1"">Weitere Informationen</div></td>
<td class=""page3a2a2a1b"">
<div class=""page3a2a2a1a3"">Zusammensetzung</div>
<div class=""page3a2a2a1a2"">100 % Nadelholz</div>
<div class=""page3a2a2a1a3"">Zertifikate</div>
<div class=""page3a2a2a1a2"">ENplus A1</div>
<div class=""page3a2a2a1a3"">Heizwert</div>
<div class=""page3a2a2a1a2"">Über 4,6 kWh/kg</div>
<div class=""page3a2a2a1a3"">Restfeuchte</div>
<div class=""page3a2a2a1a2"">Unter 10 %</div>
<div class=""page3a2a2a1a3"">Aschegehalt</div>
<div class=""page3a2a2a1a2"">Unter 0,7 %</div></td>
</tr>
</tbody>
</table>
</div>",,,kg,990,,,Pellet Ecofogo - Palette de 66 sacs de 15 kg,"Les granulés de bois ECOFOGO sont certifiés EN Plus A1, 100 % résineux. Fabriqués en Espagne dans une entreprise soucieuse de l'environnement.","<div class=""page3a2a2"">
<table class=""page3a2a2a"">
<tbody>
<tr class=""page3a2a2a1"">
<td class=""page3a2a2a1a"">
<div class=""page3a2a2a1a1"">Présentation</div></td>
<td class=""page3a2a2a1b"">
<div class=""page3a2a2a1a3"">Ces pellets sont fabriqués grâce à des sciures de pin en provenance d'entreprises locales.</div>
<div class=""page3a2a2a1a2"">Les sciures proviennent de déchiquetage de grumes de pin non traitées sans colle ni additif. Ces pellets sont de bonne qualité et conviendront parfaitement à tous les systèmes de chauffage aux granulés (poêles, inserts et chaudières).</div>
<div class=""page3a2a2a1a2"">La norme EN Plus A1 est une norme Européenne très stricte qui contrôle scrupuleusement la matière première et l'entreposage de celle-ci. La matière première doit provenir impérativement de : - Forêts, plantations ou bois vierges.- Sous produits et résidus d'industries de transformation du bois - Bois usagés non traités chimiquement</div></td>
</tr>
</tbody>
</table>
</div>
<div class=""page3a2a2"">
<table class=""page3a2a2a"">
<tbody>
<tr class=""page3a2a2a1"">
<td class=""page3a2a2a1a"">
<div class=""page3a2a2a1a1"">Informations complémentaires</div></td>
<td class=""page3a2a2a1b"">
<div class=""page3a2a2a1a3"">Composition</div>
<div class=""page3a2a2a1a2"">100% résineux</div>
<div class=""page3a2a2a1a3"">Certificats</div>
<div class=""page3a2a2a1a2"">EN Plus A1</div>
<div class=""page3a2a2a1a3"">Pouvoir Calorifique</div>
<div class=""page3a2a2a1a2"">Supérieur à 4,6 kWh/kg</div>
<div class=""page3a2a2a1a3"">Taux D'humidité</div>
<div class=""page3a2a2a1a2"">Inférieur à 10 %</div>
<div class=""page3a2a2a1a3"">Taux De Cendres</div>
<div class=""page3a2a2a1a2"">Inférieur à 0,7 %</div></td>
</tr>
</tbody>
</table>
</div>",Ecofogo pellets – pallet of 66 × 15 kg bags,ECOFOGO wood pellets are EN Plus A1 certified and 100% softwood. Made in Spain by an environmentally conscious company.,"<div class=""page3a2a2"">
<table class=""page3a2a2a"">
<tbody>
<tr class=""page3a2a2a1"">
<td class=""page3a2a2a1a"">
<div class=""page3a2a2a1a1"">Overview</div></td>
<td class=""page3a2a2a1b"">
<div class=""page3a2a2a1a3"">These pellets are made from pine sawdust supplied by local businesses.</div>
<div class=""page3a2a2a1a2"">The sawdust comes from chipped, untreated pine logs, with no glue or additives. These pellets are of good quality and will suit all pellet heating systems perfectly (stoves, inserts and boilers).</div>
<div class=""page3a2a2a1a2"">EN Plus A1 is a very strict European standard that carefully controls the raw material and how it is stored. The raw material must come from: forests, plantations or virgin wood; by-products and residues of the wood-processing industry; used wood that has not been chemically treated.</div></td>
</tr>
</tbody>
</table>
</div>
<div class=""page3a2a2"">
<table class=""page3a2a2a"">
<tbody>
<tr class=""page3a2a2a1"">
<td class=""page3a2a2a1a"">
<div class=""page3a2a2a1a1"">Additional information</div></td>
<td class=""page3a2a2a1b"">
<div class=""page3a2a2a1a3"">Composition</div>
<div class=""page3a2a2a1a2"">100% softwood</div>
<div class=""page3a2a2a1a3"">Certificates</div>
<div class=""page3a2a2a1a2"">EN Plus A1</div>
<div class=""page3a2a2a1a3"">Calorific value</div>
<div class=""page3a2a2a1a2"">Over 4.6 kWh/kg</div>
<div class=""page3a2a2a1a3"">Moisture content</div>
<div class=""page3a2a2a1a2"">Below 10%</div>
<div class=""page3a2a2a1a3"">Ash content</div>
<div class=""page3a2a2a1a2"">Below 0.7%</div></td>
</tr>
</tbody>
</table>
</div>",Pellet Ecofogo – Palé de 66 sacos de 15 kg,Los pellets de madera ECOFOGO tienen certificación EN Plus A1 y son 100 % coníferas. Fabricados en España por una empresa respetuosa con el medio ambiente.,"<div class=""page3a2a2"">
<table class=""page3a2a2a"">
<tbody>
<tr class=""page3a2a2a1"">
<td class=""page3a2a2a1a"">
<div class=""page3a2a2a1a1"">Presentación</div></td>
<td class=""page3a2a2a1b"">
<div class=""page3a2a2a1a3"">Estos pellets se fabrican con serrín de pino procedente de empresas locales.</div>
<div class=""page3a2a2a1a2"">El serrín procede de la trituración de troncos de pino sin tratar, sin cola ni aditivos. Estos pellets son de buena calidad y se adaptan perfectamente a todos los sistemas de calefacción de pellets (estufas, inserts y calderas).</div>
<div class=""page3a2a2a1a2"">La norma EN Plus A1 es una norma europea muy estricta que controla minuciosamente la materia prima y su almacenamiento. La materia prima debe proceder obligatoriamente de: bosques, plantaciones o madera virgen; subproductos y residuos de la industria de transformación de la madera; madera usada sin tratamiento químico.</div></td>
</tr>
</tbody>
</table>
</div>
<div class=""page3a2a2"">
<table class=""page3a2a2a"">
<tbody>
<tr class=""page3a2a2a1"">
<td class=""page3a2a2a1a"">
<div class=""page3a2a2a1a1"">Información adicional</div></td>
<td class=""page3a2a2a1b"">
<div class=""page3a2a2a1a3"">Composición</div>
<div class=""page3a2a2a1a2"">100 % coníferas</div>
<div class=""page3a2a2a1a3"">Certificados</div>
<div class=""page3a2a2a1a2"">EN Plus A1</div>
<div class=""page3a2a2a1a3"">Poder calorífico</div>
<div class=""page3a2a2a1a2"">Superior a 4,6 kWh/kg</div>
<div class=""page3a2a2a1a3"">Humedad</div>
<div class=""page3a2a2a1a2"">Inferior al 10 %</div>
<div class=""page3a2a2a1a3"">Contenido de cenizas</div>
<div class=""page3a2a2a1a2"">Inferior al 0,7 %</div></td>
</tr>
</tbody>
</table>
</div>"
222,simple,WH-4412,Pellets Strielciu – Palette mit 70 Säcken à 15 kg,1,510,408,Holzpellets,"STRIELCIU-Holzpellets sind ENplus-A1-zertifiziert, 100 % Nadelholz. Hergestellt in Litauen.","<div class=""page3a2a2"">
<table class=""page3a2a2a"">
<tbody>
<tr class=""page3a2a2a1"">
<td class=""page3a2a2a1a"">
<div class=""page3a2a2a1a1"">Übersicht</div></td>
<td class=""page3a2a2a1b"">
<div class=""page3a2a2a1a3"">Diese Pellets sind von guter Qualität, mit einem hohen Heizwert von über 5 kWh/kg.</div>
<div class=""page3a2a2a1a2"">6 mm Durchmesser und niedriger Asche-, Staub- und Feuchtigkeitsgehalt. Hauptgeschäft von STRIELCIU ist Bauholz. Aus Umweltbewusstsein verwertet das Unternehmen sein Sägemehl zu einem sauberen, ökologischen Brennstoff: Holzpellets.</div>
<div class=""page3a2a2a1a2"">Ein Produkt ohne Leim, Zusatzstoffe, Rinde oder Abfälle – die Gewähr für hohe Qualität, perfekt geeignet für alle Pelletheizungen. Wer mit Pellets heizt, nutzt eine günstigere und umweltfreundliche Energie.</div></td>
</tr>
</tbody>
</table>
</div>
<div class=""page3a2a2"">
<table class=""page3a2a2a"">
<tbody>
<tr class=""page3a2a2a1"">
<td class=""page3a2a2a1a"">
<div class=""page3a2a2a1a1"">Weitere Informationen</div></td>
<td class=""page3a2a2a1b"">
<div class=""page3a2a2a1a3"">Zusammensetzung</div>
<div class=""page3a2a2a1a2"">100 % Nadelholz</div>
<div class=""page3a2a2a1a3"">Zertifikate</div>
<div class=""page3a2a2a1a2"">ENplus A1</div>
<div class=""page3a2a2a1a3"">Heizwert</div>
<div class=""page3a2a2a1a2"">Über 5 kWh/kg</div>
<div class=""page3a2a2a1a3"">Restfeuchte</div>
<div class=""page3a2a2a1a2"">Unter 8 %</div>
<div class=""page3a2a2a1a3"">Aschegehalt</div>
<div class=""page3a2a2a1a2"">Unter 0,7 %</div>
<div class=""page3a2a2a1a3"">Durchmesser</div>
<div class=""page3a2a2a1a2"">6 mm</div></td>
</tr>
</tbody>
</table>
</div>",,,kg,1050,,,Pellet Strielciu - Palette de 70 sacs de 15 kg,"Les granulés de bois STRIELCIU sont certifiés EN Plus A1, 100 % résineux. Fabriqués en Lituanie.","<div class=""page3a2a2"">
<table class=""page3a2a2a"">
<tbody>
<tr class=""page3a2a2a1"">
<td class=""page3a2a2a1a"">
<div class=""page3a2a2a1a1"">Présentation</div></td>
<td class=""page3a2a2a1b"">
<div class=""page3a2a2a1a3"">Ces pellets sont de bonne qualité avec un fort pouvoir calorifique supérieur à 5 kWh/kg.</div>
<div class=""page3a2a2a1a2"">Un diamètre 6mm et des faibles taux en cendres, poussières et humidité. L'activité principale de la société STRIELCIU est le bois de construction. Soucieuse de l'environnement, cette entreprise a décidé de récupérer leurs sciures afin de proposer un combustible, propre et écologique : le granulé de bois.</div>
<div class=""page3a2a2a1a2"">Un produit sans colles, ni additifs, sans écorces ni déchets = l'assurance d'un produit de haute qualité qui convient parfaitement à tous les systèmes de chauffage à granulés. En choisissant de vous chauffer aux pellets, vous avez la garantie d'une énergie moins chère et écologique.</div></td>
</tr>
</tbody>
</table>
</div>
<div class=""page3a2a2"">
<table class=""page3a2a2a"">
<tbody>
<tr class=""page3a2a2a1"">
<td class=""page3a2a2a1a"">
<div class=""page3a2a2a1a1"">Informations complémentaires</div></td>
<td class=""page3a2a2a1b"">
<div class=""page3a2a2a1a3"">Composition</div>
<div class=""page3a2a2a1a2"">100% résineux</div>
<div class=""page3a2a2a1a3"">Certificats</div>
<div class=""page3a2a2a1a2"">EN Plus A1</div>
<div class=""page3a2a2a1a3"">Pouvoir Calorifique</div>
<div class=""page3a2a2a1a2"">Supérieur à 5 kWh/kg</div>
<div class=""page3a2a2a1a3"">Taux D'humidité</div>
<div class=""page3a2a2a1a2"">Inférieur à 8 %</div>
<div class=""page3a2a2a1a3"">Taux De Cendres</div>
<div class=""page3a2a2a1a2"">Inférieur à 0,7 %</div>
<div class=""page3a2a2a1a3"">Diamètre</div>
<div class=""page3a2a2a1a2"">6 mm</div></td>
</tr>
</tbody>
</table>
</div>",Strielciu pellets – pallet of 70 × 15 kg bags,STRIELCIU wood pellets are EN Plus A1 certified and 100% softwood. Made in Lithuania.,"<div class=""page3a2a2"">
<table class=""page3a2a2a"">
<tbody>
<tr class=""page3a2a2a1"">
<td class=""page3a2a2a1a"">
<div class=""page3a2a2a1a1"">Overview</div></td>
<td class=""page3a2a2a1b"">
<div class=""page3a2a2a1a3"">These pellets are of good quality, with a high calorific value above 5 kWh/kg.</div>
<div class=""page3a2a2a1a2"">A 6 mm diameter and low ash, dust and moisture levels. STRIELCIU's main business is construction timber. Mindful of the environment, the company decided to recover its sawdust to offer a clean, eco-friendly fuel: wood pellets.</div>
<div class=""page3a2a2a1a2"">A product with no glue, additives, bark or waste: the assurance of a high-quality product that suits all pellet heating systems perfectly. By choosing to heat with pellets, you are guaranteed a cheaper and greener energy.</div></td>
</tr>
</tbody>
</table>
</div>
<div class=""page3a2a2"">
<table class=""page3a2a2a"">
<tbody>
<tr class=""page3a2a2a1"">
<td class=""page3a2a2a1a"">
<div class=""page3a2a2a1a1"">Additional information</div></td>
<td class=""page3a2a2a1b"">
<div class=""page3a2a2a1a3"">Composition</div>
<div class=""page3a2a2a1a2"">100% softwood</div>
<div class=""page3a2a2a1a3"">Certificates</div>
<div class=""page3a2a2a1a2"">EN Plus A1</div>
<div class=""page3a2a2a1a3"">Calorific value</div>
<div class=""page3a2a2a1a2"">Over 5 kWh/kg</div>
<div class=""page3a2a2a1a3"">Moisture content</div>
<div class=""page3a2a2a1a2"">Below 8%</div>
<div class=""page3a2a2a1a3"">Ash content</div>
<div class=""page3a2a2a1a2"">Below 0.7%</div>
<div class=""page3a2a2a1a3"">Diameter</div>
<div class=""page3a2a2a1a2"">6 mm</div></td>
</tr>
</tbody>
</table>
</div>",Pellet Strielciu – Palé de 70 sacos de 15 kg,Los pellets de madera STRIELCIU tienen certificación EN Plus A1 y son 100 % coníferas. Fabricados en Lituania.,"<div class=""page3a2a2"">
<table class=""page3a2a2a"">
<tbody>
<tr class=""page3a2a2a1"">
<td class=""page3a2a2a1a"">
<div class=""page3a2a2a1a1"">Presentación</div></td>
<td class=""page3a2a2a1b"">
<div class=""page3a2a2a1a3"">Estos pellets son de buena calidad, con un alto poder calorífico superior a 5 kWh/kg.</div>
<div class=""page3a2a2a1a2"">Diámetro de 6 mm y bajos contenidos de cenizas, polvo y humedad. La actividad principal de STRIELCIU es la madera de construcción. Comprometida con el medio ambiente, la empresa decidió aprovechar su serrín para ofrecer un combustible limpio y ecológico: el pellet de madera.</div>
<div class=""page3a2a2a1a2"">Un producto sin colas, aditivos, cortezas ni residuos: la garantía de un producto de alta calidad que se adapta perfectamente a todos los sistemas de calefacción de pellets. Al elegir calentarse con pellets, se asegura una energía más barata y ecológica.</div></td>
</tr>
</tbody>
</table>
</div>
<div class=""page3a2a2"">
<table class=""page3a2a2a"">
<tbody>
<tr class=""page3a2a2a1"">
<td class=""page3a2a2a1a"">
<div class=""page3a2a2a1a1"">Información adicional</div></td>
<td class=""page3a2a2a1b"">
<div class=""page3a2a2a1a3"">Composición</div>
<div class=""page3a2a2a1a2"">100 % coníferas</div>
<div class=""page3a2a2a1a3"">Certificados</div>
<div class=""page3a2a2a1a2"">EN Plus A1</div>
<div class=""page3a2a2a1a3"">Poder calorífico</div>
<div class=""page3a2a2a1a2"">Superior a 5 kWh/kg</div>
<div class=""page3a2a2a1a3"">Humedad</div>
<div class=""page3a2a2a1a2"">Inferior al 8 %</div>
<div class=""page3a2a2a1a3"">Contenido de cenizas</div>
<div class=""page3a2a2a1a2"">Inferior al 0,7 %</div>
<div class=""page3a2a2a1a3"">Diámetro</div>
<div class=""page3a2a2a1a2"">6 mm</div></td>
</tr>
</tbody>
</table>
</div>"
223,simple,WH-4413,Pellets Starforest – Palette mit 70 Säcken à 15 kg,1,510,408,Holzpellets,STARFOREST-Holzpellets sind DIN-plus-zertifiziert und bestehen zu 100 % aus Nadelholz. Sie werden in der Champagne-Ardenne hergestellt und haben einen ausgezeichneten Heizwert.,"<div class=""page3a2a2"">
<table class=""page3a2a2a"">
<tbody>
<tr class=""page3a2a2a1"">
<td class=""page3a2a2a1a"">
<div class=""page3a2a2a1a1"">Übersicht</div></td>
<td class=""page3a2a2a1b"">
<div class=""page3a2a2a1a3"">STARFOREST-Pellets garantieren eine gute Verbrennung – perfekt für Pelletöfen, -einsätze und -kessel.</div>
<div class=""page3a2a2a1a2"">Sehr gute Qualität zu einem sehr günstigen Preis. Mit einem französischen Pellet tragen Sie zur CO₂-Reduktion bei. Hergestellt im Osten Frankreichs, genauer in der Champagne-Ardenne. Dank des geringen Staub- und Aschegehalts und des hohen Heizwerts verschmutzt Ihre Heizung nicht.</div>
<div class=""page3a2a2a1a2"">Wenn Sie einen DIN-plus-Pellet aus 100 % Nadelholz suchen, in Frankreich und umweltbewusst hergestellt, im recycelbaren Sack mit schönen Farben, ist STARFOREST die richtige Marke für Sie. Ein sehr hochwertiger Pellet mit hohem Heizwert (&gt; 5 kWh/kg). Er ist vielleicht etwas teurer, doch dank seines Heizwerts verbrauchen Sie weniger, gewinnen an Leistung und sparen am Ende Geld :-)</div></td>
</tr>
</tbody>
</table>
</div>
<div class=""page3a2a2"">
<table class=""page3a2a2a"">
<tbody>
<tr class=""page3a2a2a1"">
<td class=""page3a2a2a1a"">
<div class=""page3a2a2a1a1"">Weitere Informationen</div></td>
<td class=""page3a2a2a1b"">
<div class=""page3a2a2a1a3"">Zusammensetzung</div>
<div class=""page3a2a2a1a2"">100 % Nadelholz</div>
<div class=""page3a2a2a1a3"">Zertifikate</div>
<div class=""page3a2a2a1a2"">DIN plus</div>
<div class=""page3a2a2a1a3"">Heizwert</div>
<div class=""page3a2a2a1a2"">Über 5 kWh/kg</div>
<div class=""page3a2a2a1a3"">Restfeuchte</div>
<div class=""page3a2a2a1a2"">Unter 10 %</div>
<div class=""page3a2a2a1a3"">Aschegehalt</div>
<div class=""page3a2a2a1a2"">Unter 0,7 %</div>
<div class=""page3a2a2a1a3"">Staubanteil</div>
<div class=""page3a2a2a1a2"">Unter 0,5 %</div>
<div class=""page3a2a2a1a3"">Durchmesser</div>
<div class=""page3a2a2a1a2"">6 mm</div></td>
</tr>
</tbody>
</table>
</div>",,,kg,1050,,,Pellet Starforest - Palette de 70 sacs de 15 kg,Les granulés de bois STARFOREST sont certifiés DIN Plus et composés à 100 % de bois résineux. Ils sont fabriqués en Champagne Ardenne. Ils disposent d'un excellent pouvoir calorifique.,"<div class=""page3a2a2"">
<table class=""page3a2a2a"">
<tbody>
<tr class=""page3a2a2a1"">
<td class=""page3a2a2a1a"">
<div class=""page3a2a2a1a1"">Présentation</div></td>
<td class=""page3a2a2a1b"">
<div class=""page3a2a2a1a3"">Les pellets STARFOREST vous garantissent une bonne combustion, ils sont parfaits pour les poêles, inserts et chaudières à granulés.</div>
<div class=""page3a2a2a1a2"">Ils sont de très bonne qualité avec un prix très abordable, en choisissant un pellet Français, vous participez à la réduction de CO2. Ils sont fabriqués dans l'Est de la France et plus exactement en Champagne Ardenne. Avec un faible taux de poussières et de cendres et un pouvoir calorifique élevé, vous n'encrasserez pas votre chauffage.</div>
<div class=""page3a2a2a1a2"">Si vous souhaitez un pellet DIN Plus, 100 % résineux, fabriqué en France, respectueux de l'environnement, avec un sac recyclable aux jolies couleurs, la marque STARFOREST est faite pour vous. Ce pellet est de très bonne qualité avec un pouvoir calorifique élevé &gt;5 kWh/kg. C'est pourquoi, choisir ce pellet c'est choisir un pellet peut être un peu plus cher mais au final grâce à son PCI, vous regagnerez en consommation et en performance et donc vous ferez des économies :-)</div></td>
</tr>
</tbody>
</table>
</div>
<div class=""page3a2a2"">
<table class=""page3a2a2a"">
<tbody>
<tr class=""page3a2a2a1"">
<td class=""page3a2a2a1a"">
<div class=""page3a2a2a1a1"">Informations complémentaires</div></td>
<td class=""page3a2a2a1b"">
<div class=""page3a2a2a1a3"">Composition</div>
<div class=""page3a2a2a1a2"">100% résineux</div>
<div class=""page3a2a2a1a3"">Certificats</div>
<div class=""page3a2a2a1a2"">DIN Plus</div>
<div class=""page3a2a2a1a3"">Pouvoir Calorifique</div>
<div class=""page3a2a2a1a2"">Supérieur à 5 kWh/kg</div>
<div class=""page3a2a2a1a3"">Taux D'humidité</div>
<div class=""page3a2a2a1a2"">Inférieur à 10 %</div>
<div class=""page3a2a2a1a3"">Taux De Cendres</div>
<div class=""page3a2a2a1a2"">Inférieur à 0,7 %</div>
<div class=""page3a2a2a1a3"">Taux De Poussière</div>
<div class=""page3a2a2a1a2"">Inférieur à 0,5 %</div>
<div class=""page3a2a2a1a3"">Diamètre</div>
<div class=""page3a2a2a1a2"">6 mm</div></td>
</tr>
</tbody>
</table>
</div>",Starforest pellets – pallet of 70 × 15 kg bags,STARFOREST wood pellets are DIN Plus certified and made of 100% softwood. They are made in Champagne-Ardenne and have an excellent calorific value.,"<div class=""page3a2a2"">
<table class=""page3a2a2a"">
<tbody>
<tr class=""page3a2a2a1"">
<td class=""page3a2a2a1a"">
<div class=""page3a2a2a1a1"">Overview</div></td>
<td class=""page3a2a2a1b"">
<div class=""page3a2a2a1a3"">STARFOREST pellets ensure good combustion and are perfect for pellet stoves, inserts and boilers.</div>
<div class=""page3a2a2a1a2"">They are very good quality at a very affordable price, and by choosing a French pellet you help reduce CO₂. They are made in eastern France, in Champagne-Ardenne to be precise. With low dust and ash levels and a high calorific value, they will not clog your heater.</div>
<div class=""page3a2a2a1a2"">If you want a DIN Plus pellet that is 100% softwood, made in France, eco-friendly and in a recyclable, nicely coloured bag, STARFOREST is the brand for you. This is a very high-quality pellet with a high calorific value (&gt; 5 kWh/kg). It may cost a little more, but thanks to its heating value you will use less and gain performance, so you save money in the end :-)</div></td>
</tr>
</tbody>
</table>
</div>
<div class=""page3a2a2"">
<table class=""page3a2a2a"">
<tbody>
<tr class=""page3a2a2a1"">
<td class=""page3a2a2a1a"">
<div class=""page3a2a2a1a1"">Additional information</div></td>
<td class=""page3a2a2a1b"">
<div class=""page3a2a2a1a3"">Composition</div>
<div class=""page3a2a2a1a2"">100% softwood</div>
<div class=""page3a2a2a1a3"">Certificates</div>
<div class=""page3a2a2a1a2"">DIN Plus</div>
<div class=""page3a2a2a1a3"">Calorific value</div>
<div class=""page3a2a2a1a2"">Over 5 kWh/kg</div>
<div class=""page3a2a2a1a3"">Moisture content</div>
<div class=""page3a2a2a1a2"">Below 10%</div>
<div class=""page3a2a2a1a3"">Ash content</div>
<div class=""page3a2a2a1a2"">Below 0.7%</div>
<div class=""page3a2a2a1a3"">Dust content</div>
<div class=""page3a2a2a1a2"">Below 0.5%</div>
<div class=""page3a2a2a1a3"">Diameter</div>
<div class=""page3a2a2a1a2"">6 mm</div></td>
</tr>
</tbody>
</table>
</div>",Pellet Starforest – Palé de 70 sacos de 15 kg,Los pellets de madera STARFOREST tienen certificación DIN Plus y son 100 % coníferas. Se fabrican en Champaña-Ardenas y tienen un excelente poder calorífico.,"<div class=""page3a2a2"">
<table class=""page3a2a2a"">
<tbody>
<tr class=""page3a2a2a1"">
<td class=""page3a2a2a1a"">
<div class=""page3a2a2a1a1"">Presentación</div></td>
<td class=""page3a2a2a1b"">
<div class=""page3a2a2a1a3"">Los pellets STARFOREST garantizan una buena combustión y son perfectos para estufas, inserts y calderas de pellets.</div>
<div class=""page3a2a2a1a2"">Son de muy buena calidad a un precio muy asequible y, al elegir un pellet francés, contribuye a reducir el CO₂. Se fabrican en el este de Francia, concretamente en Champaña-Ardenas. Con un bajo contenido de polvo y cenizas y un alto poder calorífico, no ensuciarán su calefacción.</div>
<div class=""page3a2a2a1a2"">Si busca un pellet DIN Plus, 100 % coníferas, fabricado en Francia, respetuoso con el medio ambiente y en un saco reciclable de bonitos colores, la marca STARFOREST es para usted. Es un pellet de muy buena calidad con un alto poder calorífico (&gt; 5 kWh/kg). Quizá sea un poco más caro, pero gracias a su poder calorífico consumirá menos, ganará en rendimiento y, al final, ahorrará :-)</div></td>
</tr>
</tbody>
</table>
</div>
<div class=""page3a2a2"">
<table class=""page3a2a2a"">
<tbody>
<tr class=""page3a2a2a1"">
<td class=""page3a2a2a1a"">
<div class=""page3a2a2a1a1"">Información adicional</div></td>
<td class=""page3a2a2a1b"">
<div class=""page3a2a2a1a3"">Composición</div>
<div class=""page3a2a2a1a2"">100 % coníferas</div>
<div class=""page3a2a2a1a3"">Certificados</div>
<div class=""page3a2a2a1a2"">DIN Plus</div>
<div class=""page3a2a2a1a3"">Poder calorífico</div>
<div class=""page3a2a2a1a2"">Superior a 5 kWh/kg</div>
<div class=""page3a2a2a1a3"">Humedad</div>
<div class=""page3a2a2a1a2"">Inferior al 10 %</div>
<div class=""page3a2a2a1a3"">Contenido de cenizas</div>
<div class=""page3a2a2a1a2"">Inferior al 0,7 %</div>
<div class=""page3a2a2a1a3"">Contenido de polvo</div>
<div class=""page3a2a2a1a2"">Inferior al 0,5 %</div>
<div class=""page3a2a2a1a3"">Diámetro</div>
<div class=""page3a2a2a1a2"">6 mm</div></td>
</tr>
</tbody>
</table>
</div>"
224,simple,WH-4419,Pellets Ardenforest – Palette mit 70 Säcken à 15 kg,1,520,416,Holzpellets,ARDENFOREST-Holzpellets sind DIN-plus-zertifiziert und werden in der Champagne-Ardenne hergestellt. Sie bestehen zu 70 % aus Nadelholz und zu 30 % aus Laubholz – für gleichmässige Wärme und eine gute Verbrennung.,"<div class=""page3a2a2"">
<table class=""page3a2a2a"">
<tbody>
<tr class=""page3a2a2a1"">
<td class=""page3a2a2a1a"">
<div class=""page3a2a2a1a1"">Übersicht</div></td>
<td class=""page3a2a2a1b"">
<div class=""page3a2a2a1a3"">Ardenforest-Holzpellets: DIN-plus-zertifiziert, hergestellt in der Champagne-Ardenne aus einer Mischung von Nadel- und Laubholz, mit hohem Heizwert.</div>
<div class=""page3a2a2a1a2"">Diese Pellets sind von guter Qualität und eignen sich perfekt für alle Pelletheizungen wie Öfen, Einsätze und Kessel. 100 % Nadelholz ist kein Muss – probieren Sie die Holzmischung ruhig aus! Sie verschmutzt Ihre Heizung nicht, liefert gleichmässige Wärme und heizt schnell auf. Ja, man kann sehr wohl mit einem Pellet heizen, der nicht zu 100 % aus Nadelholz besteht!</div>
<div class=""page3a2a2a1a2"">Die Mischung von Laub- und Nadelholz wirkt wie ein natürlicher Leim, damit die Pellets beim Pressen und auf dem Weg zur Förderschnecke nicht zerbrechen. Die Herkunft des Holzes ist für die Umwelt sehr wichtig: Je näher der Pellet hergestellt wird, desto weniger CO₂. Ein guter Pellet hat eine Restfeuchte < 10 %, einen Aschegehalt < 0,7 %, einen Staubanteil < 0,5 % und einen Heizwert > 4,6 kWh/kg.</div></td>
</tr>
</tbody>
</table>
</div>
<div class=""page3a2a2"">
<table class=""page3a2a2a"">
<tbody>
<tr class=""page3a2a2a1"">
<td class=""page3a2a2a1a"">
<div class=""page3a2a2a1a1"">Weitere Informationen</div></td>
<td class=""page3a2a2a1b"">
<div class=""page3a2a2a1a3"">Zusammensetzung</div>
<div class=""page3a2a2a1a2"">Nadel- und Laubholz</div>
<div class=""page3a2a2a1a3"">Zertifikate</div>
<div class=""page3a2a2a1a2"">DIN plus, PEFC</div>
<div class=""page3a2a2a1a3"">Heizwert</div>
<div class=""page3a2a2a1a2"">Über 5 kWh/kg</div>
<div class=""page3a2a2a1a3"">Restfeuchte</div>
<div class=""page3a2a2a1a2"">Unter 10 %</div>
<div class=""page3a2a2a1a3"">Aschegehalt</div>
<div class=""page3a2a2a1a2"">Unter 0,7 %</div>
<div class=""page3a2a2a1a3"">Staubanteil</div>
<div class=""page3a2a2a1a2"">Unter 0,5 %</div>
<div class=""page3a2a2a1a3"">Durchmesser</div>
<div class=""page3a2a2a1a2"">6 mm</div></td>
</tr>
</tbody>
</table>
</div>",,,kg,1050,,,Pellet Ardenforest - Palette de 70 sacs de 15 kg,Les granulés de bois ARDENFOREST sont DIN Plus et fabriqués en Champagne Ardenne. Ces pellets sont constitués de 70 % de bois de résineux et 30 % de bois de feuillus pour une chaleur constante et une bonne combustion.,"<div class=""page3a2a2"">
<table class=""page3a2a2a"">
<tbody>
<tr class=""page3a2a2a1"">
<td class=""page3a2a2a1a"">
<div class=""page3a2a2a1a1"">Présentation</div></td>
<td class=""page3a2a2a1b"">
<div class=""page3a2a2a1a3"">Les pellets de bois Ardenforest sont certifiés DIN Plus, fabriqués en Champagne Ardenne avec un mélange de bois résineux et feuillus, avec un fort pouvoir calorifique.</div>
<div class=""page3a2a2a1a2"">Ces pellets sont de bonne qualité et conviennent parfaitement à tous les systèmes de chauffage à pellet comme les poêles, les inserts et les chaudières. Le 100 % résineux n'est pas une obligation, n'hésitez plus, testez le mélange de bois. Il n'encrassera pas votre chauffage mais vous offrira une chaleur constante et une montée rapide en température. Et oui, il est possible de se chauffer avec un pellet qui n'est pas 100 % résineux !!</div>
<div class=""page3a2a2a1a2"">Un mélange de feuillus avec du résineux permet d'obtenir une colle naturelle sur les pellets pour ne pas qu'ils se cassent lors de la compression et du voyage vers la vis sans fin. L'origine du bois est très importante pour l'environnement, plus vous choisissez un pellet proche de chez vous et moins il y aura de CO2. Pour avoir un bon pellet, il faut avoir un taux d'humidité &lt; 10%, un taux de cendre &lt; 0,7%, un taux de poussières &lt; 0,5 % et un pouvoir calorique &gt; 4,6 kWh/kg.</div></td>
</tr>
</tbody>
</table>
</div>
<div class=""page3a2a2"">
<table class=""page3a2a2a"">
<tbody>
<tr class=""page3a2a2a1"">
<td class=""page3a2a2a1a"">
<div class=""page3a2a2a1a1"">Informations complémentaires</div></td>
<td class=""page3a2a2a1b"">
<div class=""page3a2a2a1a3"">Composition</div>
<div class=""page3a2a2a1a2"">Résineux et feuillus</div>
<div class=""page3a2a2a1a3"">Certificats</div>
<div class=""page3a2a2a1a2"">DIN Plus, PEFC</div>
<div class=""page3a2a2a1a3"">Pouvoir Calorifique</div>
<div class=""page3a2a2a1a2"">Supérieur à 5 kWh/kg</div>
<div class=""page3a2a2a1a3"">Taux D'humidité</div>
<div class=""page3a2a2a1a2"">Inférieur à 10 %</div>
<div class=""page3a2a2a1a3"">Taux De Cendres</div>
<div class=""page3a2a2a1a2"">Inférieur à 0,7 %</div>
<div class=""page3a2a2a1a3"">Taux De Poussière</div>
<div class=""page3a2a2a1a2"">Inférieur à 0,5 %</div>
<div class=""page3a2a2a1a3"">Diamètre</div>
<div class=""page3a2a2a1a2"">6 mm</div></td>
</tr>
</tbody>
</table>
</div>",Ardenforest pellets – pallet of 70 × 15 kg bags,ARDENFOREST wood pellets are DIN Plus certified and made in Champagne-Ardenne. They consist of 70% softwood and 30% hardwood for a steady heat and good combustion.,"<div class=""page3a2a2"">
<table class=""page3a2a2a"">
<tbody>
<tr class=""page3a2a2a1"">
<td class=""page3a2a2a1a"">
<div class=""page3a2a2a1a1"">Overview</div></td>
<td class=""page3a2a2a1b"">
<div class=""page3a2a2a1a3"">Ardenforest wood pellets are DIN Plus certified and made in Champagne-Ardenne from a mix of softwood and hardwood, with a high calorific value.</div>
<div class=""page3a2a2a1a2"">These pellets are of good quality and suit all pellet heating systems perfectly, such as stoves, inserts and boilers. 100% softwood is not a must – go ahead and try the wood mix. It will not clog your heater but will give you a steady heat and a quick rise in temperature. And yes, you can heat with a pellet that is not 100% softwood!</div>
<div class=""page3a2a2a1a2"">Mixing hardwood with softwood creates a natural glue in the pellets so that they do not break during compression and on their way to the feed screw. The origin of the wood matters a lot for the environment: the closer to home your pellet is made, the less CO₂. A good pellet has a moisture content < 10%, ash content < 0.7%, dust content < 0.5% and a calorific value > 4.6 kWh/kg.</div></td>
</tr>
</tbody>
</table>
</div>
<div class=""page3a2a2"">
<table class=""page3a2a2a"">
<tbody>
<tr class=""page3a2a2a1"">
<td class=""page3a2a2a1a"">
<div class=""page3a2a2a1a1"">Additional information</div></td>
<td class=""page3a2a2a1b"">
<div class=""page3a2a2a1a3"">Composition</div>
<div class=""page3a2a2a1a2"">Softwood and hardwood</div>
<div class=""page3a2a2a1a3"">Certificates</div>
<div class=""page3a2a2a1a2"">DIN Plus, PEFC</div>
<div class=""page3a2a2a1a3"">Calorific value</div>
<div class=""page3a2a2a1a2"">Over 5 kWh/kg</div>
<div class=""page3a2a2a1a3"">Moisture content</div>
<div class=""page3a2a2a1a2"">Below 10%</div>
<div class=""page3a2a2a1a3"">Ash content</div>
<div class=""page3a2a2a1a2"">Below 0.7%</div>
<div class=""page3a2a2a1a3"">Dust content</div>
<div class=""page3a2a2a1a2"">Below 0.5%</div>
<div class=""page3a2a2a1a3"">Diameter</div>
<div class=""page3a2a2a1a2"">6 mm</div></td>
</tr>
</tbody>
</table>
</div>",Pellet Ardenforest – Palé de 70 sacos de 15 kg,Los pellets de madera ARDENFOREST tienen certificación DIN Plus y se fabrican en Champaña-Ardenas. Se componen de un 70 % de coníferas y un 30 % de frondosas para un calor constante y una buena combustión.,"<div class=""page3a2a2"">
<table class=""page3a2a2a"">
<tbody>
<tr class=""page3a2a2a1"">
<td class=""page3a2a2a1a"">
<div class=""page3a2a2a1a1"">Presentación</div></td>
<td class=""page3a2a2a1b"">
<div class=""page3a2a2a1a3"">Los pellets de madera Ardenforest tienen certificación DIN Plus y se fabrican en Champaña-Ardenas con una mezcla de coníferas y frondosas, con un alto poder calorífico.</div>
<div class=""page3a2a2a1a2"">Estos pellets son de buena calidad y se adaptan perfectamente a todos los sistemas de calefacción de pellets, como estufas, inserts y calderas. El 100 % coníferas no es obligatorio: pruebe sin dudar la mezcla de maderas. No ensuciará su calefacción y le ofrecerá un calor constante y un rápido aumento de la temperatura. ¡Sí, es posible calentarse con un pellet que no sea 100 % coníferas!</div>
<div class=""page3a2a2a1a2"">La mezcla de frondosas y coníferas crea un aglutinante natural en los pellets para que no se rompan durante la compresión ni en su camino hacia el tornillo sin fin. El origen de la madera es muy importante para el medio ambiente: cuanto más cerca de su casa se fabrique el pellet, menos CO₂. Un buen pellet tiene una humedad < 10 %, cenizas < 0,7 %, polvo < 0,5 % y un poder calorífico > 4,6 kWh/kg.</div></td>
</tr>
</tbody>
</table>
</div>
<div class=""page3a2a2"">
<table class=""page3a2a2a"">
<tbody>
<tr class=""page3a2a2a1"">
<td class=""page3a2a2a1a"">
<div class=""page3a2a2a1a1"">Información adicional</div></td>
<td class=""page3a2a2a1b"">
<div class=""page3a2a2a1a3"">Composición</div>
<div class=""page3a2a2a1a2"">Coníferas y frondosas</div>
<div class=""page3a2a2a1a3"">Certificados</div>
<div class=""page3a2a2a1a2"">DIN Plus, PEFC</div>
<div class=""page3a2a2a1a3"">Poder calorífico</div>
<div class=""page3a2a2a1a2"">Superior a 5 kWh/kg</div>
<div class=""page3a2a2a1a3"">Humedad</div>
<div class=""page3a2a2a1a2"">Inferior al 10 %</div>
<div class=""page3a2a2a1a3"">Contenido de cenizas</div>
<div class=""page3a2a2a1a2"">Inferior al 0,7 %</div>
<div class=""page3a2a2a1a3"">Contenido de polvo</div>
<div class=""page3a2a2a1a2"">Inferior al 0,5 %</div>
<div class=""page3a2a2a1a3"">Diámetro</div>
<div class=""page3a2a2a1a2"">6 mm</div></td>
</tr>
</tbody>
</table>
</div>"
229,simple,WH-4420,Pellets Badger – Palette mit 65 Säcken à 15 kg,1,480,384,Holzpellets,"BADGER-Holzpellets, DIN-plus-zertifiziert und 100 % Nadelholz. Die sehr praktischen Säcke sind aus Recyclingpapier. Badger-Pellets haben einen soliden Ruf und sind seit vielen Jahren auf dem Markt bekannt.","<div class=""page3a2a2"">
<table class=""page3a2a2a"">
<tbody>
<tr class=""page3a2a2a1"">
<td class=""page3a2a2a1a"">
<div class=""page3a2a2a1a1"">Übersicht</div></td>
<td class=""page3a2a2a1b"">
<div class=""page3a2a2a1a3"">Badger-Holzpellets aus belgischer Herstellung, in gleichbleibender Qualität, aus Nadelholz nachhaltig bewirtschafteter Wälder – umweltbewusst.</div>
<div class=""page3a2a2a1a2"">Diese Pellets sind 100 % natürlich, ohne Leim und Zusatzstoffe, und erfüllen die Anforderungen der Normen DIN plus und ENplus. Regelmässige Kontrollen – von der Rohstoffbeschaffung über die Herstellung bis zur Verpackung – garantieren Ihnen einen hochwertigen, leistungsstarken Pellet, der Ihre Heizung nicht verschmutzt.</div>
<div class=""page3a2a2a1a2"">Die Säcke bestehen aus Recyclingpapier und sind leicht wiederverwertbar – Sie können sie einfach mit dem Altpapier entsorgen. Mit diesem Pellet erhalten Sie ein hochwertiges Premiumprodukt, das seit über 10 Jahren auf dem Markt bekannt ist.</div></td>
</tr>
</tbody>
</table>
</div>
<div class=""page3a2a2"">
<table class=""page3a2a2a"">
<tbody>
<tr class=""page3a2a2a1"">
<td class=""page3a2a2a1a"">
<div class=""page3a2a2a1a1"">Weitere Informationen</div></td>
<td class=""page3a2a2a1b"">
<div class=""page3a2a2a1a3"">Zusammensetzung</div>
<div class=""page3a2a2a1a2"">100 % Nadelholz</div>
<div class=""page3a2a2a1a3"">Zertifikate</div>
<div class=""page3a2a2a1a2"">DIN plus, ENplus A1</div>
<div class=""page3a2a2a1a3"">Heizwert</div>
<div class=""page3a2a2a1a2"">Über 4,6 kWh/kg</div>
<div class=""page3a2a2a1a3"">Restfeuchte</div>
<div class=""page3a2a2a1a2"">Unter 10 %</div>
<div class=""page3a2a2a1a3"">Aschegehalt</div>
<div class=""page3a2a2a1a2"">Unter 0,7 %</div>
<div class=""page3a2a2a1a3"">Staubanteil</div>
<div class=""page3a2a2a1a2"">Unter 0,5 %</div>
<div class=""page3a2a2a1a3"">Durchmesser</div>
<div class=""page3a2a2a1a2"">6 mm</div></td>
</tr>
</tbody>
</table>
</div>",,,kg,975,,,Pellet Badger - Palette de 65 sacs de 15 kg,"Les granulés de bois BADGER, certifiés DIN Plus et 100% résineux. Les sacs, très pratiques, sont en papier recyclé. Les pellets Badger ont une solide réputation, connus sur le marché depuis de nombreuses années.","<div class=""page3a2a2"">
<table class=""page3a2a2a"">
<tbody>
<tr class=""page3a2a2a1"">
<td class=""page3a2a2a1a"">
<div class=""page3a2a2a1a1"">Présentation</div></td>
<td class=""page3a2a2a1b"">
<div class=""page3a2a2a1a3"">Les granulés de bois Badger de fabrication Belge, de qualité constante, bois issus de résineux de forêts gérées durablement, soucieux de l'environnement.</div>
<div class=""page3a2a2a1a2"">Ces pellets sont 100 % naturels, sans colle ni additif et respectent les exigences des normes DIN Plus et EN Plus. Avec des contrôles réguliers, allant du processus de fabrication, de l'approvisionnement de la matière première à la confection. Vous avez la garantie d'acheter un pellet de qualité, hautement performant, qui conviendra à votre système de chauffage sans l'encrasser.</div>
<div class=""page3a2a2a1a2"">Ces sacs sont constitués de papier recyclés et facilement recyclables. Il est donc plus facile de les jeter dans votre poubelle à papier. En choisissant ce pellet, vous serez garantis d'avoir un pellet haut de gamme, de bonne qualité, très connu sur le marché depuis plus de 10 ans.</div></td>
</tr>
</tbody>
</table>
</div>
<div class=""page3a2a2"">
<table class=""page3a2a2a"">
<tbody>
<tr class=""page3a2a2a1"">
<td class=""page3a2a2a1a"">
<div class=""page3a2a2a1a1"">Informations complémentaires</div></td>
<td class=""page3a2a2a1b"">
<div class=""page3a2a2a1a3"">Composition</div>
<div class=""page3a2a2a1a2"">100% résineux</div>
<div class=""page3a2a2a1a3"">Certificats</div>
<div class=""page3a2a2a1a2"">DIN Plus, EN Plus A1</div>
<div class=""page3a2a2a1a3"">Pouvoir Calorifique</div>
<div class=""page3a2a2a1a2"">Supérieur à 4,6 kWh/kg</div>
<div class=""page3a2a2a1a3"">Taux D'humidité</div>
<div class=""page3a2a2a1a2"">Inférieur à 10 %</div>
<div class=""page3a2a2a1a3"">Taux De Cendres</div>
<div class=""page3a2a2a1a2"">Inférieur à 0,7 %</div>
<div class=""page3a2a2a1a3"">Taux De Poussière</div>
<div class=""page3a2a2a1a2"">Inférieur à 0,5 %</div>
<div class=""page3a2a2a1a3"">Diamètre</div>
<div class=""page3a2a2a1a2"">6 mm</div></td>
</tr>
</tbody>
</table>
</div>",Badger pellets – pallet of 65 × 15 kg bags,"BADGER wood pellets, DIN Plus certified and 100% softwood. The very practical bags are made of recycled paper. Badger pellets have a solid reputation and have been known on the market for many years.","<div class=""page3a2a2"">
<table class=""page3a2a2a"">
<tbody>
<tr class=""page3a2a2a1"">
<td class=""page3a2a2a1a"">
<div class=""page3a2a2a1a1"">Overview</div></td>
<td class=""page3a2a2a1b"">
<div class=""page3a2a2a1a3"">Badger wood pellets are Belgian-made, of consistent quality, from softwood out of sustainably managed forests, and environmentally conscious.</div>
<div class=""page3a2a2a1a2"">These pellets are 100% natural, with no glue or additives, and meet the requirements of the DIN Plus and EN Plus standards. With regular checks covering the manufacturing process, the sourcing of raw material and the packing, you are guaranteed a high-performance quality pellet that will suit your heating system without clogging it.</div>
<div class=""page3a2a2a1a2"">These bags are made of recycled paper and are easily recyclable, so you can simply put them in your paper recycling. By choosing this pellet you are guaranteed a premium, good-quality pellet that has been well known on the market for more than 10 years.</div></td>
</tr>
</tbody>
</table>
</div>
<div class=""page3a2a2"">
<table class=""page3a2a2a"">
<tbody>
<tr class=""page3a2a2a1"">
<td class=""page3a2a2a1a"">
<div class=""page3a2a2a1a1"">Additional information</div></td>
<td class=""page3a2a2a1b"">
<div class=""page3a2a2a1a3"">Composition</div>
<div class=""page3a2a2a1a2"">100% softwood</div>
<div class=""page3a2a2a1a3"">Certificates</div>
<div class=""page3a2a2a1a2"">DIN Plus, EN Plus A1</div>
<div class=""page3a2a2a1a3"">Calorific value</div>
<div class=""page3a2a2a1a2"">Over 4.6 kWh/kg</div>
<div class=""page3a2a2a1a3"">Moisture content</div>
<div class=""page3a2a2a1a2"">Below 10%</div>
<div class=""page3a2a2a1a3"">Ash content</div>
<div class=""page3a2a2a1a2"">Below 0.7%</div>
<div class=""page3a2a2a1a3"">Dust content</div>
<div class=""page3a2a2a1a2"">Below 0.5%</div>
<div class=""page3a2a2a1a3"">Diameter</div>
<div class=""page3a2a2a1a2"">6 mm</div></td>
</tr>
</tbody>
</table>
</div>",Pellet Badger – Palé de 65 sacos de 15 kg,"Pellets de madera BADGER, con certificación DIN Plus y 100 % coníferas. Los sacos, muy prácticos, son de papel reciclado. Los pellets Badger tienen una sólida reputación y son conocidos en el mercado desde hace muchos años.","<div class=""page3a2a2"">
<table class=""page3a2a2a"">
<tbody>
<tr class=""page3a2a2a1"">
<td class=""page3a2a2a1a"">
<div class=""page3a2a2a1a1"">Presentación</div></td>
<td class=""page3a2a2a1b"">
<div class=""page3a2a2a1a3"">Pellets de madera Badger de fabricación belga, de calidad constante, con madera de coníferas de bosques gestionados de forma sostenible y respetuosos con el medio ambiente.</div>
<div class=""page3a2a2a1a2"">Estos pellets son 100 % naturales, sin cola ni aditivos, y cumplen las exigencias de las normas DIN Plus y EN Plus. Con controles regulares, desde el proceso de fabricación y el suministro de la materia prima hasta el envasado, tiene la garantía de comprar un pellet de calidad y alto rendimiento que se adaptará a su calefacción sin ensuciarla.</div>
<div class=""page3a2a2a1a2"">Estos sacos son de papel reciclado y fácilmente reciclables, así que puede tirarlos al contenedor de papel. Al elegir este pellet tendrá la garantía de un pellet de gama alta y buena calidad, muy conocido en el mercado desde hace más de 10 años.</div></td>
</tr>
</tbody>
</table>
</div>
<div class=""page3a2a2"">
<table class=""page3a2a2a"">
<tbody>
<tr class=""page3a2a2a1"">
<td class=""page3a2a2a1a"">
<div class=""page3a2a2a1a1"">Información adicional</div></td>
<td class=""page3a2a2a1b"">
<div class=""page3a2a2a1a3"">Composición</div>
<div class=""page3a2a2a1a2"">100 % coníferas</div>
<div class=""page3a2a2a1a3"">Certificados</div>
<div class=""page3a2a2a1a2"">DIN Plus, EN Plus A1</div>
<div class=""page3a2a2a1a3"">Poder calorífico</div>
<div class=""page3a2a2a1a2"">Superior a 4,6 kWh/kg</div>
<div class=""page3a2a2a1a3"">Humedad</div>
<div class=""page3a2a2a1a2"">Inferior al 10 %</div>
<div class=""page3a2a2a1a3"">Contenido de cenizas</div>
<div class=""page3a2a2a1a2"">Inferior al 0,7 %</div>
<div class=""page3a2a2a1a3"">Contenido de polvo</div>
<div class=""page3a2a2a1a2"">Inferior al 0,5 %</div>
<div class=""page3a2a2a1a3"">Diámetro</div>
<div class=""page3a2a2a1a2"">6 mm</div></td>
</tr>
</tbody>
</table>
</div>"
230,simple,WH-4421,Pellets Bio Energie – Palette mit 66 Säcken à 15 kg,1,490,392,Holzpellets,"BIOENERGIE-Holzpellets, zertifiziert nach DIN plus, ENplus A1 und PEFC, 100 % Nadelholz. Hergestellt in Deutschland in einem umweltbewussten Sägewerk, das auf Produktqualität setzt: natürlich, mit Holz aus nachhaltig bewirtschafteten Wäldern.","<div class=""page3a2a2"">
<table class=""page3a2a2a"">
<tbody>
<tr class=""page3a2a2a1"">
<td class=""page3a2a2a1a"">
<div class=""page3a2a2a1a1"">Übersicht</div></td>
<td class=""page3a2a2a1b"">
<div class=""page3a2a2a1a3"">Bio-Energie-Pellets aus Holz nachhaltig bewirtschafteter deutscher Wälder.</div>
<div class=""page3a2a2a1a2"">Aus 100 % Nadelholz, hergestellt von einem umweltbewussten Unternehmen, das erneuerbare Energien fördern möchte.</div>
<div class=""page3a2a2a1a2"">Zertifiziert nach DIN plus, ENplus A1 und PEFC – passend für alle Pelletheizungen. Sie verschmutzen weder Ofen noch Kessel.</div></td>
</tr>
</tbody>
</table>
</div>
<div class=""page3a2a2"">
<table class=""page3a2a2a"">
<tbody>
<tr class=""page3a2a2a1"">
<td class=""page3a2a2a1a"">
<div class=""page3a2a2a1a1"">Weitere Informationen</div></td>
<td class=""page3a2a2a1b"">
<div class=""page3a2a2a1a3"">Zusammensetzung</div>
<div class=""page3a2a2a1a2"">100 % Nadelholz</div>
<div class=""page3a2a2a1a3"">Zertifikate</div>
<div class=""page3a2a2a1a2"">DIN plus, ENplus A1</div>
<div class=""page3a2a2a1a3"">Heizwert</div>
<div class=""page3a2a2a1a2"">Über 4,6 kWh/kg</div>
<div class=""page3a2a2a1a3"">Restfeuchte</div>
<div class=""page3a2a2a1a2"">Unter 8 %</div>
<div class=""page3a2a2a1a3"">Aschegehalt</div>
<div class=""page3a2a2a1a2"">Unter 0,5 %</div>
<div class=""page3a2a2a1a3"">Staubanteil</div>
<div class=""page3a2a2a1a2"">Unter 0,7 %</div></td>
</tr>
</tbody>
</table>
</div>",,,kg,990,,,Pellet Bio Energie - Palette de 66 sacs de 15 kg,"Granulés de bois BIOENERGIE, certifiés DIN Plus, EN Plus A1 et PEFC, 100% résineux. Fabriqués en Allemagne dans une scierie soucieuse de l'environnement. Leur priorité est la qualité des produits, naturels avec du bois provenant de forêts gérées durablement.","<div class=""page3a2a2"">
<table class=""page3a2a2a"">
<tbody>
<tr class=""page3a2a2a1"">
<td class=""page3a2a2a1a"">
<div class=""page3a2a2a1a1"">Présentation</div></td>
<td class=""page3a2a2a1b"">
<div class=""page3a2a2a1a3"">Les pellets Bio Energie, issus de bois de forêts Allemandes gérées durablement.</div>
<div class=""page3a2a2a1a2"">De bois 100 % résineux, ils sont fabriqués dans une entreprise soucieuse de l'environnement et souhaitant développer les énergies renouvelables.</div>
<div class=""page3a2a2a1a2"">Ils sont certifés DIN Plus, EN Plus A1 et PEFC afin de convenir à tous les systèmes de chauffage à pellet. Ils n'encrasseront pas votre poêle ou chaudière.</div></td>
</tr>
</tbody>
</table>
</div>
<div class=""page3a2a2"">
<table class=""page3a2a2a"">
<tbody>
<tr class=""page3a2a2a1"">
<td class=""page3a2a2a1a"">
<div class=""page3a2a2a1a1"">Informations complémentaires</div></td>
<td class=""page3a2a2a1b"">
<div class=""page3a2a2a1a3"">Composition</div>
<div class=""page3a2a2a1a2"">100% résineux</div>
<div class=""page3a2a2a1a3"">Certificats</div>
<div class=""page3a2a2a1a2"">DIN Plus, EN Plus A1</div>
<div class=""page3a2a2a1a3"">Pouvoir Calorifique</div>
<div class=""page3a2a2a1a2"">Supérieur à 4,6 kWh/kg</div>
<div class=""page3a2a2a1a3"">Taux D'humidité</div>
<div class=""page3a2a2a1a2"">Inférieur à 8 %</div>
<div class=""page3a2a2a1a3"">Taux De Cendres</div>
<div class=""page3a2a2a1a2"">Inférieur à 0,5 %</div>
<div class=""page3a2a2a1a3"">Taux De Poussière</div>
<div class=""page3a2a2a1a2"">Inférieur à 0,7 %</div></td>
</tr>
</tbody>
</table>
</div>",Bio Energie pellets – pallet of 66 × 15 kg bags,"BIOENERGIE wood pellets, DIN Plus, EN Plus A1 and PEFC certified, 100% softwood. Made in Germany at an environmentally conscious sawmill whose priority is product quality: natural products with wood from sustainably managed forests.","<div class=""page3a2a2"">
<table class=""page3a2a2a"">
<tbody>
<tr class=""page3a2a2a1"">
<td class=""page3a2a2a1a"">
<div class=""page3a2a2a1a1"">Overview</div></td>
<td class=""page3a2a2a1b"">
<div class=""page3a2a2a1a3"">Bio Energie pellets, made from wood from sustainably managed German forests.</div>
<div class=""page3a2a2a1a2"">Made of 100% softwood by a company that cares about the environment and wants to develop renewable energy.</div>
<div class=""page3a2a2a1a2"">They are DIN Plus, EN Plus A1 and PEFC certified to suit all pellet heating systems. They will not clog your stove or boiler.</div></td>
</tr>
</tbody>
</table>
</div>
<div class=""page3a2a2"">
<table class=""page3a2a2a"">
<tbody>
<tr class=""page3a2a2a1"">
<td class=""page3a2a2a1a"">
<div class=""page3a2a2a1a1"">Additional information</div></td>
<td class=""page3a2a2a1b"">
<div class=""page3a2a2a1a3"">Composition</div>
<div class=""page3a2a2a1a2"">100% softwood</div>
<div class=""page3a2a2a1a3"">Certificates</div>
<div class=""page3a2a2a1a2"">DIN Plus, EN Plus A1</div>
<div class=""page3a2a2a1a3"">Calorific value</div>
<div class=""page3a2a2a1a2"">Over 4.6 kWh/kg</div>
<div class=""page3a2a2a1a3"">Moisture content</div>
<div class=""page3a2a2a1a2"">Below 8%</div>
<div class=""page3a2a2a1a3"">Ash content</div>
<div class=""page3a2a2a1a2"">Below 0.5%</div>
<div class=""page3a2a2a1a3"">Dust content</div>
<div class=""page3a2a2a1a2"">Below 0.7%</div></td>
</tr>
</tbody>
</table>
</div>",Pellet Bio Energie – Palé de 66 sacos de 15 kg,"Pellets de madera BIOENERGIE, con certificación DIN Plus, EN Plus A1 y PEFC, 100 % coníferas. Fabricados en Alemania en un aserradero respetuoso con el medio ambiente cuya prioridad es la calidad: productos naturales con madera de bosques gestionados de forma sostenible.","<div class=""page3a2a2"">
<table class=""page3a2a2a"">
<tbody>
<tr class=""page3a2a2a1"">
<td class=""page3a2a2a1a"">
<div class=""page3a2a2a1a1"">Presentación</div></td>
<td class=""page3a2a2a1b"">
<div class=""page3a2a2a1a3"">Pellets Bio Energie, elaborados con madera de bosques alemanes gestionados de forma sostenible.</div>
<div class=""page3a2a2a1a2"">De madera 100 % coníferas, fabricados por una empresa respetuosa con el medio ambiente que quiere impulsar las energías renovables.</div>
<div class=""page3a2a2a1a2"">Tienen certificación DIN Plus, EN Plus A1 y PEFC para adaptarse a todos los sistemas de calefacción de pellets. No ensuciarán su estufa ni su caldera.</div></td>
</tr>
</tbody>
</table>
</div>
<div class=""page3a2a2"">
<table class=""page3a2a2a"">
<tbody>
<tr class=""page3a2a2a1"">
<td class=""page3a2a2a1a"">
<div class=""page3a2a2a1a1"">Información adicional</div></td>
<td class=""page3a2a2a1b"">
<div class=""page3a2a2a1a3"">Composición</div>
<div class=""page3a2a2a1a2"">100 % coníferas</div>
<div class=""page3a2a2a1a3"">Certificados</div>
<div class=""page3a2a2a1a2"">DIN Plus, EN Plus A1</div>
<div class=""page3a2a2a1a3"">Poder calorífico</div>
<div class=""page3a2a2a1a2"">Superior a 4,6 kWh/kg</div>
<div class=""page3a2a2a1a3"">Humedad</div>
<div class=""page3a2a2a1a2"">Inferior al 8 %</div>
<div class=""page3a2a2a1a3"">Contenido de cenizas</div>
<div class=""page3a2a2a1a2"">Inferior al 0,5 %</div>
<div class=""page3a2a2a1a3"">Contenido de polvo</div>
<div class=""page3a2a2a1a2"">Inferior al 0,7 %</div></td>
</tr>
</tbody>
</table>
</div>"
231,simple,WH-4422,Pellets Agricola – Palette mit 70 Säcken à 15 kg,1,510,357,Holzpellets,"AGRICOLA-Holzpellets sind ENplus-A1-zertifiziert, 100 % Nadelholz. Hergestellt in Österreich von einem Familienunternehmen.","<div class=""page3a2a2"">
<table class=""page3a2a2a"">
<tbody>
<tr class=""page3a2a2a1"">
<td class=""page3a2a2a1a"">
<div class=""page3a2a2a1a1"">Übersicht</div></td>
<td class=""page3a2a2a1b"">
<div class=""page3a2a2a1a3"">Diese Holzpellets bestehen aus Fichtensägemehl aus heimischen Wäldern der österreichischen Alpen.</div>
<div class=""page3a2a2a1a2"">Sie sind von guter Qualität, mit gutem Heizwert und niedrigem Asche-, Staub- und Feuchtigkeitsgehalt – perfekt für alle Pelletheizungen.</div>
<div class=""page3a2a2a1a2"">Diese Pellets sind in ganz Europa bekannt, vor allem in Mitteleuropa. Zur Erinnerung: Pellets müssen unbedingt vor Feuchtigkeit geschützt gelagert werden.</div></td>
</tr>
</tbody>
</table>
</div>
<div class=""page3a2a2"">
<table class=""page3a2a2a"">
<tbody>
<tr class=""page3a2a2a1"">
<td class=""page3a2a2a1a"">
<div class=""page3a2a2a1a1"">Weitere Informationen</div></td>
<td class=""page3a2a2a1b"">
<div class=""page3a2a2a1a3"">Zusammensetzung</div>
<div class=""page3a2a2a1a2"">100 % Nadelholz</div>
<div class=""page3a2a2a1a3"">Zertifikate</div>
<div class=""page3a2a2a1a2"">ENplus A1</div>
<div class=""page3a2a2a1a3"">Heizwert</div>
<div class=""page3a2a2a1a2"">Über 4,6 kWh/kg</div>
<div class=""page3a2a2a1a3"">Restfeuchte</div>
<div class=""page3a2a2a1a2"">Unter 10 %</div>
<div class=""page3a2a2a1a3"">Aschegehalt</div>
<div class=""page3a2a2a1a2"">Unter 0,7 %</div>
<div class=""page3a2a2a1a3"">Staubanteil</div>
<div class=""page3a2a2a1a2"">Unter 0,5 %</div></td>
</tr>
</tbody>
</table>
</div>",,,kg,1050,,,Pellet Agricola - Palette de 70 sacs de 15 kg,"Les granulés de bois AGRICOLA sont certifiés EN Plus A1, 100 % résineux. Fabriqués en Autriche dans une entreprise familiale.","<div class=""page3a2a2"">
<table class=""page3a2a2a"">
<tbody>
<tr class=""page3a2a2a1"">
<td class=""page3a2a2a1a"">
<div class=""page3a2a2a1a1"">Présentation</div></td>
<td class=""page3a2a2a1b"">
<div class=""page3a2a2a1a3"">Ces granulés de bois sont composés de sciures d'épicéa provenant de forêts locales des Alpes Autrichiennes.</div>
<div class=""page3a2a2a1a2"">Ils sont de bonne qualité avec un bon pouvoir calorifique et faibles taux en cendres, poussières et humidité. Ils conviendront parfaitement à tous les systèmes de chauffage aux granulés.</div>
<div class=""page3a2a2a1a2"">Ces pellets sont très connus dans toute l'Europe et principalement dans l'Europe centrale. Nous vous rappelons que les pellets sont à stocker impérativement à l'abri de l'humidité.</div></td>
</tr>
</tbody>
</table>
</div>
<div class=""page3a2a2"">
<table class=""page3a2a2a"">
<tbody>
<tr class=""page3a2a2a1"">
<td class=""page3a2a2a1a"">
<div class=""page3a2a2a1a1"">Informations complémentaires</div></td>
<td class=""page3a2a2a1b"">
<div class=""page3a2a2a1a3"">Composition</div>
<div class=""page3a2a2a1a2"">100% résineux</div>
<div class=""page3a2a2a1a3"">Certificats</div>
<div class=""page3a2a2a1a2"">EN Plus A1</div>
<div class=""page3a2a2a1a3"">Pouvoir Calorifique</div>
<div class=""page3a2a2a1a2"">Supérieur à 4,6 kWh/kg</div>
<div class=""page3a2a2a1a3"">Taux D'humidité</div>
<div class=""page3a2a2a1a2"">Inférieur à 10 %</div>
<div class=""page3a2a2a1a3"">Taux De Cendres</div>
<div class=""page3a2a2a1a2"">Inférieur à 0,7 %</div>
<div class=""page3a2a2a1a3"">Taux De Poussière</div>
<div class=""page3a2a2a1a2"">Inférieur à 0,5 %</div></td>
</tr>
</tbody>
</table>
</div>",Agricola pellets – pallet of 70 × 15 kg bags,AGRICOLA wood pellets are EN Plus A1 certified and 100% softwood. Made in Austria by a family business.,"<div class=""page3a2a2"">
<table class=""page3a2a2a"">
<tbody>
<tr class=""page3a2a2a1"">
<td class=""page3a2a2a1a"">
<div class=""page3a2a2a1a1"">Overview</div></td>
<td class=""page3a2a2a1b"">
<div class=""page3a2a2a1a3"">These wood pellets are made of spruce sawdust from local forests in the Austrian Alps.</div>
<div class=""page3a2a2a1a2"">They are of good quality, with a good calorific value and low ash, dust and moisture levels. They will suit all pellet heating systems perfectly.</div>
<div class=""page3a2a2a1a2"">These pellets are well known throughout Europe, especially in Central Europe. Please remember that pellets must always be stored away from damp.</div></td>
</tr>
</tbody>
</table>
</div>
<div class=""page3a2a2"">
<table class=""page3a2a2a"">
<tbody>
<tr class=""page3a2a2a1"">
<td class=""page3a2a2a1a"">
<div class=""page3a2a2a1a1"">Additional information</div></td>
<td class=""page3a2a2a1b"">
<div class=""page3a2a2a1a3"">Composition</div>
<div class=""page3a2a2a1a2"">100% softwood</div>
<div class=""page3a2a2a1a3"">Certificates</div>
<div class=""page3a2a2a1a2"">EN Plus A1</div>
<div class=""page3a2a2a1a3"">Calorific value</div>
<div class=""page3a2a2a1a2"">Over 4.6 kWh/kg</div>
<div class=""page3a2a2a1a3"">Moisture content</div>
<div class=""page3a2a2a1a2"">Below 10%</div>
<div class=""page3a2a2a1a3"">Ash content</div>
<div class=""page3a2a2a1a2"">Below 0.7%</div>
<div class=""page3a2a2a1a3"">Dust content</div>
<div class=""page3a2a2a1a2"">Below 0.5%</div></td>
</tr>
</tbody>
</table>
</div>",Pellet Agricola – Palé de 70 sacos de 15 kg,Los pellets de madera AGRICOLA tienen certificación EN Plus A1 y son 100 % coníferas. Fabricados en Austria por una empresa familiar.,"<div class=""page3a2a2"">
<table class=""page3a2a2a"">
<tbody>
<tr class=""page3a2a2a1"">
<td class=""page3a2a2a1a"">
<div class=""page3a2a2a1a1"">Presentación</div></td>
<td class=""page3a2a2a1b"">
<div class=""page3a2a2a1a3"">Estos pellets de madera se componen de serrín de abeto rojo procedente de bosques locales de los Alpes austriacos.</div>
<div class=""page3a2a2a1a2"">Son de buena calidad, con un buen poder calorífico y bajos contenidos de cenizas, polvo y humedad. Se adaptarán perfectamente a todos los sistemas de calefacción de pellets.</div>
<div class=""page3a2a2a1a2"">Estos pellets son muy conocidos en toda Europa, sobre todo en Europa central. Le recordamos que los pellets deben almacenarse siempre protegidos de la humedad.</div></td>
</tr>
</tbody>
</table>
</div>
<div class=""page3a2a2"">
<table class=""page3a2a2a"">
<tbody>
<tr class=""page3a2a2a1"">
<td class=""page3a2a2a1a"">
<div class=""page3a2a2a1a1"">Información adicional</div></td>
<td class=""page3a2a2a1b"">
<div class=""page3a2a2a1a3"">Composición</div>
<div class=""page3a2a2a1a2"">100 % coníferas</div>
<div class=""page3a2a2a1a3"">Certificados</div>
<div class=""page3a2a2a1a2"">EN Plus A1</div>
<div class=""page3a2a2a1a3"">Poder calorífico</div>
<div class=""page3a2a2a1a2"">Superior a 4,6 kWh/kg</div>
<div class=""page3a2a2a1a3"">Humedad</div>
<div class=""page3a2a2a1a2"">Inferior al 10 %</div>
<div class=""page3a2a2a1a3"">Contenido de cenizas</div>
<div class=""page3a2a2a1a2"">Inferior al 0,7 %</div>
<div class=""page3a2a2a1a3"">Contenido de polvo</div>
<div class=""page3a2a2a1a2"">Inferior al 0,5 %</div></td>
</tr>
</tbody>
</table>
</div>"
236,simple,WH-4423,Pellets Limouzi – Palette mit 66 Säcken à 15 kg,1,490,392,Holzpellets,"LIMOUZI-Holzpellets tragen 2 Zertifikate – DIN plus und PEFC – und bestehen zu 100 % aus Nadelholz. Diese Qualitätspellets werden in Frankreich im Limousin hergestellt. Sparsam, leistungsstark und 100 % natürlich.","<div class=""page3a2a2"">
<table class=""page3a2a2a"">
<tbody>
<tr class=""page3a2a2a1"">
<td class=""page3a2a2a1a"">
<div class=""page3a2a2a1a1"">Übersicht</div></td>
<td class=""page3a2a2a1b"">
<div class=""page3a2a2a1a3"">Diese Pellets sind dank frischem, gleichbleibendem Rohstoff aus dem eigenen Sägewerk von sehr guter Qualität.</div>
<div class=""page3a2a2a1a2"">Mit ihrer niedrigen Restfeuchte < 8 % verschmutzen LIMOUZI-Pellets weder Ofen, Einsatz noch Kessel. Dank eines Heizwerts zwischen 4,6 und 5 kWh/kg verbrennen sie langsam und vollständig – das senkt Ihren Verbrauch.</div>
<div class=""page3a2a2a1a2"">Zahlreiche Qualitätskontrollen erfolgen regelmässig: Rohstoffqualität, Trocknung, Presse, Siebung und Kühlung – die ganze Produktionskette. Die Pellets sind DIN-plus-zertifiziert, 100 % natürlich und ohne Zusatzstoffe. Tests finden 4-mal täglich vor Ort und im Labor statt, mit Rückverfolgbarkeit des Produkts. Die praktischen Säcke aus recycelbarem Polyethylen sind besonders reissfest und leicht umzufüllen.</div></td>
</tr>
</tbody>
</table>
</div>
<div class=""page3a2a2"">
<table class=""page3a2a2a"">
<tbody>
<tr class=""page3a2a2a1"">
<td class=""page3a2a2a1a"">
<div class=""page3a2a2a1a1"">Weitere Informationen</div></td>
<td class=""page3a2a2a1b"">
<div class=""page3a2a2a1a3"">Zusammensetzung</div>
<div class=""page3a2a2a1a2"">100 % Nadelholz</div>
<div class=""page3a2a2a1a3"">Zertifikate</div>
<div class=""page3a2a2a1a2"">DIN plus, PEFC</div>
<div class=""page3a2a2a1a3"">Heizwert</div>
<div class=""page3a2a2a1a2"">Zwischen 4,6 und 5 kWh/kg</div>
<div class=""page3a2a2a1a3"">Restfeuchte</div>
<div class=""page3a2a2a1a2"">Unter 8 %</div>
<div class=""page3a2a2a1a3"">Aschegehalt</div>
<div class=""page3a2a2a1a2"">Unter 0,5 %</div>
<div class=""page3a2a2a1a3"">Staubanteil</div>
<div class=""page3a2a2a1a2"">Unter 0,4 %</div>
<div class=""page3a2a2a1a3"">Durchmesser</div>
<div class=""page3a2a2a1a2"">6 mm</div></td>
</tr>
</tbody>
</table>
</div>",,,kg,990,,,Pellet Limouzi - Palette de 66 sacs de 15 kg,"Les granulés de bois LIMOUZI possèdent 2 certifications : DIN Plus et PEFC et sont 100% résineux. Ces pellets de qualité sont fabriqués en France dans le Limousin. Economique, performant et 100% naturel.","<div class=""page3a2a2"">
<table class=""page3a2a2a"">
<tbody>
<tr class=""page3a2a2a1"">
<td class=""page3a2a2a1a"">
<div class=""page3a2a2a1a1"">Présentation</div></td>
<td class=""page3a2a2a1b"">
<div class=""page3a2a2a1a3"">Ces pellets sont de très bonne qualité grâce à une matière première fraiche, constante issue de leur propre scierie.</div>
<div class=""page3a2a2a1a2"">Ils ont un faible taux d'humidité &lt; 8% les pellets LIMOUZI n'encrasseront pas votre poêle, insert ou chaudière. Grâce à un pouvoir calorifique compris entre 4.6 et 5 KWh/kg, vous bénéficierez d'une combustion lente et complète ce qui réduira votre consommation.</div>
<div class=""page3a2a2a1a2"">De nombreux contrôles qualité sont effectués régulièrement : qualité des matières premières, process séchage, presse, tamiseur et refroidisseur. Toute la chaîne de fabrication. Ils sont certifiés DIN Plus et sont 100% naturels, sans additif. Des tests sont réalisés 4 fois par jour sur site et en laboratoire avec traçabilité du produit. Les sacs en format pratique, recyclables en polyéthylène, plus resistants et faciles à transvider.</div></td>
</tr>
</tbody>
</table>
</div>
<div class=""page3a2a2"">
<table class=""page3a2a2a"">
<tbody>
<tr class=""page3a2a2a1"">
<td class=""page3a2a2a1a"">
<div class=""page3a2a2a1a1"">Informations complémentaires</div></td>
<td class=""page3a2a2a1b"">
<div class=""page3a2a2a1a3"">Composition</div>
<div class=""page3a2a2a1a2"">100% résineux</div>
<div class=""page3a2a2a1a3"">Certificats</div>
<div class=""page3a2a2a1a2"">DIN Plus, PEFC</div>
<div class=""page3a2a2a1a3"">Pouvoir Calorifique</div>
<div class=""page3a2a2a1a2"">Entre 4.6 et 5 KWh/KG</div>
<div class=""page3a2a2a1a3"">Taux D'humidité</div>
<div class=""page3a2a2a1a2"">Inférieur à 8 %</div>
<div class=""page3a2a2a1a3"">Taux De Cendres</div>
<div class=""page3a2a2a1a2"">Inférieur à 0,5 %</div>
<div class=""page3a2a2a1a3"">Taux De Poussière</div>
<div class=""page3a2a2a1a2"">inférieur à 0.4%</div>
<div class=""page3a2a2a1a3"">Diamètre</div>
<div class=""page3a2a2a1a2"">6 mm</div></td>
</tr>
</tbody>
</table>
</div>",Limouzi pellets – pallet of 66 × 15 kg bags,"LIMOUZI wood pellets hold 2 certifications, DIN Plus and PEFC, and are 100% softwood. These quality pellets are made in France, in the Limousin region. Economical, efficient and 100% natural.","<div class=""page3a2a2"">
<table class=""page3a2a2a"">
<tbody>
<tr class=""page3a2a2a1"">
<td class=""page3a2a2a1a"">
<div class=""page3a2a2a1a1"">Overview</div></td>
<td class=""page3a2a2a1b"">
<div class=""page3a2a2a1a3"">These pellets are of very good quality thanks to a fresh, consistent raw material from the maker's own sawmill.</div>
<div class=""page3a2a2a1a2"">With their low moisture content (< 8%), LIMOUZI pellets will not clog your stove, insert or boiler. Thanks to a calorific value between 4.6 and 5 kWh/kg, you get a slow, complete burn that reduces your consumption.</div>
<div class=""page3a2a2a1a2"">Numerous quality checks are carried out regularly: raw material quality, drying process, press, screen and cooler – the whole production chain. They are DIN Plus certified, 100% natural and additive-free. Tests are run 4 times a day on site and in the laboratory, with product traceability. The bags come in a practical size, are made of recyclable polyethylene, are stronger and easy to empty.</div></td>
</tr>
</tbody>
</table>
</div>
<div class=""page3a2a2"">
<table class=""page3a2a2a"">
<tbody>
<tr class=""page3a2a2a1"">
<td class=""page3a2a2a1a"">
<div class=""page3a2a2a1a1"">Additional information</div></td>
<td class=""page3a2a2a1b"">
<div class=""page3a2a2a1a3"">Composition</div>
<div class=""page3a2a2a1a2"">100% softwood</div>
<div class=""page3a2a2a1a3"">Certificates</div>
<div class=""page3a2a2a1a2"">DIN Plus, PEFC</div>
<div class=""page3a2a2a1a3"">Calorific value</div>
<div class=""page3a2a2a1a2"">Between 4.6 and 5 kWh/kg</div>
<div class=""page3a2a2a1a3"">Moisture content</div>
<div class=""page3a2a2a1a2"">Below 8%</div>
<div class=""page3a2a2a1a3"">Ash content</div>
<div class=""page3a2a2a1a2"">Below 0.5%</div>
<div class=""page3a2a2a1a3"">Dust content</div>
<div class=""page3a2a2a1a2"">Below 0.4%</div>
<div class=""page3a2a2a1a3"">Diameter</div>
<div class=""page3a2a2a1a2"">6 mm</div></td>
</tr>
</tbody>
</table>
</div>",Pellet Limouzi – Palé de 66 sacos de 15 kg,"Los pellets de madera LIMOUZI tienen 2 certificaciones, DIN Plus y PEFC, y son 100 % coníferas. Estos pellets de calidad se fabrican en Francia, en Lemosín. Económicos, eficientes y 100 % naturales.","<div class=""page3a2a2"">
<table class=""page3a2a2a"">
<tbody>
<tr class=""page3a2a2a1"">
<td class=""page3a2a2a1a"">
<div class=""page3a2a2a1a1"">Presentación</div></td>
<td class=""page3a2a2a1b"">
<div class=""page3a2a2a1a3"">Estos pellets son de muy buena calidad gracias a una materia prima fresca y constante procedente de su propio aserradero.</div>
<div class=""page3a2a2a1a2"">Con su baja humedad (< 8 %), los pellets LIMOUZI no ensuciarán su estufa, insert o caldera. Gracias a un poder calorífico de entre 4,6 y 5 kWh/kg, disfrutará de una combustión lenta y completa que reducirá su consumo.</div>
<div class=""page3a2a2a1a2"">Se realizan regularmente numerosos controles de calidad: calidad de las materias primas, proceso de secado, prensa, tamizado y enfriamiento; toda la cadena de fabricación. Tienen certificación DIN Plus y son 100 % naturales, sin aditivos. Se realizan pruebas 4 veces al día en planta y en laboratorio, con trazabilidad del producto. Los sacos, de formato práctico y polietileno reciclable, son más resistentes y fáciles de vaciar.</div></td>
</tr>
</tbody>
</table>
</div>
<div class=""page3a2a2"">
<table class=""page3a2a2a"">
<tbody>
<tr class=""page3a2a2a1"">
<td class=""page3a2a2a1a"">
<div class=""page3a2a2a1a1"">Información adicional</div></td>
<td class=""page3a2a2a1b"">
<div class=""page3a2a2a1a3"">Composición</div>
<div class=""page3a2a2a1a2"">100 % coníferas</div>
<div class=""page3a2a2a1a3"">Certificados</div>
<div class=""page3a2a2a1a2"">DIN Plus, PEFC</div>
<div class=""page3a2a2a1a3"">Poder calorífico</div>
<div class=""page3a2a2a1a2"">Entre 4,6 y 5 kWh/kg</div>
<div class=""page3a2a2a1a3"">Humedad</div>
<div class=""page3a2a2a1a2"">Inferior al 8 %</div>
<div class=""page3a2a2a1a3"">Contenido de cenizas</div>
<div class=""page3a2a2a1a2"">Inferior al 0,5 %</div>
<div class=""page3a2a2a1a3"">Contenido de polvo</div>
<div class=""page3a2a2a1a2"">Inferior al 0,4 %</div>
<div class=""page3a2a2a1a3"">Diámetro</div>
<div class=""page3a2a2a1a2"">6 mm</div></td>
</tr>
</tbody>
</table>
</div>"
237,simple,WH-4431,Pellets Olczyk – Palette mit 70 Säcken à 15 kg,1,520,390,Holzpellets,"OLCZYK-PREMIUM-Holzpellets sind nach DIN plus und ENplus A1 zertifiziert, 100 % Nadelholz. Hergestellt in Polen von einem führenden Unternehmen der Holzindustrie.","<div class=""page3a2a2"">
<table class=""page3a2a2a"">
<tbody>
<tr class=""page3a2a2a1"">
<td class=""page3a2a2a1a"">
<div class=""page3a2a2a1a1"">Übersicht</div></td>
<td class=""page3a2a2a1b"">
<div class=""page3a2a2a1a3"">Dieser Pellet wird in einem polnischen Sägewerk mit über 40 Jahren Erfahrung in der Holzbranche hergestellt.</div>
<div class=""page3a2a2a1a2"">Mit einem Heizwert von 4,6 kWh/kg erhalten Sie gleichmässige Wärme, und dank niedrigem Asche-, Staub- und Feuchtigkeitsgehalt verschmutzt Ihr Ofen nicht. Das Unternehmen verwertet sein Kiefernsägemehl (Nadelholz), um unter Einhaltung strenger Normen 100 % natürliche Holzpellets herzustellen.</div>
<div class=""page3a2a2a1a2"">Da das Unternehmen sein eigenes Sägemehl verwendet, ist die Qualität gleichbleibend. Mit diesem Pellet entscheiden Sie sich für ökologisches Heizen.</div></td>
</tr>
</tbody>
</table>
</div>
<div class=""page3a2a2"">
<table class=""page3a2a2a"">
<tbody>
<tr class=""page3a2a2a1"">
<td class=""page3a2a2a1a"">
<div class=""page3a2a2a1a1"">Weitere Informationen</div></td>
<td class=""page3a2a2a1b"">
<div class=""page3a2a2a1a3"">Zusammensetzung</div>
<div class=""page3a2a2a1a2"">100 % Nadelholz</div>
<div class=""page3a2a2a1a3"">Zertifikate</div>
<div class=""page3a2a2a1a2"">DIN plus, ENplus A1</div>
<div class=""page3a2a2a1a3"">Heizwert</div>
<div class=""page3a2a2a1a2"">Über 4,6 kWh/kg</div>
<div class=""page3a2a2a1a3"">Restfeuchte</div>
<div class=""page3a2a2a1a2"">Unter 10 %</div>
<div class=""page3a2a2a1a3"">Aschegehalt</div>
<div class=""page3a2a2a1a2"">Unter 0,7 %</div>
<div class=""page3a2a2a1a3"">Durchmesser</div>
<div class=""page3a2a2a1a2"">6 mm</div></td>
</tr>
</tbody>
</table>
</div>",,,kg,1050,,,Pellet Olczyk - Palette de 70 sacs de 15 kg,"Les granulés de bois PREMIUM OLCZYK sont certifiés DIN Plus et EN Plus A1, 100 % résineux. Fabriqués en Pologne dans une entreprise leader de l'industrie bois.","<div class=""page3a2a2"">
<table class=""page3a2a2a"">
<tbody>
<tr class=""page3a2a2a1"">
<td class=""page3a2a2a1a"">
<div class=""page3a2a2a1a1"">Présentation</div></td>
<td class=""page3a2a2a1b"">
<div class=""page3a2a2a1a3"">Ce pellet est fabriqué dans une scierie de Pologne possédant plus de 40 ans d'expérience dans la filière bois.</div>
<div class=""page3a2a2a1a2"">Grâce à un pouvoir calorifique de 4,6 kWh/kg, vous obtiendrez une chaleur constante et avec de faibles taux en cendres, poussières et humidité, vous n'encrasserez pas votre poêle. Cette entreprise a fait le choix de récupérer leurs sciures de pin (résineux) afin de fabriquer des granulés de bois 100 % naturels tout en respectant des normes strictes.</div>
<div class=""page3a2a2a1a2"">En utilisant leurs propres sciures, vous avez la garantie d'avoir une qualité constante. En choisissant ce pellet, vous faites le choix de chauffer votre maison écologiquement.</div></td>
</tr>
</tbody>
</table>
</div>
<div class=""page3a2a2"">
<table class=""page3a2a2a"">
<tbody>
<tr class=""page3a2a2a1"">
<td class=""page3a2a2a1a"">
<div class=""page3a2a2a1a1"">Informations complémentaires</div></td>
<td class=""page3a2a2a1b"">
<div class=""page3a2a2a1a3"">Composition</div>
<div class=""page3a2a2a1a2"">100% résineux</div>
<div class=""page3a2a2a1a3"">Certificats</div>
<div class=""page3a2a2a1a2"">DIN Plus, EN Plus A1</div>
<div class=""page3a2a2a1a3"">Pouvoir Calorifique</div>
<div class=""page3a2a2a1a2"">Supérieur à 4,6 kWh/kg</div>
<div class=""page3a2a2a1a3"">Taux D'humidité</div>
<div class=""page3a2a2a1a2"">Inférieur à 10 %</div>
<div class=""page3a2a2a1a3"">Taux De Cendres</div>
<div class=""page3a2a2a1a2"">Inférieur à 0,7 %</div>
<div class=""page3a2a2a1a3"">Diamètre</div>
<div class=""page3a2a2a1a2"">6 mm</div></td>
</tr>
</tbody>
</table>
</div>",Olczyk pellets – pallet of 70 × 15 kg bags,OLCZYK PREMIUM wood pellets are DIN Plus and EN Plus A1 certified and 100% softwood. Made in Poland by a leading company in the wood industry.,"<div class=""page3a2a2"">
<table class=""page3a2a2a"">
<tbody>
<tr class=""page3a2a2a1"">
<td class=""page3a2a2a1a"">
<div class=""page3a2a2a1a1"">Overview</div></td>
<td class=""page3a2a2a1b"">
<div class=""page3a2a2a1a3"">This pellet is made at a Polish sawmill with more than 40 years of experience in the wood industry.</div>
<div class=""page3a2a2a1a2"">Thanks to a calorific value of 4.6 kWh/kg you get a steady heat, and with low ash, dust and moisture levels you will not clog your stove. The company chose to recover its pine (softwood) sawdust to make 100% natural wood pellets while meeting strict standards.</div>
<div class=""page3a2a2a1a2"">Because they use their own sawdust, you are guaranteed a consistent quality. By choosing this pellet, you choose to heat your home in an eco-friendly way.</div></td>
</tr>
</tbody>
</table>
</div>
<div class=""page3a2a2"">
<table class=""page3a2a2a"">
<tbody>
<tr class=""page3a2a2a1"">
<td class=""page3a2a2a1a"">
<div class=""page3a2a2a1a1"">Additional information</div></td>
<td class=""page3a2a2a1b"">
<div class=""page3a2a2a1a3"">Composition</div>
<div class=""page3a2a2a1a2"">100% softwood</div>
<div class=""page3a2a2a1a3"">Certificates</div>
<div class=""page3a2a2a1a2"">DIN Plus, EN Plus A1</div>
<div class=""page3a2a2a1a3"">Calorific value</div>
<div class=""page3a2a2a1a2"">Over 4.6 kWh/kg</div>
<div class=""page3a2a2a1a3"">Moisture content</div>
<div class=""page3a2a2a1a2"">Below 10%</div>
<div class=""page3a2a2a1a3"">Ash content</div>
<div class=""page3a2a2a1a2"">Below 0.7%</div>
<div class=""page3a2a2a1a3"">Diameter</div>
<div class=""page3a2a2a1a2"">6 mm</div></td>
</tr>
</tbody>
</table>
</div>",Pellet Olczyk – Palé de 70 sacos de 15 kg,Los pellets de madera PREMIUM OLCZYK tienen certificación DIN Plus y EN Plus A1 y son 100 % coníferas. Fabricados en Polonia por una empresa líder de la industria de la madera.,"<div class=""page3a2a2"">
<table class=""page3a2a2a"">
<tbody>
<tr class=""page3a2a2a1"">
<td class=""page3a2a2a1a"">
<div class=""page3a2a2a1a1"">Presentación</div></td>
<td class=""page3a2a2a1b"">
<div class=""page3a2a2a1a3"">Este pellet se fabrica en un aserradero de Polonia con más de 40 años de experiencia en el sector de la madera.</div>
<div class=""page3a2a2a1a2"">Gracias a un poder calorífico de 4,6 kWh/kg obtendrá un calor constante y, con sus bajos contenidos de cenizas, polvo y humedad, no ensuciará su estufa. La empresa decidió aprovechar su serrín de pino (coníferas) para fabricar pellets 100 % naturales respetando normas estrictas.</div>
<div class=""page3a2a2a1a2"">Al usar su propio serrín, la calidad es constante. Al elegir este pellet, opta por calentar su casa de forma ecológica.</div></td>
</tr>
</tbody>
</table>
</div>
<div class=""page3a2a2"">
<table class=""page3a2a2a"">
<tbody>
<tr class=""page3a2a2a1"">
<td class=""page3a2a2a1a"">
<div class=""page3a2a2a1a1"">Información adicional</div></td>
<td class=""page3a2a2a1b"">
<div class=""page3a2a2a1a3"">Composición</div>
<div class=""page3a2a2a1a2"">100 % coníferas</div>
<div class=""page3a2a2a1a3"">Certificados</div>
<div class=""page3a2a2a1a2"">DIN Plus, EN Plus A1</div>
<div class=""page3a2a2a1a3"">Poder calorífico</div>
<div class=""page3a2a2a1a2"">Superior a 4,6 kWh/kg</div>
<div class=""page3a2a2a1a3"">Humedad</div>
<div class=""page3a2a2a1a2"">Inferior al 10 %</div>
<div class=""page3a2a2a1a3"">Contenido de cenizas</div>
<div class=""page3a2a2a1a2"">Inferior al 0,7 %</div>
<div class=""page3a2a2a1a3"">Diámetro</div>
<div class=""page3a2a2a1a2"">6 mm</div></td>
</tr>
</tbody>
</table>
</div>"
238,simple,WH-4432,Pellets Solaris – Palette mit 65 Säcken à 15 kg,1,480,360,Holzpellets,"SOLARIS-Holzpellets sind DIN-plus-zertifiziert und bestehen zu 100 % aus Nadelholz. Sie werden aus Sägemehl aus nachhaltig bewirtschafteten, regionalen Wäldern hergestellt.","<div class=""page3a2a2"">
<table class=""page3a2a2a"">
<tbody>
<tr class=""page3a2a2a1"">
<td class=""page3a2a2a1a"">
<div class=""page3a2a2a1a1"">Übersicht</div></td>
<td class=""page3a2a2a1b"">
<div class=""page3a2a2a1a3"">SOLARIS-Holzpellets bestehen aus 100 % natürlichem Nadelholz, ohne Zusatzstoffe.</div>
<div class=""page3a2a2a1a2"">Mit einem Heizwert über 4,6 kWh/kg erhalten Sie gleichmässige Wärme. Asche-, Staub- und Feuchtigkeitsgehalt entsprechen der DIN-plus-Norm – Ihr Ofen verschmutzt weniger.</div>
<div class=""page3a2a2a1a2"">Hergestellt in einem modernen Sägewerk mit perfekter Prozessbeherrschung und regelmässiger Rohstoffkontrolle. Ein zertifizierter Pellet ist eine Qualitätsgarantie für den Anwender.</div></td>
</tr>
</tbody>
</table>
</div>
<div class=""page3a2a2"">
<table class=""page3a2a2a"">
<tbody>
<tr class=""page3a2a2a1"">
<td class=""page3a2a2a1a"">
<div class=""page3a2a2a1a1"">Weitere Informationen</div></td>
<td class=""page3a2a2a1b"">
<div class=""page3a2a2a1a3"">Zusammensetzung</div>
<div class=""page3a2a2a1a2"">100 % Nadelholz</div>
<div class=""page3a2a2a1a3"">Zertifikate</div>
<div class=""page3a2a2a1a2"">DIN plus und ENplus A1</div>
<div class=""page3a2a2a1a3"">Heizwert</div>
<div class=""page3a2a2a1a2"">Über 4,6 kWh/kg</div>
<div class=""page3a2a2a1a3"">Restfeuchte</div>
<div class=""page3a2a2a1a2"">Unter 10 %</div>
<div class=""page3a2a2a1a3"">Aschegehalt</div>
<div class=""page3a2a2a1a2"">Unter 0,7 %</div>
<div class=""page3a2a2a1a3"">Staubanteil</div>
<div class=""page3a2a2a1a2"">Unter 0,5 %</div>
<div class=""page3a2a2a1a3"">Durchmesser</div>
<div class=""page3a2a2a1a2"">6 mm (± 1 mm)</div></td>
</tr>
</tbody>
</table>
</div>",,,kg,975,,,Pellet Solaris - Palette de 65 sacs de 15 kg,Les granulés de bois SOLARIS sont certifiés DIN Plus et sont 100 % résineux. Ils sont fabriqués avec des sciures issues de forêts locales gérées durablement.,"<div class=""page3a2a2"">
<table class=""page3a2a2a"">
<tbody>
<tr class=""page3a2a2a1"">
<td class=""page3a2a2a1a"">
<div class=""page3a2a2a1a1"">Présentation</div></td>
<td class=""page3a2a2a1b"">
<div class=""page3a2a2a1a3"">Les pellets de bois de marque SOLARIS sont issus de bois résineux 100 % naturel, sans additif.</div>
<div class=""page3a2a2a1a2"">Avec un pouvoir calorifique supérieur à 4.6 kWh/KG, vous obtiendrez une chaleur constante dans votre foyer. Il possède des taux en cendres, poussières et humidité respectant les normes DIN Plus, ce qui encrassera moins votre poêle.</div>
<div class=""page3a2a2a1a2"">Fabriqués en scierie moderne, avec une maîtrise impeccable et un contrôle régulier de la matière première. Un pellet certifié est une garantie de qualité pour l'utilisateur.</div></td>
</tr>
</tbody>
</table>
</div>
<div class=""page3a2a2"">
<table class=""page3a2a2a"">
<tbody>
<tr class=""page3a2a2a1"">
<td class=""page3a2a2a1a"">
<div class=""page3a2a2a1a1"">Informations complémentaires</div></td>
<td class=""page3a2a2a1b"">
<div class=""page3a2a2a1a3"">Composition</div>
<div class=""page3a2a2a1a2"">100% résineux</div>
<div class=""page3a2a2a1a3"">Certificats</div>
<div class=""page3a2a2a1a2"">DIN Plus et EN Plus A1</div>
<div class=""page3a2a2a1a3"">Pouvoir Calorifique</div>
<div class=""page3a2a2a1a2"">Supérieur à 4,6 kWh/kg</div>
<div class=""page3a2a2a1a3"">Taux D'humidité</div>
<div class=""page3a2a2a1a2"">Inférieur à 10 %</div>
<div class=""page3a2a2a1a3"">Taux De Cendres</div>
<div class=""page3a2a2a1a2"">Inférieur à 0,7 %</div>
<div class=""page3a2a2a1a3"">Taux De Poussière</div>
<div class=""page3a2a2a1a2"">inférieur à 0.5 %</div>
<div class=""page3a2a2a1a3"">Diamètre</div>
<div class=""page3a2a2a1a2"">6 mm (+/- 1 mm)</div></td>
</tr>
</tbody>
</table>
</div>",Solaris pellets – pallet of 65 × 15 kg bags,"SOLARIS wood pellets are DIN Plus certified and 100% softwood. They are made from sawdust from local, sustainably managed forests.","<div class=""page3a2a2"">
<table class=""page3a2a2a"">
<tbody>
<tr class=""page3a2a2a1"">
<td class=""page3a2a2a1a"">
<div class=""page3a2a2a1a1"">Overview</div></td>
<td class=""page3a2a2a1b"">
<div class=""page3a2a2a1a3"">SOLARIS-brand wood pellets are made from 100% natural softwood, with no additives.</div>
<div class=""page3a2a2a1a2"">With a calorific value above 4.6 kWh/kg you get a steady heat in your home. Its ash, dust and moisture levels meet the DIN Plus standards, so your stove will clog less.</div>
<div class=""page3a2a2a1a2"">Made in a modern sawmill with impeccable process control and regular checks of the raw material. A certified pellet is a guarantee of quality for the user.</div></td>
</tr>
</tbody>
</table>
</div>
<div class=""page3a2a2"">
<table class=""page3a2a2a"">
<tbody>
<tr class=""page3a2a2a1"">
<td class=""page3a2a2a1a"">
<div class=""page3a2a2a1a1"">Additional information</div></td>
<td class=""page3a2a2a1b"">
<div class=""page3a2a2a1a3"">Composition</div>
<div class=""page3a2a2a1a2"">100% softwood</div>
<div class=""page3a2a2a1a3"">Certificates</div>
<div class=""page3a2a2a1a2"">DIN Plus and EN Plus A1</div>
<div class=""page3a2a2a1a3"">Calorific value</div>
<div class=""page3a2a2a1a2"">Over 4.6 kWh/kg</div>
<div class=""page3a2a2a1a3"">Moisture content</div>
<div class=""page3a2a2a1a2"">Below 10%</div>
<div class=""page3a2a2a1a3"">Ash content</div>
<div class=""page3a2a2a1a2"">Below 0.7%</div>
<div class=""page3a2a2a1a3"">Dust content</div>
<div class=""page3a2a2a1a2"">Below 0.5%</div>
<div class=""page3a2a2a1a3"">Diameter</div>
<div class=""page3a2a2a1a2"">6 mm (± 1 mm)</div></td>
</tr>
</tbody>
</table>
</div>",Pellet Solaris – Palé de 65 sacos de 15 kg,Los pellets de madera SOLARIS tienen certificación DIN Plus y son 100 % coníferas. Se fabrican con serrín de bosques locales gestionados de forma sostenible.,"<div class=""page3a2a2"">
<table class=""page3a2a2a"">
<tbody>
<tr class=""page3a2a2a1"">
<td class=""page3a2a2a1a"">
<div class=""page3a2a2a1a1"">Presentación</div></td>
<td class=""page3a2a2a1b"">
<div class=""page3a2a2a1a3"">Los pellets de madera SOLARIS se elaboran con madera de coníferas 100 % natural, sin aditivos.</div>
<div class=""page3a2a2a1a2"">Con un poder calorífico superior a 4,6 kWh/kg obtendrá un calor constante en su hogar. Sus contenidos de cenizas, polvo y humedad cumplen la norma DIN Plus, por lo que ensuciará menos su estufa.</div>
<div class=""page3a2a2a1a2"">Fabricados en un aserradero moderno, con un control impecable y una supervisión regular de la materia prima. Un pellet certificado es una garantía de calidad para el usuario.</div></td>
</tr>
</tbody>
</table>
</div>
<div class=""page3a2a2"">
<table class=""page3a2a2a"">
<tbody>
<tr class=""page3a2a2a1"">
<td class=""page3a2a2a1a"">
<div class=""page3a2a2a1a1"">Información adicional</div></td>
<td class=""page3a2a2a1b"">
<div class=""page3a2a2a1a3"">Composición</div>
<div class=""page3a2a2a1a2"">100 % coníferas</div>
<div class=""page3a2a2a1a3"">Certificados</div>
<div class=""page3a2a2a1a2"">DIN Plus y EN Plus A1</div>
<div class=""page3a2a2a1a3"">Poder calorífico</div>
<div class=""page3a2a2a1a2"">Superior a 4,6 kWh/kg</div>
<div class=""page3a2a2a1a3"">Humedad</div>
<div class=""page3a2a2a1a2"">Inferior al 10 %</div>
<div class=""page3a2a2a1a3"">Contenido de cenizas</div>
<div class=""page3a2a2a1a2"">Inferior al 0,7 %</div>
<div class=""page3a2a2a1a3"">Contenido de polvo</div>
<div class=""page3a2a2a1a2"">Inferior al 0,5 %</div>
<div class=""page3a2a2a1a3"">Diámetro</div>
<div class=""page3a2a2a1a2"">6 mm (± 1 mm)</div></td>
</tr>
</tbody>
</table>
</div>"
239,simple,WH-4433,Excellent Pellets – Palette mit 65 Säcken à 15 kg,1,480,384,Holzpellets,"EXCELLENT-PELLETS-Holzpellets, zertifiziert nach DIN plus und ENplus A1. Hergestellt in Belgien – ein lokales Produkt, 100 % Nadelholz und natürlich.","<div class=""page3a2a2"">
<table class=""page3a2a2a"">
<tbody>
<tr class=""page3a2a2a1"">
<td class=""page3a2a2a1a"">
<div class=""page3a2a2a1a1"">Übersicht</div></td>
<td class=""page3a2a2a1b"">
<div class=""page3a2a2a1a3"">Sie werden in einem sehr grossen Sägewerk hergestellt, wo das Sägemehl direkt vor Ort zu Pellets verarbeitet wird.</div>
<div class=""page3a2a2a1a2"">Die kurzen Wege halten das Sägemehl besonders frisch. Anschliessend wird es bei niedriger Temperatur getrocknet (Bandtrockner). Diese Rohstoffbeherrschung sorgt für einen niedrigen Aschegehalt und eine hohe Ascheerweichungstemperatur (verhindert Schlackebildung).</div>
<div class=""page3a2a2a1a2"">Die hohe Härte der Pellets durch Hochdruckpressung, die niedrige Restfeuchte und eine Siebung vor dem Abfüllen jedes Sacks sorgen für einen sehr geringen Staubanteil ab Werk. Sie übertreffen die strengsten Qualitätsnormen DIN plus und ENplus und eignen sich perfekt für alle Pelletheizungen.</div></td>
</tr>
</tbody>
</table>
</div>
<div class=""page3a2a2"">
<table class=""page3a2a2a"">
<tbody>
<tr class=""page3a2a2a1"">
<td class=""page3a2a2a1a"">
<div class=""page3a2a2a1a1"">Weitere Informationen</div></td>
<td class=""page3a2a2a1b"">
<div class=""page3a2a2a1a3"">Holzart</div>
<div class=""page3a2a2a1a2"">100 % Nadelholz</div>
<div class=""page3a2a2a1a3"">Zertifikate</div>
<div class=""page3a2a2a1a2"">DIN plus, ENplus A1</div>
<div class=""page3a2a2a1a3"">Heizwert</div>
<div class=""page3a2a2a1a2"">Über 4,9 kWh/kg</div>
<div class=""page3a2a2a1a3"">Restfeuchte</div>
<div class=""page3a2a2a1a2"">Unter 8 %</div>
<div class=""page3a2a2a1a3"">Aschegehalt</div>
<div class=""page3a2a2a1a2"">Unter 0,5 %</div>
<div class=""page3a2a2a1a3"">Staubanteil</div>
<div class=""page3a2a2a1a2"">Unter 0,21 %</div></td>
</tr>
</tbody>
</table>
</div>",,,kg,975,,,Pellet Excellent Pellets - Palette de 65 sacs de 15 kg,"Granulés de bois EXCELLENT PELLETS, certifiés DIN Plus et EN Plus A1. Fabriqués en Belgique, un produit local, 100% résineux et naturel.","<div class=""page3a2a2"">
<table class=""page3a2a2a"">
<tbody>
<tr class=""page3a2a2a1"">
<td class=""page3a2a2a1a"">
<div class=""page3a2a2a1a1"">Présentation</div></td>
<td class=""page3a2a2a1b"">
<div class=""page3a2a2a1a3"">Ils sont fabriqués au sein d'une très grosse scierie, où les sciures sont directement utilisées sur place pour fabriquer les granulés.</div>
<div class=""page3a2a2a1a2"">L'utilisation de la sciure en circuit court permet de conserver sa grande fraicheur. Ces matières premières sont ensuite séchées à basse température (séchoir à bande). Cette maitrise des matières premières permet l'obtention d'un faible taux de cendre et une température de déformation des cendres élevée (évite la formation de machefer).</div>
<div class=""page3a2a2a1a2"">La dureté importante du granulé par un pressage haute densité, le faible taux d'humidité et enfin un tamisage effectuée avant le remplissage de chaque sac permet un taux de poussière sortie usine très faible. Ils dépassent les normes de qualité les plus strictes DIN Plus ou EN Plus. Ils conviennent parfaitement pour tous les systèmes de chauffage aux granulés de bois.</div></td>
</tr>
</tbody>
</table>
</div>
<div class=""page3a2a2"">
<table class=""page3a2a2a"">
<tbody>
<tr class=""page3a2a2a1"">
<td class=""page3a2a2a1a"">
<div class=""page3a2a2a1a1"">Informations complémentaires</div></td>
<td class=""page3a2a2a1b"">
<div class=""page3a2a2a1a3"">Type de bois</div>
<div class=""page3a2a2a1a2"">100% résineux</div>
<div class=""page3a2a2a1a3"">Certificats</div>
<div class=""page3a2a2a1a2"">DIN Plus, EN Plus A1</div>
<div class=""page3a2a2a1a3"">Pouvoir Calorifique</div>
<div class=""page3a2a2a1a2"">Supérieur à 4,9 kWh/kg</div>
<div class=""page3a2a2a1a3"">Taux D'humidité</div>
<div class=""page3a2a2a1a2"">Inférieur à 8 %</div>
<div class=""page3a2a2a1a3"">Taux De Cendres</div>
<div class=""page3a2a2a1a2"">Inférieur à 0,5 %</div>
<div class=""page3a2a2a1a3"">Taux De Poussière</div>
<div class=""page3a2a2a1a2"">Inférieur à 0,21 %</div></td>
</tr>
</tbody>
</table>
</div>",Excellent Pellets – pallet of 65 × 15 kg bags,"EXCELLENT PELLETS wood pellets, DIN Plus and EN Plus A1 certified. Made in Belgium: a local, 100% softwood and natural product.","<div class=""page3a2a2"">
<table class=""page3a2a2a"">
<tbody>
<tr class=""page3a2a2a1"">
<td class=""page3a2a2a1a"">
<div class=""page3a2a2a1a1"">Overview</div></td>
<td class=""page3a2a2a1b"">
<div class=""page3a2a2a1a3"">They are made at a very large sawmill, where the sawdust is used directly on site to make the pellets.</div>
<div class=""page3a2a2a1a2"">Using the sawdust on site keeps it very fresh. The raw material is then dried at low temperature (belt dryer). This control of the raw material gives a low ash content and a high ash deformation temperature (preventing clinker).</div>
<div class=""page3a2a2a1a2"">The high hardness of the pellet thanks to high-density pressing, the low moisture content and screening before each bag is filled give a very low dust level ex works. They exceed the strictest DIN Plus and EN Plus quality standards and suit all wood pellet heating systems perfectly.</div></td>
</tr>
</tbody>
</table>
</div>
<div class=""page3a2a2"">
<table class=""page3a2a2a"">
<tbody>
<tr class=""page3a2a2a1"">
<td class=""page3a2a2a1a"">
<div class=""page3a2a2a1a1"">Additional information</div></td>
<td class=""page3a2a2a1b"">
<div class=""page3a2a2a1a3"">Wood type</div>
<div class=""page3a2a2a1a2"">100% softwood</div>
<div class=""page3a2a2a1a3"">Certificates</div>
<div class=""page3a2a2a1a2"">DIN Plus, EN Plus A1</div>
<div class=""page3a2a2a1a3"">Calorific value</div>
<div class=""page3a2a2a1a2"">Over 4.9 kWh/kg</div>
<div class=""page3a2a2a1a3"">Moisture content</div>
<div class=""page3a2a2a1a2"">Below 8%</div>
<div class=""page3a2a2a1a3"">Ash content</div>
<div class=""page3a2a2a1a2"">Below 0.5%</div>
<div class=""page3a2a2a1a3"">Dust content</div>
<div class=""page3a2a2a1a2"">Below 0.21%</div></td>
</tr>
</tbody>
</table>
</div>",Pellet Excellent Pellets – Palé de 65 sacos de 15 kg,"Pellets de madera EXCELLENT PELLETS, con certificación DIN Plus y EN Plus A1. Fabricados en Bélgica: un producto local, 100 % coníferas y natural.","<div class=""page3a2a2"">
<table class=""page3a2a2a"">
<tbody>
<tr class=""page3a2a2a1"">
<td class=""page3a2a2a1a"">
<div class=""page3a2a2a1a1"">Presentación</div></td>
<td class=""page3a2a2a1b"">
<div class=""page3a2a2a1a3"">Se fabrican en un aserradero muy grande, donde el serrín se utiliza directamente in situ para fabricar los pellets.</div>
<div class=""page3a2a2a1a2"">El uso del serrín en circuito corto permite conservar su gran frescura. Después, la materia prima se seca a baja temperatura (secador de banda). Este control de la materia prima permite obtener un bajo contenido de cenizas y una alta temperatura de deformación de las cenizas (evita la formación de escoria).</div>
<div class=""page3a2a2a1a2"">La gran dureza del pellet gracias al prensado de alta densidad, la baja humedad y un tamizado antes de llenar cada saco permiten un contenido de polvo muy bajo a la salida de fábrica. Superan las normas de calidad más estrictas DIN Plus y EN Plus y se adaptan perfectamente a todos los sistemas de calefacción de pellets.</div></td>
</tr>
</tbody>
</table>
</div>
<div class=""page3a2a2"">
<table class=""page3a2a2a"">
<tbody>
<tr class=""page3a2a2a1"">
<td class=""page3a2a2a1a"">
<div class=""page3a2a2a1a1"">Información adicional</div></td>
<td class=""page3a2a2a1b"">
<div class=""page3a2a2a1a3"">Tipo de madera</div>
<div class=""page3a2a2a1a2"">100 % coníferas</div>
<div class=""page3a2a2a1a3"">Certificados</div>
<div class=""page3a2a2a1a2"">DIN Plus, EN Plus A1</div>
<div class=""page3a2a2a1a3"">Poder calorífico</div>
<div class=""page3a2a2a1a2"">Superior a 4,9 kWh/kg</div>
<div class=""page3a2a2a1a3"">Humedad</div>
<div class=""page3a2a2a1a2"">Inferior al 8 %</div>
<div class=""page3a2a2a1a3"">Contenido de cenizas</div>
<div class=""page3a2a2a1a2"">Inferior al 0,5 %</div>
<div class=""page3a2a2a1a3"">Contenido de polvo</div>
<div class=""page3a2a2a1a2"">Inferior al 0,21 %</div></td>
</tr>
</tbody>
</table>
</div>"
244,simple,WH-4434,Pellets Green Forest – Palette mit 70 Säcken à 15 kg,1,510,408,Holzpellets,GREEN-FOREST-Holzpellets sind ENplus-A1-zertifiziert und 100 % natürlich. Hergestellt in Litauen.,"<div class=""page3a2a2"">
<table class=""page3a2a2a"">
<tbody>
<tr class=""page3a2a2a1"">
<td class=""page3a2a2a1a"">
<div class=""page3a2a2a1a1"">Übersicht</div></td>
<td class=""page3a2a2a1b"">
<div class=""page3a2a2a1a3"">Diese Holzpellets sind 100 % natürlich, ohne Leim und Zusatzstoffe.</div>
<div class=""page3a2a2a1a2"">Ihre FSC-Zertifizierung (Forest Stewardship Council) garantiert eine ökologische, wirtschaftliche und soziale Waldbewirtschaftung.</div>
<div class=""page3a2a2a1a2"">Diese Pellets eignen sich für alle Pelletheizungen, ohne sie zu verschmutzen, und liefern hochwertige Wärme.</div></td>
</tr>
</tbody>
</table>
</div>
<div class=""page3a2a2"">
<table class=""page3a2a2a"">
<tbody>
<tr class=""page3a2a2a1"">
<td class=""page3a2a2a1a"">
<div class=""page3a2a2a1a1"">Weitere Informationen</div></td>
<td class=""page3a2a2a1b"">
<div class=""page3a2a2a1a3"">Zusammensetzung</div>
<div class=""page3a2a2a1a2"">100 % Nadelholz</div>
<div class=""page3a2a2a1a3"">Zertifikate</div>
<div class=""page3a2a2a1a2"">ENplus A1</div>
<div class=""page3a2a2a1a3"">Heizwert</div>
<div class=""page3a2a2a1a2"">Über 4,6 kWh/kg</div>
<div class=""page3a2a2a1a3"">Restfeuchte</div>
<div class=""page3a2a2a1a2"">Unter 10 %</div>
<div class=""page3a2a2a1a3"">Aschegehalt</div>
<div class=""page3a2a2a1a2"">Unter 0,7 %</div>
<div class=""page3a2a2a1a3"">Durchmesser</div>
<div class=""page3a2a2a1a2"">6 mm</div></td>
</tr>
</tbody>
</table>
</div>",,,kg,1050,,,Pellet Green Forest - Palette de 70 sacs de 15 kg,"Les granulés de bois GREEN FOREST sont certifiés EN Plus A1, 100 % naturels. Fabriqués en Lituanie.","<div class=""page3a2a2"">
<table class=""page3a2a2a"">
<tbody>
<tr class=""page3a2a2a1"">
<td class=""page3a2a2a1a"">
<div class=""page3a2a2a1a1"">Présentation</div></td>
<td class=""page3a2a2a1b"">
<div class=""page3a2a2a1a3"">Ces granulés de bois sont 100% naturels, sans colle ni additif.</div>
<div class=""page3a2a2a1a2"">Ils ont la certification FSC (Forest Stewardship Council) assure une gestion écologique, économique et sociale des forêts.</div>
<div class=""page3a2a2a1a2"">Ces pellets conviennent à tous les systèmes de chauffage fonctionnant aux granulés de bois, sans les encrasser tout en vous offrant une chaleur de qualité.</div></td>
</tr>
</tbody>
</table>
</div>
<div class=""page3a2a2"">
<table class=""page3a2a2a"">
<tbody>
<tr class=""page3a2a2a1"">
<td class=""page3a2a2a1a"">
<div class=""page3a2a2a1a1"">Informations complémentaires</div></td>
<td class=""page3a2a2a1b"">
<div class=""page3a2a2a1a3"">Composition</div>
<div class=""page3a2a2a1a2"">100% résineux</div>
<div class=""page3a2a2a1a3"">Certificats</div>
<div class=""page3a2a2a1a2"">EN Plus A1</div>
<div class=""page3a2a2a1a3"">Pouvoir Calorifique</div>
<div class=""page3a2a2a1a2"">Supérieur à 4,6 kWh/kg</div>
<div class=""page3a2a2a1a3"">Taux D'humidité</div>
<div class=""page3a2a2a1a2"">Inférieur à 10 %</div>
<div class=""page3a2a2a1a3"">Taux De Cendres</div>
<div class=""page3a2a2a1a2"">Inférieur à 0,7 %</div>
<div class=""page3a2a2a1a3"">Diamètre</div>
<div class=""page3a2a2a1a2"">6 mm</div></td>
</tr>
</tbody>
</table>
</div>",Green Forest pellets – pallet of 70 × 15 kg bags,GREEN FOREST wood pellets are EN Plus A1 certified and 100% natural. Made in Lithuania.,"<div class=""page3a2a2"">
<table class=""page3a2a2a"">
<tbody>
<tr class=""page3a2a2a1"">
<td class=""page3a2a2a1a"">
<div class=""page3a2a2a1a1"">Overview</div></td>
<td class=""page3a2a2a1b"">
<div class=""page3a2a2a1a3"">These wood pellets are 100% natural, with no glue or additives.</div>
<div class=""page3a2a2a1a2"">Their FSC (Forest Stewardship Council) certification ensures ecological, economic and social forest management.</div>
<div class=""page3a2a2a1a2"">These pellets suit all wood pellet heating systems without clogging them, while giving you quality heat.</div></td>
</tr>
</tbody>
</table>
</div>
<div class=""page3a2a2"">
<table class=""page3a2a2a"">
<tbody>
<tr class=""page3a2a2a1"">
<td class=""page3a2a2a1a"">
<div class=""page3a2a2a1a1"">Additional information</div></td>
<td class=""page3a2a2a1b"">
<div class=""page3a2a2a1a3"">Composition</div>
<div class=""page3a2a2a1a2"">100% softwood</div>
<div class=""page3a2a2a1a3"">Certificates</div>
<div class=""page3a2a2a1a2"">EN Plus A1</div>
<div class=""page3a2a2a1a3"">Calorific value</div>
<div class=""page3a2a2a1a2"">Over 4.6 kWh/kg</div>
<div class=""page3a2a2a1a3"">Moisture content</div>
<div class=""page3a2a2a1a2"">Below 10%</div>
<div class=""page3a2a2a1a3"">Ash content</div>
<div class=""page3a2a2a1a2"">Below 0.7%</div>
<div class=""page3a2a2a1a3"">Diameter</div>
<div class=""page3a2a2a1a2"">6 mm</div></td>
</tr>
</tbody>
</table>
</div>",Pellet Green Forest – Palé de 70 sacos de 15 kg,Los pellets de madera GREEN FOREST tienen certificación EN Plus A1 y son 100 % naturales. Fabricados en Lituania.,"<div class=""page3a2a2"">
<table class=""page3a2a2a"">
<tbody>
<tr class=""page3a2a2a1"">
<td class=""page3a2a2a1a"">
<div class=""page3a2a2a1a1"">Presentación</div></td>
<td class=""page3a2a2a1b"">
<div class=""page3a2a2a1a3"">Estos pellets de madera son 100 % naturales, sin cola ni aditivos.</div>
<div class=""page3a2a2a1a2"">Su certificación FSC (Forest Stewardship Council) garantiza una gestión ecológica, económica y social de los bosques.</div>
<div class=""page3a2a2a1a2"">Estos pellets son aptos para todos los sistemas de calefacción de pellets, sin ensuciarlos, y le ofrecen un calor de calidad.</div></td>
</tr>
</tbody>
</table>
</div>
<div class=""page3a2a2"">
<table class=""page3a2a2a"">
<tbody>
<tr class=""page3a2a2a1"">
<td class=""page3a2a2a1a"">
<div class=""page3a2a2a1a1"">Información adicional</div></td>
<td class=""page3a2a2a1b"">
<div class=""page3a2a2a1a3"">Composición</div>
<div class=""page3a2a2a1a2"">100 % coníferas</div>
<div class=""page3a2a2a1a3"">Certificados</div>
<div class=""page3a2a2a1a2"">EN Plus A1</div>
<div class=""page3a2a2a1a3"">Poder calorífico</div>
<div class=""page3a2a2a1a2"">Superior a 4,6 kWh/kg</div>
<div class=""page3a2a2a1a3"">Humedad</div>
<div class=""page3a2a2a1a2"">Inferior al 10 %</div>
<div class=""page3a2a2a1a3"">Contenido de cenizas</div>
<div class=""page3a2a2a1a2"">Inferior al 0,7 %</div>
<div class=""page3a2a2a1a3"">Diámetro</div>
<div class=""page3a2a2a1a2"">6 mm</div></td>
</tr>
</tbody>
</table>
</div>"
245,simple,WH-4441,Pellets Bonus – Palette mit 70 Säcken à 15 kg,1,510,408,Holzpellets,"BONUS-Holzpellets sind ENplus-A1-zertifiziert, 100 % Nadelholz. Sie werden in einem der grössten Werke Litauens hergestellt.","<div class=""page3a2a3"">
<div class=""page3a2a3a""></div>
</div>
<div class=""page3a2a2"">
<table class=""page3a2a2a"">
<tbody>
<tr class=""page3a2a2a1"">
<td class=""page3a2a2a1a"">
<div class=""page3a2a2a1a1"">Übersicht</div></td>
<td class=""page3a2a2a1b"">
<div class=""page3a2a2a1a3"">Diese Holzpellets sind Premiumqualität und nach ENplus A1 / ISO 17225-2 zertifiziert.</div>
<div class=""page3a2a2a1a2"">ENplus A1 ist eine sehr strenge europäische Norm, die den Rohstoff und seine Lagerung genau kontrolliert. Der Rohstoff muss zwingend stammen aus: Wäldern, Plantagen oder naturbelassenem Holz; Nebenprodukten und Resten der Holzverarbeitung; chemisch unbehandeltem Altholz.</div>
<div class=""page3a2a2a1a2"">Sie haben einen hohen Heizwert über 5 kWh/kg und einen niedrigen Asche-, Staub- und Feuchtigkeitsgehalt. Mit diesem Pellet erhalten Sie gute, gleichmässige Wärme und verschmutzen weder Ofen, Einsatz noch Kessel.</div></td>
</tr>
</tbody>
</table>
</div>
<div class=""page3a2a2"">
<table class=""page3a2a2a"">
<tbody>
<tr class=""page3a2a2a1"">
<td class=""page3a2a2a1a"">
<div class=""page3a2a2a1a1"">Weitere Informationen</div></td>
<td class=""page3a2a2a1b"">
<div class=""page3a2a2a1a3"">Zusammensetzung</div>
<div class=""page3a2a2a1a2"">100 % Nadelholz</div>
<div class=""page3a2a2a1a3"">Zertifikate</div>
<div class=""page3a2a2a1a2"">ENplus A1</div>
<div class=""page3a2a2a1a3"">Heizwert</div>
<div class=""page3a2a2a1a2"">Über 5 kWh/kg</div>
<div class=""page3a2a2a1a3"">Restfeuchte</div>
<div class=""page3a2a2a1a2"">Unter 8 %</div>
<div class=""page3a2a2a1a3"">Aschegehalt</div>
<div class=""page3a2a2a1a2"">Unter 0,3 %</div></td>
</tr>
</tbody>
</table>
</div>",,,kg,1050,,,Pellet Bonus - Palette de 70 sacs de 15 kg,"Les granulés de bois BONUS sont certifiés EN Plus A1, 100 % résineux. Ils sont fabriqués dans l'une des plus grosses usines de Lituanie.","<div class=""page3a2a3"">
<div class=""page3a2a3a""></div>
</div>
<div class=""page3a2a2"">
<table class=""page3a2a2a"">
<tbody>
<tr class=""page3a2a2a1"">
<td class=""page3a2a2a1a"">
<div class=""page3a2a2a1a1"">Présentation</div></td>
<td class=""page3a2a2a1b"">
<div class=""page3a2a2a1a3"">Ces pellets de bois sont de qualité Premium et certifiés EN Plus A1 ISO 17225-2.</div>
<div class=""page3a2a2a1a2"">La norme EN Plus A1 est une norme Européenne très stricte qui contrôle scrupuleusement la matière première et l'entreposage de celle-ci. La matière première doit provenir impérativement de : - Forêts, plantations ou bois vierges - Sous produits et résidus d'industries de transformation du bois - Bois usagés non traités chimiquement</div>
<div class=""page3a2a2a1a2"">Ils possèdent un fort pouvoir calorifique supérieur à 5 kWh/kg et des faibles taux en cendres et poussières et humidité. Grâce à pellet vous aurez une bonne chaleur constante et n'encrasserez pas votre poêle, insert ou chaudière.</div></td>
</tr>
</tbody>
</table>
</div>
<div class=""page3a2a2"">
<table class=""page3a2a2a"">
<tbody>
<tr class=""page3a2a2a1"">
<td class=""page3a2a2a1a"">
<div class=""page3a2a2a1a1"">Informations complémentaires</div></td>
<td class=""page3a2a2a1b"">
<div class=""page3a2a2a1a3"">Composition</div>
<div class=""page3a2a2a1a2"">100% résineux</div>
<div class=""page3a2a2a1a3"">Certificats</div>
<div class=""page3a2a2a1a2"">EN Plus A1</div>
<div class=""page3a2a2a1a3"">Pouvoir Calorifique</div>
<div class=""page3a2a2a1a2"">Supérieur à 5kWh/kg</div>
<div class=""page3a2a2a1a3"">Taux D'humidité</div>
<div class=""page3a2a2a1a2"">Inférieur à 8 %</div>
<div class=""page3a2a2a1a3"">Taux De Cendres</div>
<div class=""page3a2a2a1a2"">Inférieur à 0,3 %</div></td>
</tr>
</tbody>
</table>
</div>",Bonus pellets – pallet of 70 × 15 kg bags,BONUS wood pellets are EN Plus A1 certified and 100% softwood. They are made in one of the largest factories in Lithuania.,"<div class=""page3a2a3"">
<div class=""page3a2a3a""></div>
</div>
<div class=""page3a2a2"">
<table class=""page3a2a2a"">
<tbody>
<tr class=""page3a2a2a1"">
<td class=""page3a2a2a1a"">
<div class=""page3a2a2a1a1"">Overview</div></td>
<td class=""page3a2a2a1b"">
<div class=""page3a2a2a1a3"">These wood pellets are premium quality and certified EN Plus A1 ISO 17225-2.</div>
<div class=""page3a2a2a1a2"">EN Plus A1 is a very strict European standard that carefully controls the raw material and how it is stored. The raw material must come from: forests, plantations or virgin wood; by-products and residues of the wood-processing industry; used wood that has not been chemically treated.</div>
<div class=""page3a2a2a1a2"">They have a high calorific value above 5 kWh/kg and low ash, dust and moisture levels. With this pellet you get a good, steady heat and will not clog your stove, insert or boiler.</div></td>
</tr>
</tbody>
</table>
</div>
<div class=""page3a2a2"">
<table class=""page3a2a2a"">
<tbody>
<tr class=""page3a2a2a1"">
<td class=""page3a2a2a1a"">
<div class=""page3a2a2a1a1"">Additional information</div></td>
<td class=""page3a2a2a1b"">
<div class=""page3a2a2a1a3"">Composition</div>
<div class=""page3a2a2a1a2"">100% softwood</div>
<div class=""page3a2a2a1a3"">Certificates</div>
<div class=""page3a2a2a1a2"">EN Plus A1</div>
<div class=""page3a2a2a1a3"">Calorific value</div>
<div class=""page3a2a2a1a2"">Over 5 kWh/kg</div>
<div class=""page3a2a2a1a3"">Moisture content</div>
<div class=""page3a2a2a1a2"">Below 8%</div>
<div class=""page3a2a2a1a3"">Ash content</div>
<div class=""page3a2a2a1a2"">Below 0.3%</div></td>
</tr>
</tbody>
</table>
</div>",Pellet Bonus – Palé de 70 sacos de 15 kg,Los pellets de madera BONUS tienen certificación EN Plus A1 y son 100 % coníferas. Se fabrican en una de las mayores fábricas de Lituania.,"<div class=""page3a2a3"">
<div class=""page3a2a3a""></div>
</div>
<div class=""page3a2a2"">
<table class=""page3a2a2a"">
<tbody>
<tr class=""page3a2a2a1"">
<td class=""page3a2a2a1a"">
<div class=""page3a2a2a1a1"">Presentación</div></td>
<td class=""page3a2a2a1b"">
<div class=""page3a2a2a1a3"">Estos pellets de madera son de calidad Premium y cuentan con certificación EN Plus A1 ISO 17225-2.</div>
<div class=""page3a2a2a1a2"">La norma EN Plus A1 es una norma europea muy estricta que controla minuciosamente la materia prima y su almacenamiento. La materia prima debe proceder obligatoriamente de: bosques, plantaciones o madera virgen; subproductos y residuos de la industria de transformación de la madera; madera usada sin tratamiento químico.</div>
<div class=""page3a2a2a1a2"">Tienen un alto poder calorífico superior a 5 kWh/kg y bajos contenidos de cenizas, polvo y humedad. Con este pellet tendrá un buen calor constante y no ensuciará su estufa, insert o caldera.</div></td>
</tr>
</tbody>
</table>
</div>
<div class=""page3a2a2"">
<table class=""page3a2a2a"">
<tbody>
<tr class=""page3a2a2a1"">
<td class=""page3a2a2a1a"">
<div class=""page3a2a2a1a1"">Información adicional</div></td>
<td class=""page3a2a2a1b"">
<div class=""page3a2a2a1a3"">Composición</div>
<div class=""page3a2a2a1a2"">100 % coníferas</div>
<div class=""page3a2a2a1a3"">Certificados</div>
<div class=""page3a2a2a1a2"">EN Plus A1</div>
<div class=""page3a2a2a1a3"">Poder calorífico</div>
<div class=""page3a2a2a1a2"">Superior a 5 kWh/kg</div>
<div class=""page3a2a2a1a3"">Humedad</div>
<div class=""page3a2a2a1a2"">Inferior al 8 %</div>
<div class=""page3a2a2a1a3"">Contenido de cenizas</div>
<div class=""page3a2a2a1a2"">Inferior al 0,3 %</div></td>
</tr>
</tbody>
</table>
</div>"
246,simple,WH-4442,Palette Brennholz Eiche – 40 cm – 2 Ster,1,130,,Brennholz,"Die garantiert trockenen Holzscheite mit weniger als 10 % Restfeuchte bestehen aus Eiche, Hainbuche und Buche. Hergestellt in Belgien, getrocknet, gespalten und entrindet, NF-zertifiziert.

Unsere 40-cm-Brennholzscheite garantieren Ihnen optimale Energieleistung. Dank Palettenverpackung sind sie praktisch zu handhaben und einfach zu lagern.","<strong>Palette Brennholz – 40 cm – 2 Ster</strong><span id=""more-298""></span>

* Eine Palette Brennholz = 2 Ster

Scheitholz in Spitzenqualität

Scheitholz in Spitzenqualität zur sofortigen Verwendung im Ofen: für den besten Wirkungsgrad Ihrer Heizung, ohne Rauch und mit minimaler Verschmutzung des Kamins.

Die Vorteile von kammergetrocknetem Holz:
<ul>
 	<li>durch Trocknung und Sieben teilweise entrindet</li>
 	<li>frei von Schädlingen, Insekten und Pilzen</li>
 	<li>lässt sich sehr leicht anzünden</li>
 	<li>nur gespaltene Scheite</li>
 	<li>brennt ohne Rauch</li>
 	<li>verschmutzt den Kamin nicht</li>
 	<li>keine Energieverschwendung</li>
</ul>
<strong>Die Mischung besteht ausschliesslich aus Buche, Hainbuche und Eiche – den Holzarten mit dem höchsten Heizwert.</strong>

Ein Ster technisch getrocknetes Holz entspricht in der abgegebenen Wärmeenergie 1,3 Ster halbtrockenem Holz.

Ein Ster geschichtetes Holz entspricht bei 33 cm Scheitlänge einem Volumen von 0,7 m³. Bei 25 cm Länge sind es 0,6 m³, bei 50 cm Länge 0,8 m³.

Je kürzer das Brennholz, desto besser lässt es sich stapeln und desto weniger Lücken entstehen: Das scheinbare Volumen sinkt, die Holzmenge bleibt aber gleich.

Kontrollierte und garantierte Restfeuchte unter 10 % (Norm NF Bois de Chauffage).

Länge: 40 cm

Lieferung auf Palette – mehr Informationen im Abschnitt Lieferung.",oak,40,rm,2,kiln,,Palette Bois De Chauffage Chêne- 40 CM- 2 STÈRES,"<div class=""woocommerce-product-details__short-description"">Les bûches de bois garanti sec , avec moins de 10% d’humidité sont fabriquées à partir d’essences de chêne, de charme et de hêtre. Made in Belgique, séchées, fendues et écorsées, elles sont certifiées NF.\n\nNos bûches de bois de chauffage 40 cm vous garantissent une performance énergétique optimale. Elles ont l’avantage d’être pratiques à manipuler et faciles à stocker avec leur conditionnement en palette.</div>","<strong>ALETTE BOIS DE CHAUFFAGE – 40 CM – 2 STÈRES</strong><span id=""more-298""></span>

* Une palette de bois de chauffage = 2 Stères

Bois bûche de qualité supérieure

Un bois bûche de qualité supérieure pour une utilisation immédiate dans l’appareil de chauffage, ce qui garanti le meilleur rendement de l’appareil de chauffage, sans fumées, et un encrassement minimum du conduit de cheminée.

Les avantages d’un bois passé en séchoir :
<ul>
 	<li>écorcé partiellement par le séchage et le tamisage</li>
 	<li>sans parasites, insectes, champignons</li>
 	<li>s’allume très facilement</li>
 	<li>uniquement en quartiers</li>
 	<li>brûle sans fumées</li>
 	<li>n’encrasse pas la cheminée</li>
 	<li>pas de gaspillage de calories</li>
</ul>
<strong>Le mélange est uniquement constitué de hêtre, charme, chêne, les essences les plus calorifiques pour le bois de chauffage.</strong>

Un stère de bois séché artificiellement représente 1,3 stère de bois mi-sec en terme d’énergie calorifique dégagée.

Le volume d’un stère de bois rangé représente en 33cm, un volume de 0,7m3. Aussi lorsque le bois est coupé en longueur de 25cm le volume d’un stère de bois est de 0,6m3 et enfin lorsqu’il est coupé en longueur de 50cm, le volume d’un stère de bois est de 0,8m3.

Plus le bois de chauffage est coupé court, mieux il s’empile et il y a moins de vides entre les bûches, le volume apparent diminue mais la quantité de bois reste la même.

Humidité contrôlée et garantie inférieure à 10%. (Norme NF Bois de Chauffage)

Longueur : 40 cm

Livraison sur Palette, plus de renseignements dans la section livraison.",Pallet of oak firewood – 40 cm – 2 steres,"These logs are guaranteed dry, with less than 10% moisture, and are made from oak, hornbeam and beech. Made in Belgium, dried, split and debarked, they are NF certified.

Our 40 cm firewood logs guarantee optimal energy performance. Packed on a pallet, they are easy to handle and simple to store.","<strong>Pallet of firewood – 40 cm – 2 steres</strong><span id=""more-298""></span>

* One pallet of firewood = 2 steres

Premium-quality log wood

Premium-quality log wood for immediate use in your heater, which ensures the best efficiency of your appliance, no smoke and minimal clogging of the chimney flue.

The advantages of kiln-dried wood:
<ul>
 	<li>partly debarked by drying and screening</li>
 	<li>free from pests, insects and fungi</li>
 	<li>lights very easily</li>
 	<li>split logs only</li>
 	<li>burns without smoke</li>
 	<li>does not clog the chimney</li>
 	<li>no wasted heat</li>
</ul>
<strong>The mix consists only of beech, hornbeam and oak, the species with the highest heat value for firewood.</strong>

One stere of artificially dried wood equals 1.3 steres of half-dry wood in terms of heat energy released.

One stere of stacked wood cut to 33 cm represents a volume of 0.7 m³. When the wood is cut to 25 cm, one stere is 0.6 m³, and when it is cut to 50 cm, one stere is 0.8 m³.

The shorter the firewood, the better it stacks and the fewer gaps there are between logs: the apparent volume decreases but the amount of wood stays the same.

Moisture controlled and guaranteed below 10% (NF firewood standard).

Length: 40 cm

Delivered on a pallet – more information in the delivery section.",Palé de leña de roble – 40 cm – 2 estéreos,"Los troncos de leña, garantizados secos con menos del 10 % de humedad, son de roble, carpe y haya. Fabricados en Bélgica, secados, partidos y descortezados, cuentan con certificación NF.

Nuestros troncos de leña de 40 cm le garantizan un rendimiento energético óptimo. Gracias a su embalaje en palé, son prácticos de manejar y fáciles de almacenar.","<strong>Palé de leña – 40 cm – 2 estéreos</strong><span id=""more-298""></span>

* Un palé de leña = 2 estéreos

Leña en troncos de calidad superior

Leña en troncos de calidad superior para usar de inmediato en su aparato de calefacción, lo que garantiza el mejor rendimiento, sin humo y con un ensuciamiento mínimo del conducto de la chimenea.

Las ventajas de la madera secada en secadero:
<ul>
 	<li>parcialmente descortezada por el secado y el tamizado</li>
 	<li>sin parásitos, insectos ni hongos</li>
 	<li>se enciende muy fácilmente</li>
 	<li>solo en cuartos (troncos partidos)</li>
 	<li>arde sin humo</li>
 	<li>no ensucia la chimenea</li>
 	<li>sin desperdicio de calorías</li>
</ul>
<strong>La mezcla se compone únicamente de haya, carpe y roble, las especies con mayor poder calorífico para leña.</strong>

Un estéreo de madera secada artificialmente equivale a 1,3 estéreos de madera semiseca en energía calorífica liberada.

Un estéreo de leña apilada cortada a 33 cm representa un volumen de 0,7 m³. Cortada a 25 cm, un estéreo es de 0,6 m³, y cortada a 50 cm, de 0,8 m³.

Cuanto más corta es la leña, mejor se apila y menos huecos quedan entre los troncos: el volumen aparente disminuye, pero la cantidad de madera sigue siendo la misma.

Humedad controlada y garantizada inferior al 10 % (norma NF de leña).

Longitud: 40 cm

Entrega en palé: más información en la sección de entrega."
247,simple,WH-4443,"Ster Brennholz, Mischung Buche/Eiche, trocken – 40 cm – 1 Ster",1,65,,Brennholz,"Die garantiert trockenen Brennholzscheite mit weniger als 10 % Restfeuchte bestehen aus Eiche, Hainbuche und Buche. Hergestellt in Belgien, getrocknet, gespalten und entrindet, NF-zertifiziert.","<div id=""tab-description"" class=""entry-content woocommerce-Tabs-panel woocommerce-Tabs-panel--description wd-active wd-scroll wd-accordion-content"" role=""tabpanel"" aria-labelledby=""tab-title-description"" data-accordion-index=""description"">
<div class=""wc-tab-inner wd-scroll-content"">

Die garantiert trockenen Brennholzscheite mit weniger als 10 % Restfeuchte bestehen aus Eiche, Hainbuche und Buche. Hergestellt in Belgien, getrocknet, gespalten und entrindet, NF-zertifiziert.

Unsere 40-cm-Brennholzscheite garantieren Ihnen optimale Energieleistung. Dank Palettenverpackung sind sie praktisch zu handhaben und einfach zu lagern.

</div>
</div>",mixed,40,rm,1,,10,"Stère de Bois de chauffage Mélange Hêtre, Chêne sec – 40 cm 1 Stères","Les bûches de bois de chauffage garanti sec avec moins de 10% d’humidité sont fabriquées à partir d’essences de chêne, de charme et de hêtre. Made in Belgique, séchées, fendues et écorsées, elles sont certifiées NF.","<div id=""tab-description"" class=""entry-content woocommerce-Tabs-panel woocommerce-Tabs-panel--description wd-active wd-scroll wd-accordion-content"" role=""tabpanel"" aria-labelledby=""tab-title-description"" data-accordion-index=""description"">
<div class=""wc-tab-inner wd-scroll-content"">

Les bûches de bois de chauffage garanti sec avec moins de 10% d’humidité sont fabriquées à partir d’essences de chêne, de charme et de hêtre. Made in Belgique, séchées, fendues et écorsées, elles sont certifiées NF.

Nos bûches de bois de chauffage 40 cm vous garantissent une performance énergétique optimale. Elles ont l’avantage d’être pratiques à manipuler et faciles à stocker avec leur conditionnement en palette.

</div>
</div>","Stere of firewood, beech/oak mix, dry – 40 cm – 1 stere","These firewood logs are guaranteed dry, with less than 10% moisture, and are made from oak, hornbeam and beech. Made in Belgium, dried, split and debarked, they are NF certified. Our 40 cm firewood logs guarantee optimal energy performance.","<div id=""tab-description"" class=""entry-content woocommerce-Tabs-panel woocommerce-Tabs-panel--description wd-active wd-scroll wd-accordion-content"" role=""tabpanel"" aria-labelledby=""tab-title-description"" data-accordion-index=""description"">
<div class=""wc-tab-inner wd-scroll-content"">

These firewood logs are guaranteed dry, with less than 10% moisture, and are made from oak, hornbeam and beech. Made in Belgium, dried, split and debarked, they are NF certified.

Our 40 cm firewood logs guarantee optimal energy performance. Packed on a pallet, they are easy to handle and simple to store.

</div>
</div>","Estéreo de leña, mezcla haya/roble, seca – 40 cm – 1 estéreo","Los troncos de leña, garantizados secos con menos del 10 % de humedad, son de roble, carpe y haya. Fabricados en Bélgica, secados, partidos y descortezados, cuentan con certificación NF.","<div id=""tab-description"" class=""entry-content woocommerce-Tabs-panel woocommerce-Tabs-panel--description wd-active wd-scroll wd-accordion-content"" role=""tabpanel"" aria-labelledby=""tab-title-description"" data-accordion-index=""description"">
<div class=""wc-tab-inner wd-scroll-content"">

Los troncos de leña, garantizados secos con menos del 10 % de humedad, son de roble, carpe y haya. Fabricados en Bélgica, secados, partidos y descortezados, cuentan con certificación NF.

Nuestros troncos de leña de 40 cm le garantizan un rendimiento energético óptimo. Gracias a su embalaje en palé, son prácticos de manejar y fáciles de almacenar.

</div>
</div>"
253,simple,WH-4444,"Ster Brennholz (Mischung Buche/Eiche), trocken – 50 cm – 1 Ster",1,60,,Brennholz,"Unsere garantiert trockenen Brennholzscheite mit weniger als 10 % Restfeuchte bestehen aus Eiche, Hainbuche und Buche. Hergestellt in Belgien, getrocknet, gespalten und entrindet, NF-zertifiziert.","<div id=""tab-description"" class=""entry-content woocommerce-Tabs-panel woocommerce-Tabs-panel--description wd-active wd-scroll wd-accordion-content"" role=""tabpanel"" aria-labelledby=""tab-title-description"" data-accordion-index=""description"">
<div class=""wc-tab-inner wd-scroll-content"">

Unsere garantiert trockenen Brennholzscheite mit weniger als 10 % Restfeuchte bestehen aus Eiche, Hainbuche und Buche. Hergestellt in Belgien, getrocknet, gespalten und entrindet, NF-zertifiziert.

Unsere 50-cm-Brennholzscheite garantieren Ihnen optimale Energieleistung. Dank Palettenverpackung sind sie praktisch zu handhaben und einfach zu lagern.

</div>
</div>",mixed,50,rm,1,,10,"Stère de Bois de chauffage (Mélange Hêtre, Chêne) sec – 50 cm - 1 Stères","Nos bûches de bois de chauffage garanti sec , avec moins de 10% d’humidité sont fabriquées à partir d’essences de chêne, de charme et de hêtre. Made in Belgique, séchées, fendues et écorsées, elles sont certifiées NF.","<div id=""tab-description"" class=""entry-content woocommerce-Tabs-panel woocommerce-Tabs-panel--description wd-active wd-scroll wd-accordion-content"" role=""tabpanel"" aria-labelledby=""tab-title-description"" data-accordion-index=""description"">
<div class=""wc-tab-inner wd-scroll-content"">

Nos bûches de bois de chauffage garanti sec , avec moins de 10% d’humidité sont fabriquées à partir d’essences de chêne, de charme et de hêtre. Made in Belgique, séchées, fendues et écorsées, elles sont certifiées NF.

Nos bûches de bois de chauffage 50 cm vous garantissent une performance énergétique optimale. Elles ont l’avantage d’être pratiques à manipuler et faciles à stocker avec leur conditionnement en palette.

</div>
</div>","Stere of firewood (beech/oak mix), dry – 50 cm – 1 stere","Our firewood logs are guaranteed dry, with less than 10% moisture, and are made from oak, hornbeam and beech. Made in Belgium, dried, split and debarked, they are NF certified. Our 50 cm firewood logs guarantee optimal energy performance.","<div id=""tab-description"" class=""entry-content woocommerce-Tabs-panel woocommerce-Tabs-panel--description wd-active wd-scroll wd-accordion-content"" role=""tabpanel"" aria-labelledby=""tab-title-description"" data-accordion-index=""description"">
<div class=""wc-tab-inner wd-scroll-content"">

Our firewood logs are guaranteed dry, with less than 10% moisture, and are made from oak, hornbeam and beech. Made in Belgium, dried, split and debarked, they are NF certified.

Our 50 cm firewood logs guarantee optimal energy performance. Packed on a pallet, they are easy to handle and simple to store.

</div>
</div>","Estéreo de leña (mezcla haya/roble), seca – 50 cm – 1 estéreo","Nuestros troncos de leña, garantizados secos con menos del 10 % de humedad, son de roble, carpe y haya. Fabricados en Bélgica, secados, partidos y descortezados, cuentan con certificación NF.","<div id=""tab-description"" class=""entry-content woocommerce-Tabs-panel woocommerce-Tabs-panel--description wd-active wd-scroll wd-accordion-content"" role=""tabpanel"" aria-labelledby=""tab-title-description"" data-accordion-index=""description"">
<div class=""wc-tab-inner wd-scroll-content"">

Nuestros troncos de leña, garantizados secos con menos del 10 % de humedad, son de roble, carpe y haya. Fabricados en Bélgica, secados, partidos y descortezados, cuentan con certificación NF.

Nuestros troncos de leña de 50 cm le garantizan un rendimiento energético óptimo. Gracias a su embalaje en palé, son prácticos de manejar y fáciles de almacenar.

</div>
</div>"
254,simple,WH-4445,"Palette mit 2 Ster Brennholz 25 cm (Mischung Buche/Eiche), trocken – gebrauchsfertig",1,160,,Brennholz,"<strong>Palette mit 2 Ster trockenem Brennholz</strong>, kammergetrocknet.

Holzfeuchte während der Trocknung kontrolliert, garantiert unter 20 % – für maximale Heizleistung.

Bereits geschichtet, <strong>gebrauchsfertig</strong>, sauber, praktisch und schön anzusehen.","<h2>Trockenes Brennholz auf Paletten</h2>
Sie möchten sich das <strong>mühsame Aufschichten</strong> des Brennholzes ersparen? Bestellen Sie Brennholz, das bereits auf einem Holzgestell geschichtet ist – geliefert bis in Ihre Garage! Um Lagerung und Aufschichten müssen Sie sich nicht mehr kümmern.

<strong> Keine Rinde und keine Abfälle mehr</strong> nach der Lieferung aufzulesen – Ihr Holz ist sauber, geschichtet und gebrauchsfertig.

Die Palette besteht nur aus gespaltenen Scheiten der Holzarten mit dem höchsten Heizwert: Buche, Eiche, Hainbuche und Esche.

Unser Brennholz ist ein einzigartiges Produkt<strong>: im Trockenofen getrocknet und sofort brennbereit für Cheminée</strong>, Ofen oder Kamineinsatz; keine Schädlinge und kein Moos mehr – sie werden bei der Trocknung abgetötet. Sie geniessen Holz, das sich schnell und leicht anzünden lässt und viel mehr Energie abgibt als feuchtes oder nur natürlich getrocknetes Holz.

Keine Energieverschwendung mehr mit trockenem Brennholz!
<ul id=""idTab2"" class=""bullet"">
 	<li>Höhe 1,75 m</li>
 	<li>Breite 1,20 m</li>
 	<li>Gewicht 860 kg</li>
 	<li>Länge 0,8 m</li>
 	<li>Kontrollierte Restfeuchte 20 %</li>
 	<li>Heizwert 2000 kWh/Ster</li>
 	<li>Holzarten: Buche 90 % – Hainbuche, Esche und Eiche</li>
 	<li>Format: Palette</li>
 	<li>Lieferung: Palette 2 Ster</li>
</ul>
Bitte denken Sie an genügend Platz für die Lieferung der Paletten:
<ul>
 	<li>Glatter, befahrbarer Boden</li>
 	<li>Palettenmasse (0,8 m × 1,20 m × 1,75 m (40 cm))</li>
 	<li>Keine Stufen und keine Türschwellen &gt; 5 cm</li>
 	<li>Zufahrt für einen 19-t-Lastwagen oder seinen Mitnahmestapler</li>
</ul>",mixed,25,rm,2,,,"Palette de 2st de 25cm de bois de chauffage (Mélange Hêtre, Chêne) sec - prêt à l'emploi","<strong>Palette de 2 stères de Bois de chauffage Sec</strong> séché en séchoirs.\n\nHumidité  du bois contrôlée lors du séchage, garantie inférieure à 20%, pour un rendement maximum.\n\nDéjà rangé,<strong> prêt à l'emploi</strong>, propre, pratique et esthétique.","<h2>Bois de chauffage sec en palettes</h2>
Vous voulez éviter la <strong>corvée de rangement</strong> de bois de chauffage, vous pouvez commander du bois de chauffage déjà rangé sur une structure en bois, livré dans votre garage! Vous n'aurez plus à ous soucier du stockage et du rangement du bois.

<strong> Plus d'écorces ni de déchets</strong> à ramasser après la livraison, votre bois est propre et rangé, prêt à l'emploi.

La palette est composée uniquement de quartiers de bois, parmi les essences les plus calorifiques: le hêtre, le chêne, le charme et le frêne.

Le bois de chauffage Piskorski est un produit unique<strong>: étuvé il est prêt à brûler dans la cheminée</strong>, le poêle ou l'insert; plus de parasites ni de mousses qui sont détruites au séchage. Vous profiterez d'un bois qui s'allume rapidement et facilement, qui dégage beaucoup plus d'énergie qu'un bois humide ou même séché naturellement.

&nbsp;

Plus de gaspillage de calories avec du bois de chauffage sec!
<ul id=""idTab2"" class=""bullet"">
 	<li>Hauteur 1,75m</li>
 	<li>Largeur 1.20m</li>
 	<li>Poids 860kg</li>
 	<li>Longueur 0.8m</li>
 	<li>Humidité contrôlée 20%</li>
 	<li>Pouvoir calorifique 2000kWh/st</li>
 	<li>Essences Hêtre 90% - Charme, Frêne et Chêne</li>
 	<li>Format Palette</li>
 	<li>Livraison Palette2st</li>
</ul>
Pensez à laisser la place pour la livraison des palettes:
<ul>
 	<li>Sol lisse et roulant</li>
 	<li>Dimensions de la palette (0.8m x 1m20 x 1m75 (40cm))</li>
 	<li>Pas de marches ni de seuils de portes &gt;5cm</li>
 	<li>Accès pour un camion 19T ou son chariot embarqué</li>
</ul>","Pallet of 2 steres of 25 cm firewood (beech/oak mix), dry – ready to use","<strong>Pallet of 2 steres of dry firewood</strong>, kiln-dried.

Wood moisture checked during drying and guaranteed below 20% for maximum efficiency.

Already stacked, <strong>ready to use</strong>, clean, practical and attractive.","<h2>Dry firewood on pallets</h2>
Want to avoid the <strong>chore of stacking</strong> your firewood? You can order firewood already stacked on a wooden frame and delivered to your garage! You will no longer have to worry about storing and stacking wood.

<strong> No more bark or debris</strong> to pick up after delivery: your wood is clean, stacked and ready to use.

The pallet contains only split logs of the species with the highest heat value: beech, oak, hornbeam and ash.

Our firewood is a unique product<strong>: kiln-dried, it is ready to burn in the fireplace</strong>, stove or insert; no more pests or moss, which are destroyed during drying. You will enjoy wood that lights quickly and easily and gives off much more energy than damp or even naturally dried wood.

No more wasted heat with dry firewood!
<ul id=""idTab2"" class=""bullet"">
 	<li>Height 1.75 m</li>
 	<li>Width 1.20 m</li>
 	<li>Weight 860 kg</li>
 	<li>Length 0.8 m</li>
 	<li>Controlled moisture 20%</li>
 	<li>Calorific value 2,000 kWh/stere</li>
 	<li>Species: beech 90% – hornbeam, ash and oak</li>
 	<li>Format: pallet</li>
 	<li>Delivery: pallet of 2 steres</li>
</ul>
Please remember to leave room for the pallet delivery:
<ul>
 	<li>Smooth, wheel-friendly ground</li>
 	<li>Pallet dimensions (0.8 m × 1.20 m × 1.75 m (40 cm))</li>
 	<li>No steps or door thresholds &gt; 5 cm</li>
 	<li>Access for a 19-tonne truck or its truck-mounted forklift</li>
</ul>","Palé de 2 estéreos de leña de 25 cm (mezcla haya/roble), seca – lista para usar","<strong>Palé de 2 estéreos de leña seca</strong>, secada en secadero.

Humedad de la madera controlada durante el secado y garantizada inferior al 20 %, para un rendimiento máximo.

Ya apilada, <strong>lista para usar</strong>, limpia, práctica y estética.","<h2>Leña seca en palés</h2>
¿Quiere evitarse la <strong>pesada tarea de apilar</strong> la leña? Puede pedir leña ya apilada sobre una estructura de madera y entregada en su garaje. Ya no tendrá que preocuparse por almacenar y apilar la leña.

<strong> Se acabaron las cortezas y los residuos</strong> que recoger tras la entrega: su leña está limpia, apilada y lista para usar.

El palé se compone únicamente de troncos partidos de las especies con mayor poder calorífico: haya, roble, carpe y fresno.

Nuestra leña es un producto único<strong>: secada en estufa, está lista para arder en la chimenea</strong>, la estufa o el insert; se acabaron los parásitos y el musgo, que se destruyen durante el secado. Disfrutará de una leña que se enciende rápida y fácilmente y que desprende mucha más energía que una leña húmeda o incluso secada de forma natural.

¡Se acabó el desperdicio de calorías con leña seca!
<ul id=""idTab2"" class=""bullet"">
 	<li>Altura 1,75 m</li>
 	<li>Anchura 1,20 m</li>
 	<li>Peso 860 kg</li>
 	<li>Longitud 0,8 m</li>
 	<li>Humedad controlada 20 %</li>
 	<li>Poder calorífico 2000 kWh/estéreo</li>
 	<li>Especies: haya 90 % – carpe, fresno y roble</li>
 	<li>Formato: palé</li>
 	<li>Entrega: palé de 2 estéreos</li>
</ul>
Recuerde dejar espacio para la entrega de los palés:
<ul>
 	<li>Suelo liso y rodable</li>
 	<li>Dimensiones del palé (0,8 m × 1,20 m × 1,75 m (40 cm))</li>
 	<li>Sin escalones ni umbrales de puerta &gt; 5 cm</li>
 	<li>Acceso para un camión de 19 t o su carretilla elevadora embarcada</li>
</ul>"
255,simple,WH-4454,"Palette mit 1 Ster Brennholz 33 cm (Mischung Buche/Eiche), kammergetrocknet – gebrauchsfertig",1,70,,Brennholz,"Palette mit 1 Ster geschichtetem Brennholz.

Garantiert trockenes Holz mit einer Restfeuchte unter 20 %.

Die Palette besteht nur aus gespaltenen Scheiten der Holzarten mit dem höchsten Heizwert: Buche, Eiche, Hainbuche und Esche.","Das <strong>Brennholz</strong> wird 5 Tage lang bei 85 °C technisch in Trockenkammern getrocknet und erreicht so eine garantierte Restfeuchte unter 20 %.

Dank dieses Verfahrens ist jedes Scheit bis ins Innere trocken – das ganze Jahr über. Das trockene Brennholz ist von Januar bis Dezember in gleicher Qualität erhältlich.

Mit der Palette von 1 Ster haben Sie Ihr Holz gebrauchsfertig, einfach zu lagern und sofort brennbereit.

Das <strong>Holz</strong> aus der Trockenkammer enthält 20 % mehr Energie als natürlich getrocknetes Holz, denn es ist bis ins Innere trocken. Es ist daher<strong> wirtschaftlicher</strong> , getrocknetes Holz zu verfeuern als herkömmliches Holz.

Da sich zudem ein Teil der Rinde bei der Trocknung löst, entsteht beim Verbrennen weniger Asche.
<ul id=""idTab2"" class=""bullet"">
 	<li>Kontrollierte Restfeuchte 20 %</li>
 	<li>Heizwert 2000 kWh</li>
 	<li>Holzarten: Buche 90 % – Hainbuche, Esche und Eiche</li>
 	<li>Format: nur gespaltene Scheite</li>
 	<li>Lieferung: Palette 1 Ster</li>
</ul>
Trockenes Brennholz auf Paletten bietet viele Vorteile:
<ul>
 	<li>Kein mühsames Aufschichten</li>
 	<li>Einfache Lagerung</li>
 	<li>Massgeschneiderte Lieferung bis in die Garage</li>
 	<li>Sofort verwendbar</li>
 	<li>Aussergewöhnliche Energieeffizienz</li>
 	<li>Leichtes Anfeuern</li>
 	<li>Kein Rauch</li>
 	<li>Wenig Asche</li>
 	<li>Unvergleichliche Wärme</li>
 	<li>Keine Insekten</li>
 	<li>Wenig Staub</li>
</ul>",mixed,33,rm,1,kiln,,"Palette de 1st de bois de 33 cm de chauffage (Mélange Hêtre, Chêne) sec séchoirs - prêt à l'emploi","Palette de 1 stère de bois de chauffage rangée.\n\nBois garanti sec, avec une humidité inférieure à 20%.\n\nLa palette est composée uniquement de quartiers de bois, parmi les essences les plus calorifiques: le hêtre, le chêne, le charme et le frêne.","Le <strong>bois de chauffage</strong> est séché artificiellement en séchoirs, pendant 5 jours à une température de 85°C pour atteindre une humidité garantie inférieure à 20%.

Compte tenu de ce système de séchage, chaque bûche est sèche même à coeur, et ceci tout au long de l'année. Le bois de chauffage sec est disponible et de même qualité de Janvier à Décembre.

Avec la palette de 1 stère de bois, vous disposez de votre bois prêt à l'emploi, pour un stockage facile et une combustion immédiate.

&nbsp;

Le <strong>bois</strong> séché en séchoirs contient 20% de plus d'énérgie que tout autre bois séché naturellement, car même à coeur, le bois est sec. Il est donc<strong> plus économique</strong> de brûler du bois séché que du bois traditionnel.

De plus, une partie de l'écorce se détachant lors du séchage, moins de cendres seront produites lors de la combustion.
<ul id=""idTab2"" class=""bullet"">
 	<li>Humidité contrôlée 20%</li>
 	<li>Pouvoir calorifique 2000 kWh</li>
 	<li>Essences Hêtre 90% - Charme, Frêne et Chêne</li>
 	<li>Format Uniquement en Quartiers</li>
 	<li>Livraison Palette1st</li>
</ul>
De nombreux avantages sont liées à la consommation de bois de chauffage sec sur palettes:
<ul>
 	<li>Pas de corvée de rangement</li>
 	<li>Stockage facile</li>
 	<li>Livraison sur mesure, dans le garage</li>
 	<li>Consommation immédiate</li>
 	<li>Rendement énergétique exceptionnel</li>
 	<li>Démarrage facile</li>
 	<li>Pas de fumées</li>
 	<li>Peu de cendres</li>
 	<li>Chaleur incomparable</li>
 	<li>Pas d'insectes</li>
 	<li>Peu de poussière</li>
</ul>","Pallet of 1 stere of 33 cm firewood (beech/oak mix), kiln-dried – ready to use","Pallet of 1 stere of stacked firewood.

Wood guaranteed dry, with a moisture content below 20%.

The pallet contains only split logs of the species with the highest heat value: beech, oak, hornbeam and ash.","The <strong>firewood</strong> is artificially dried in kilns for 5 days at 85 °C to reach a guaranteed moisture content below 20%.

Thanks to this drying system, every log is dry right to the core, all year round. Dry firewood is available in the same quality from January to December.

With the 1-stere pallet your wood is ready to use, easy to store and ready to burn straight away.

The <strong>wood</strong> dried in kilns contains 20% more energy than any naturally dried wood, because it is dry right to the core. It is therefore<strong> more economical</strong> to burn dried wood than traditional wood.

What is more, as part of the bark comes off during drying, less ash is produced when burning.
<ul id=""idTab2"" class=""bullet"">
 	<li>Controlled moisture 20%</li>
 	<li>Calorific value 2,000 kWh</li>
 	<li>Species: beech 90% – hornbeam, ash and oak</li>
 	<li>Format: split logs only</li>
 	<li>Delivery: pallet of 1 stere</li>
</ul>
Dry firewood on pallets has many advantages:
<ul>
 	<li>No stacking chore</li>
 	<li>Easy storage</li>
 	<li>Tailored delivery, right into the garage</li>
 	<li>Ready to use straight away</li>
 	<li>Exceptional energy efficiency</li>
 	<li>Easy lighting</li>
 	<li>No smoke</li>
 	<li>Little ash</li>
 	<li>Unrivalled warmth</li>
 	<li>No insects</li>
 	<li>Little dust</li>
</ul>","Palé de 1 estéreo de leña de 33 cm (mezcla haya/roble), secada en secadero – lista para usar","Palé de 1 estéreo de leña apilada.

Leña garantizada seca, con una humedad inferior al 20 %.

El palé se compone únicamente de troncos partidos de las especies con mayor poder calorífico: haya, roble, carpe y fresno.","La <strong>leña</strong> se seca artificialmente en secaderos durante 5 días a 85 °C para alcanzar una humedad garantizada inferior al 20 %.

Gracias a este sistema de secado, cada tronco está seco hasta el corazón durante todo el año. La leña seca está disponible con la misma calidad de enero a diciembre.

Con el palé de 1 estéreo dispone de su leña lista para usar, fácil de almacenar y de quemar de inmediato.

La <strong>madera</strong> secada en secadero contiene un 20 % más de energía que cualquier madera secada de forma natural, porque está seca hasta el corazón. Por tanto, es<strong> más económico</strong> quemar madera secada que madera tradicional.

Además, como parte de la corteza se desprende durante el secado, se produce menos ceniza en la combustión.
<ul id=""idTab2"" class=""bullet"">
 	<li>Humedad controlada 20 %</li>
 	<li>Poder calorífico 2000 kWh</li>
 	<li>Especies: haya 90 % – carpe, fresno y roble</li>
 	<li>Formato: solo troncos partidos</li>
 	<li>Entrega: palé de 1 estéreo</li>
</ul>
La leña seca en palés tiene muchas ventajas:
<ul>
 	<li>Sin la tarea de apilar</li>
 	<li>Almacenamiento sencillo</li>
 	<li>Entrega a medida, en el garaje</li>
 	<li>Uso inmediato</li>
 	<li>Rendimiento energético excepcional</li>
 	<li>Encendido fácil</li>
 	<li>Sin humo</li>
 	<li>Poca ceniza</li>
 	<li>Calor incomparable</li>
 	<li>Sin insectos</li>
 	<li>Poco polvo</li>
</ul>"
256,simple,WH-4455,Palette Brennholz (Eiche) – 33 cm – 3 Ster,1,200,,Brennholz,"Die garantiert trockenen Holzscheite mit weniger als 10 % Restfeuchte bestehen aus Eiche, Hainbuche und Buche. Hergestellt in Belgien, getrocknet, gespalten und entrindet, NF-zertifiziert.","<div id=""tab-description"" class=""entry-content woocommerce-Tabs-panel woocommerce-Tabs-panel--description wd-active wd-scroll wd-accordion-content"" role=""tabpanel"" aria-labelledby=""tab-title-description"" data-accordion-index=""description"">
<div class=""wc-tab-inner wd-scroll-content"">

<strong>Palette Brennholz – 33 cm – 3 Ster</strong><span id=""more-297""></span>

* Eine Palette Brennholz = 3 Ster

Scheitholz in Spitzenqualität

Scheitholz in Spitzenqualität zur sofortigen Verwendung im Ofen: für den besten Wirkungsgrad Ihrer Heizung, ohne Rauch und mit minimaler Verschmutzung des Kamins.

Die Vorteile von kammergetrocknetem Holz:
<ul>
 	<li>durch Trocknung und Sieben teilweise entrindet</li>
 	<li>frei von Schädlingen, Insekten und Pilzen</li>
 	<li>lässt sich sehr leicht anzünden</li>
 	<li>nur gespaltene Scheite</li>
 	<li>brennt ohne Rauch</li>
 	<li>verschmutzt den Kamin nicht</li>
 	<li>keine Energieverschwendung</li>
</ul>
Die Mischung besteht ausschliesslich aus Buche, Hainbuche und Eiche – den Holzarten mit dem höchsten Heizwert.

Ein Ster technisch getrocknetes Holz entspricht in der abgegebenen Wärmeenergie 1,3 Ster halbtrockenem Holz.

Ein Ster geschichtetes Holz entspricht bei 33 cm Scheitlänge einem Volumen von 0,7 m³. Bei 25 cm Länge sind es 0,6 m³, bei 50 cm Länge 0,8 m³.

Je kürzer das Brennholz, desto besser lässt es sich stapeln und desto weniger Lücken entstehen: Das scheinbare Volumen sinkt, die Holzmenge bleibt aber gleich.

Kontrollierte und garantierte Restfeuchte unter 10 % (Norm NF Bois de Chauffage).

Länge: 33 cm

Lieferung auf Palette – mehr Informationen im Abschnitt Lieferung.

<strong>Kein Mindestbestellwert</strong>

</div>
</div>",oak,33,rm,3,kiln,,Palette bois de chauffage (Chêne) - 33 cm- 3 stères,"Les bûches de bois garanti sec , avec moins de 10% d’humidité sont fabriquées à partir d’essences de chêne, de charme et de hêtre. Made in Belgique, séchées, fendues et écorsées, elles sont certifiées NF.","<div id=""tab-description"" class=""entry-content woocommerce-Tabs-panel woocommerce-Tabs-panel--description wd-active wd-scroll wd-accordion-content"" role=""tabpanel"" aria-labelledby=""tab-title-description"" data-accordion-index=""description"">
<div class=""wc-tab-inner wd-scroll-content"">

<strong>PALETTE BOIS DE CHAUFFAGE – 33 CM – 3 STÈRES</strong><span id=""more-297""></span>

* Une palette de bois de chauffage = 3 Stères

Bois bûche de qualité supérieure

Un bois bûche de qualité supérieure pour une utilisation immédiate dans l’appareil de chauffage, ce qui garanti le meilleur rendement de l’appareil de chauffage, sans fumées, et un encrassement minimum du conduit de cheminée.

Les avantages d’un bois passé en séchoir :
<ul>
 	<li>écorcé partiellement par le séchage et le tamisage</li>
 	<li>sans parasites, insectes, champignons</li>
 	<li>s’allume très facilement</li>
 	<li>uniquement en quartiers</li>
 	<li>brûle sans fumées</li>
 	<li>n’encrasse pas la cheminée</li>
 	<li>pas de gaspillage de calories</li>
</ul>
Le mélange est uniquement constitué de hêtre, charme, chêne, les essences les plus calorifiques pour le bois de chauffage.

Un stère de bois séché artificiellement représente 1,3 stère de bois mi-sec en terme d’énergie calorifique dégagée.

Le volume d’un stère de bois rangé représente en 33cm, un volume de 0,7m3. Aussi lorsque le bois est coupé en longueur de 33cm le volume d’un stère de bois est de 0,6m3 et enfin lorsqu’il est coupé en longueur de 50cm, le volume d’un stère de bois est de 0,8m3.

Plus le bois de chauffage est coupé court, mieux il s’empile et il y a moins de vides entre les bûches, le volume apparent diminue mais la quantité de bois reste la même.

Humidité contrôlée et garantie inférieure à 10%. (Norme NF Bois de Chauffage)

Longueur : 33 cm

Livraison sur Palette, plus de renseignements dans la section livraison.

<strong>Pas de commande minimum</strong>

</div>
</div>",Pallet of firewood (oak) – 33 cm – 3 steres,"These logs are guaranteed dry, with less than 10% moisture, and are made from oak, hornbeam and beech. Made in Belgium, dried, split and debarked, they are NF certified.","<div id=""tab-description"" class=""entry-content woocommerce-Tabs-panel woocommerce-Tabs-panel--description wd-active wd-scroll wd-accordion-content"" role=""tabpanel"" aria-labelledby=""tab-title-description"" data-accordion-index=""description"">
<div class=""wc-tab-inner wd-scroll-content"">

<strong>Pallet of firewood – 33 cm – 3 steres</strong><span id=""more-297""></span>

* One pallet of firewood = 3 steres

Premium-quality log wood

Premium-quality log wood for immediate use in your heater, which ensures the best efficiency of your appliance, no smoke and minimal clogging of the chimney flue.

The advantages of kiln-dried wood:
<ul>
 	<li>partly debarked by drying and screening</li>
 	<li>free from pests, insects and fungi</li>
 	<li>lights very easily</li>
 	<li>split logs only</li>
 	<li>burns without smoke</li>
 	<li>does not clog the chimney</li>
 	<li>no wasted heat</li>
</ul>
The mix consists only of beech, hornbeam and oak, the species with the highest heat value for firewood.

One stere of artificially dried wood equals 1.3 steres of half-dry wood in terms of heat energy released.

One stere of stacked wood cut to 33 cm represents a volume of 0.7 m³. When the wood is cut to 25 cm, one stere is 0.6 m³, and when it is cut to 50 cm, one stere is 0.8 m³.

The shorter the firewood, the better it stacks and the fewer gaps there are between logs: the apparent volume decreases but the amount of wood stays the same.

Moisture controlled and guaranteed below 10% (NF firewood standard).

Length: 33 cm

Delivered on a pallet – more information in the delivery section.

<strong>No minimum order</strong>

</div>
</div>",Palé de leña (roble) – 33 cm – 3 estéreos,"Los troncos de leña, garantizados secos con menos del 10 % de humedad, son de roble, carpe y haya. Fabricados en Bélgica, secados, partidos y descortezados, cuentan con certificación NF.","<div id=""tab-description"" class=""entry-content woocommerce-Tabs-panel woocommerce-Tabs-panel--description wd-active wd-scroll wd-accordion-content"" role=""tabpanel"" aria-labelledby=""tab-title-description"" data-accordion-index=""description"">
<div class=""wc-tab-inner wd-scroll-content"">

<strong>Palé de leña – 33 cm – 3 estéreos</strong><span id=""more-297""></span>

* Un palé de leña = 3 estéreos

Leña en troncos de calidad superior

Leña en troncos de calidad superior para usar de inmediato en su aparato de calefacción, lo que garantiza el mejor rendimiento, sin humo y con un ensuciamiento mínimo del conducto de la chimenea.

Las ventajas de la madera secada en secadero:
<ul>
 	<li>parcialmente descortezada por el secado y el tamizado</li>
 	<li>sin parásitos, insectos ni hongos</li>
 	<li>se enciende muy fácilmente</li>
 	<li>solo en cuartos (troncos partidos)</li>
 	<li>arde sin humo</li>
 	<li>no ensucia la chimenea</li>
 	<li>sin desperdicio de calorías</li>
</ul>
La mezcla se compone únicamente de haya, carpe y roble, las especies con mayor poder calorífico para leña.

Un estéreo de madera secada artificialmente equivale a 1,3 estéreos de madera semiseca en energía calorífica liberada.

Un estéreo de leña apilada cortada a 33 cm representa un volumen de 0,7 m³. Cortada a 25 cm, un estéreo es de 0,6 m³, y cortada a 50 cm, de 0,8 m³.

Cuanto más corta es la leña, mejor se apila y menos huecos quedan entre los troncos: el volumen aparente disminuye, pero la cantidad de madera sigue siendo la misma.

Humedad controlada y garantizada inferior al 10 % (norma NF de leña).

Longitud: 33 cm

Entrega en palé: más información en la sección de entrega.

<strong>Sin pedido mínimo</strong>

</div>
</div>"
257,simple,WH-4456,"Kiste Brennholz Eiche ultratrocken 30 cm – 2,5 Ster",1,185,,Brennholz,<ul><li><strong>30 cm ultratrockenes Eichen-Brennholz</strong></li><li><strong>Gebrauchsfertig</strong></li><li><strong>Von Hand geschichtet</strong></li><li><strong>Solide Holzkiste</strong></li></ul>,,oak,30,rm,2.5,,,"Caisse bois de chauffage chêne ultra sec 30 cm - 2,5 Stères","<div class=""woocommerce-product-details__short-description"">\n<ul>\n 	<li><strong>30 cm bois de chauffage ultra sec chêne</strong></li>\n 	<li><strong>Prêt à l’emploi</strong></li>\n 	<li><strong>Empilés à la main</strong></li>\n 	<li><strong>Caisse solide Créme du Bois</strong></li>\n</ul>\n</div>",,Crate of ultra-dry oak firewood 30 cm – 2.5 steres,<ul><li><strong>30 cm ultra-dry oak firewood</strong></li><li><strong>Ready to use</strong></li><li><strong>Hand-stacked</strong></li><li><strong>Sturdy wooden crate</strong></li></ul>,,"Cajón de leña de roble ultraseca 30 cm – 2,5 estéreos",<ul><li><strong>Leña de roble ultraseca de 30 cm</strong></li><li><strong>Lista para usar</strong></li><li><strong>Apilada a mano</strong></li><li><strong>Cajón de madera resistente</strong></li></ul>,
264,simple,WH-4457,"Kiste Brennholz (Mischung Buche/Eiche): 30 cm, 3,5 Ster, ultratrocken",1,260,,Brennholz,"<ul><li><strong>2 m³ ultratrockenes Eichen-Brennholz</strong></li><li><strong>Gebrauchsfertig</strong></li><li><strong>Von Hand geschichtet</strong></li><li><strong>Solide Holzkiste</strong></li><li><strong>Gewicht: 1000 kg</strong></li><li><strong>Masse: 120 × 100 × 195 cm</strong></li><li><strong>Restfeuchte: 10–20 %, gebrauchsfertig</strong></li><li><strong>Gespalten: Dicke ca. 5–15 cm, Länge ca. 30 cm</strong></li><li><strong>Volumen: 2 m³ (von Hand geschichtet) = ca. 3,4 Ster</strong></li><li><strong>Heizwert: 8,6 GJ/m³</strong></li><li><strong>Spezifisches Gewicht: 750 kg/m³</strong></li></ul>","<div class=""wd-accordion-item"">
<div id=""tab-description"" class=""entry-content woocommerce-Tabs-panel woocommerce-Tabs-panel--description wd-active wd-scroll wd-accordion-content"" role=""tabpanel"" aria-labelledby=""tab-title-description"" data-accordion-index=""description"">
<div class=""wc-tab-inner wd-scroll-content"">

Das Urgefühl wohliger Wärme bei knisterndem Feuer

Ihren Holzofen anzuzünden soll Freude machen – ohne Stress wegen feuchtem oder minderwertigem Holz. Ein gleichmässiger Abbrand sorgt für Sicherheit (feuchtes Holz setzt viele Schadstoffe frei), für angenehme Wärme und sorgenfreien Genuss.
Qualität ist wichtiger als ein tiefer Preis – das gilt für alles, was Sie kaufen. Dank unseres grossen Volumens können wir Ihnen dennoch das bestmögliche Holz zum besten Preis anbieten.

<strong>Eiche</strong>
Dank seiner Härte brennt es lange. Neben dem hohen Wirkungsgrad verströmt brennende Eiche einen herrlichen Duft und zeigt ein schönes, klassisches Flammenbild.

<strong>Eigenschaften von Eichenholz</strong>
Hartholz;
brennt langsam;
lebhafte Flammen;
am besten mit mindestens 4 Scheiten verfeuern;
das Brennholz schlechthin für grosse Öfen und Cheminées.

</div>
</div>
</div>
<div class=""wd-accordion-item""></div>",mixed,30,rm,3.5,,,"Caisse de bois de chauffage(Mélange Hêtre Chêne): 30 cm 3,5 Stères chêne ultra sec","<div class=""woocommerce-product-details__short-description"">\n<ul>\n 	<li><strong>2 m3 Bois de chauffage ultra sec Chêne</strong></li>\n 	<li><strong>Prêt à l’emploi</strong></li>\n 	<li><strong>Empilés à la main</strong></li>\n 	<li><strong>Caisse solide</strong></li>\n 	<li><strong>Poids: 1000 Kg</strong></li>\n 	<li><strong>Dimensions: 120 × 100 × 195 cm</strong></li>\n 	<li><strong>Degré d’humidité: 10% – 20% prêt à l’emploi</strong></li>\n 	<li><strong>Clivé: +/- Epaisseur 5-15 cm +/- Longueur 30cm</strong></li>\n 	<li><strong>Volume: 2 m³ (empilés à la main) = +/- 3,4 stere</strong></li>\n 	<li><strong>Valeur calorifique: 8,6 Gj/m3</strong></li>\n 	<li><strong>Poids spécifique: 750kg/m³</strong></li>\n</ul>\n</div>","<div class=""wd-accordion-item"">
<div id=""tab-description"" class=""entry-content woocommerce-Tabs-panel woocommerce-Tabs-panel--description wd-active wd-scroll wd-accordion-content"" role=""tabpanel"" aria-labelledby=""tab-title-description"" data-accordion-index=""description"">
<div class=""wc-tab-inner wd-scroll-content"">

La sensation primordiale de la chaleur merveilleuse dans un feu crépitant

Allumer votre poêle à bois doit être agréable et ne doit pas causer de stress dû au bois humide ou de mauvaise qualité. Une combustion stable assure votre sécurité (le bois humide dégage beaucoup de CO2), assure une chaleur agréable et vous permet de profiter sans soucis.
La qualité est plus importante qu’un prix bas. C’est le cas pour tous ce que vous achetez En raison de notre volume important, nous avons toutefois réussi à vous offrir le meilleur bois possible au meilleur prix.

<strong>Chêne</strong>
Une longue durée de combustion est assurée par sa dureté. En plus d’une efficacité élevée, la combustion du chêne procure un parfum délicieux et une belle flamme traditionnelle.

<strong>Propriétés du bois de chêne</strong>
Type de bois dur;
Brûle lentement
Flammes vives;
Vous brûlez avec au moins 4 bûches;
Le bois de chauffage par excellence pour les grands poêles et cheminées.

</div>
</div>
</div>
<div class=""wd-accordion-item""></div>","Crate of firewood (beech/oak mix): 30 cm, 3.5 steres, ultra-dry","<ul><li><strong>2 m³ of ultra-dry oak firewood</strong></li><li><strong>Ready to use</strong></li><li><strong>Hand-stacked</strong></li><li><strong>Sturdy crate</strong></li><li><strong>Weight: 1,000 kg</strong></li><li><strong>Dimensions: 120 × 100 × 195 cm</strong></li><li><strong>Moisture: 10–20%, ready to use</strong></li><li><strong>Split: approx. 5–15 cm thick, approx. 30 cm long</strong></li><li><strong>Volume: 2 m³ (hand-stacked) = approx. 3.4 steres</strong></li><li><strong>Calorific value: 8.6 GJ/m³</strong></li><li><strong>Specific weight: 750 kg/m³</strong></li></ul>","<div class=""wd-accordion-item"">
<div id=""tab-description"" class=""entry-content woocommerce-Tabs-panel woocommerce-Tabs-panel--description wd-active wd-scroll wd-accordion-content"" role=""tabpanel"" aria-labelledby=""tab-title-description"" data-accordion-index=""description"">
<div class=""wc-tab-inner wd-scroll-content"">

The primal feeling of wonderful warmth from a crackling fire

Lighting your wood stove should be a pleasure, not a source of stress caused by damp or poor-quality wood. A steady burn keeps you safe (damp wood releases many pollutants), gives pleasant warmth and lets you enjoy it worry-free.
Quality matters more than a low price, as it does for everything you buy. Thanks to our large volume, however, we have managed to offer you the best possible wood at the best price.

<strong>Oak</strong>
Its hardness ensures a long burn time. As well as high efficiency, burning oak gives off a delicious scent and a beautiful traditional flame.

<strong>Properties of oak wood</strong>
Hardwood;
burns slowly;
lively flames;
burn with at least 4 logs;
the firewood of choice for large stoves and fireplaces.

</div>
</div>
</div>
<div class=""wd-accordion-item""></div>","Cajón de leña (mezcla haya/roble): 30 cm, 3,5 estéreos, ultraseca","<ul><li><strong>2 m³ de leña de roble ultraseca</strong></li><li><strong>Lista para usar</strong></li><li><strong>Apilada a mano</strong></li><li><strong>Cajón resistente</strong></li><li><strong>Peso: 1000 kg</strong></li><li><strong>Dimensiones: 120 × 100 × 195 cm</strong></li><li><strong>Humedad: 10-20 %, lista para usar</strong></li><li><strong>Partida: grosor aprox. 5-15 cm, longitud aprox. 30 cm</strong></li><li><strong>Volumen: 2 m³ (apilada a mano) = aprox. 3,4 estéreos</strong></li><li><strong>Valor calorífico: 8,6 GJ/m³</strong></li><li><strong>Peso específico: 750 kg/m³</strong></li></ul>","<div class=""wd-accordion-item"">
<div id=""tab-description"" class=""entry-content woocommerce-Tabs-panel woocommerce-Tabs-panel--description wd-active wd-scroll wd-accordion-content"" role=""tabpanel"" aria-labelledby=""tab-title-description"" data-accordion-index=""description"">
<div class=""wc-tab-inner wd-scroll-content"">

La sensación primordial de un calor maravilloso junto a un fuego crepitante

Encender su estufa de leña debe ser agradable y no causar estrés por una leña húmeda o de mala calidad. Una combustión estable garantiza su seguridad (la leña húmeda libera muchos contaminantes), un calor agradable y le permite disfrutar sin preocupaciones.
La calidad es más importante que un precio bajo, como en todo lo que compra. Gracias a nuestro gran volumen, hemos conseguido ofrecerle la mejor leña posible al mejor precio.

<strong>Roble</strong>
Su dureza garantiza una larga duración de combustión. Además de una alta eficiencia, el roble desprende un aroma delicioso y una bonita llama tradicional.

<strong>Propiedades de la madera de roble</strong>
Madera dura;
arde lentamente;
llamas vivas;
quémela con al menos 4 troncos;
la leña por excelencia para grandes estufas y chimeneas.

</div>
</div>
</div>
<div class=""wd-accordion-item""></div>"
265,simple,WH-4458,"Brennholz (Mischung Buche/Esche) 30 cm (trocken) – 1,5 Ster",1,110,,Brennholz,Eigenschaften und Vorteile der trockenen 30-cm-Scheite: Hohe Energieleistung : Mit einer Restfeuchte unter 20 % verbrennen unsere trockenen Scheite effizient und kraftvoll.,"<div class=""flex-1 overflow-hidden"">
<div class=""react-scroll-to-bottom--css-nwgjt-79elbk h-full dark:bg-gray-800"">
<div class=""react-scroll-to-bottom--css-nwgjt-1n7m0yu"">
<div class=""flex flex-col text-sm dark:bg-gray-800"">
<div class=""group w-full text-gray-800 dark:text-gray-100 border-b border-black/10 dark:border-gray-900/50 bg-gray-50 dark:bg-[#444654]"">
<div class=""flex p-4 gap-4 text-base md:gap-6 md:max-w-2xl lg:max-w-[38rem] xl:max-w-3xl md:py-6 lg:px-0 m-auto"">
<div class=""relative flex w-[calc(100%-50px)] flex-col gap-1 md:gap-3 lg:w-[calc(100%-115px)]"">
<div class=""flex flex-grow flex-col gap-3"">
<div class=""min-h-[20px] flex flex-col items-start gap-4 whitespace-pre-wrap break-words"">
<div class=""markdown prose w-full break-words dark:prose-invert light"">
<h1><strong>Eigenschaften und Vorteile der trockenen 30-cm-Scheite:</strong></h1>
<ul>
 	<li><strong>Hohe Energieleistung</strong> : Mit einer Restfeuchte unter 20 % verbrennen unsere trockenen Scheite effizient und kraftvoll. Ihre Heizleistung liegt 30 % über der von herkömmlichem Holz – Sie geniessen angenehme Wärme und verbrauchen weniger Brennstoff.</li>
 	<li><strong>Sauber und praktisch</strong> : Unsere trockenen Scheite sind sorgfältig in kleine Stücke gespalten und sofort einsatzbereit. Sie sind staubfrei und erzeugen weniger Asche – das erleichtert die Handhabung und die Pflege Ihrer Feuerstelle.</li>
 	<li><strong>Kompatibel und vielseitig</strong> : Unsere trockenen Scheite eignen sich für viele Heiz- und Kochgeräte wie Cheminées, Öfen, geschlossene Feuerstellen, Kamineinsätze, Holzherde, Kessel, Holzbacköfen und offene Kamine. Sie erfüllen die technischen Anforderungen moderner Heizgeräte und sichern so deren Leistung und Lebensdauer.</li>
 	<li><strong>Ökologische Innovation</strong> : Umweltschutz liegt uns am Herzen. Unsere trockenen Scheite stammen aus edlen Holzarten aus nachhaltigen Quellen, etwa Eiche, Hainbuche und Buche. Sie erfüllen die Umweltnormen und helfen, den Feinstaubausstoss beim Verbrennen zu senken – für bessere Luft, die Sie atmen.</li>
 	<li><em>Herkunft: Frankreich | Zertifizierung: NF Bois de Chauffage | Klasse – Gruppe: H1 – G1 | Restfeuchte (im Kern, Rohzustand): ≤ 20 % | Verwendung: sofort | Heizwert (Hu) im Rohzustand</em> : ≥ 3,9 kWh/kg*</li>
</ul>
Profitieren Sie jetzt von unserem natürlichen Hochleistungs-Brennholz für optimales Heizen. Bestellen Sie noch heute und lassen Sie es nach Hause liefern – unser Spediteur meldet sich bei Ihnen, um einen Liefertermin zu vereinbaren. Entscheiden Sie sich für unsere trockenen 30-cm-Scheite und machen Sie Ihre Feuerstelle zu einer gemütlichen und umweltfreundlichen Wärmequelle.

<em>Der Heizwert (Hu) entspricht der Wärmemenge in kWh, die beim Verbrennen von 1 kg Holz frei wird, abzüglich der Verdampfungswärme des im Rauchgas enthaltenen Wassers.</em>

</div>
</div>
</div>
<div class=""flex justify-between lg:block""></div>
</div>
</div>
</div>
</div>
</div>
</div>
</div>",mixed,30,rm,1.5,,20,"Bois de chauffage (Mélange hêtre; frêne) 30 cm (Sec) 1,5 Stères","Caractéristiques et avantages des bûches de bois sec 30 cm : Haute performance énergétique : Avec un taux d’humidité inférieur à 20%, nos bûches de bois sec assurent une combustion efficace et puissante.","<div class=""flex-1 overflow-hidden"">
<div class=""react-scroll-to-bottom--css-nwgjt-79elbk h-full dark:bg-gray-800"">
<div class=""react-scroll-to-bottom--css-nwgjt-1n7m0yu"">
<div class=""flex flex-col text-sm dark:bg-gray-800"">
<div class=""group w-full text-gray-800 dark:text-gray-100 border-b border-black/10 dark:border-gray-900/50 bg-gray-50 dark:bg-[#444654]"">
<div class=""flex p-4 gap-4 text-base md:gap-6 md:max-w-2xl lg:max-w-[38rem] xl:max-w-3xl md:py-6 lg:px-0 m-auto"">
<div class=""relative flex w-[calc(100%-50px)] flex-col gap-1 md:gap-3 lg:w-[calc(100%-115px)]"">
<div class=""flex flex-grow flex-col gap-3"">
<div class=""min-h-[20px] flex flex-col items-start gap-4 whitespace-pre-wrap break-words"">
<div class=""markdown prose w-full break-words dark:prose-invert light"">
<h1><strong>Caractéristiques et avantages des bûches de bois sec 30 cm :</strong></h1>
<ul>
 	<li><strong>Haute performance énergétique</strong> : Avec un taux d’humidité inférieur à 20%, nos bûches de bois sec assurent une combustion efficace et puissante. Leur pouvoir de chauffe est 30% supérieur à celui du bois classique, vous permettant ainsi de profiter d’une chaleur agréable tout en réduisant votre consommation de combustible.</li>
 	<li><strong>Propreté et praticité</strong> : Nos bûches de bois sec sont soigneusement fendues en petites sections, prêtes à être utilisées. Elles sont exemptes de poussière et produisent moins de cendres, facilitant ainsi leur manipulation et l’entretien de votre appareil de chauffage.</li>
 	<li><strong>Compatibilité et polyvalence</strong> : Nos bûches de bois sec conviennent à une large gamme d’appareils de chauffage et de cuisson, tels que les cheminées, les poêles, les foyers fermés, les inserts, les cuisinières, les chaudières, les fours à bois et les foyers ouverts. Elles répondent aux exigences techniques des nouveaux équipements de chauffage, garantissant ainsi leur performance et leur durabilité.</li>
 	<li><strong>Innovation écologique</strong> : Chez Brugs Stère, nous sommes engagés envers l’environnement. Nos bûches de bois sec sont fabriquées à partir d’essences de bois nobles provenant de sources durables, telles que le chêne, le charme et le hêtre. Elles respectent les normes environnementales et contribuent à réduire les émissions de particules fines lors de leur combustion, préservant ainsi la qualité de l’air que vous respirez.</li>
 	<li><em>Origine : France | Certification : NF Bois de Chauffage | Classe – Groupe : Groupe H1 – G1 | Taux d’humidité (à cœur sur brut) : ≤ 20% | Utilisation : Immédiate | PCI sur brut</em> : ≥ 3,9 kWh kg-1*</li>
</ul>
Profitez dès maintenant de notre bois de chauffage haute performance et naturel pour une expérience de chauffage optimale. Commandez dès aujourd’hui et bénéficiez d’une livraison à domicile, avec notre transporteur qui vous contactera pour fixer une date de livraison. Optez pour nos bûches de bois sec 30 cm et transformez votre foyer en une source de chaleur confortable et écologique.

<em>Le Pouvoir Calorifique Inférieur correspond à la quantité de chaleur en kWh dégagée par la combustion de 1 kg de bois, moins la chaleur latente de vaporisation de l’eau contenue dans les fumées.</em>

</div>
</div>
</div>
<div class=""flex justify-between lg:block""></div>
</div>
</div>
</div>
</div>
</div>
</div>
</div>",Firewood (beech/ash mix) 30 cm (dry) – 1.5 steres,"Features and benefits of 30 cm dry logs: High energy performance : With a moisture content below 20%, our dry logs burn efficiently and powerfully. Their heating power is 30% higher than that of ordinary wood, so you enjoy pleasant warmth while using less fuel.","<div class=""flex-1 overflow-hidden"">
<div class=""react-scroll-to-bottom--css-nwgjt-79elbk h-full dark:bg-gray-800"">
<div class=""react-scroll-to-bottom--css-nwgjt-1n7m0yu"">
<div class=""flex flex-col text-sm dark:bg-gray-800"">
<div class=""group w-full text-gray-800 dark:text-gray-100 border-b border-black/10 dark:border-gray-900/50 bg-gray-50 dark:bg-[#444654]"">
<div class=""flex p-4 gap-4 text-base md:gap-6 md:max-w-2xl lg:max-w-[38rem] xl:max-w-3xl md:py-6 lg:px-0 m-auto"">
<div class=""relative flex w-[calc(100%-50px)] flex-col gap-1 md:gap-3 lg:w-[calc(100%-115px)]"">
<div class=""flex flex-grow flex-col gap-3"">
<div class=""min-h-[20px] flex flex-col items-start gap-4 whitespace-pre-wrap break-words"">
<div class=""markdown prose w-full break-words dark:prose-invert light"">
<h1><strong>Features and benefits of 30 cm dry logs:</strong></h1>
<ul>
 	<li><strong>High energy performance</strong> : With a moisture content below 20%, our dry logs burn efficiently and powerfully. Their heating power is 30% higher than that of ordinary wood, so you enjoy pleasant warmth while using less fuel.</li>
 	<li><strong>Clean and practical</strong> : Our dry logs are carefully split into small pieces, ready to use. They are dust-free and produce less ash, making them easier to handle and your heater easier to maintain.</li>
 	<li><strong>Compatibility and versatility</strong> : Our dry logs suit a wide range of heating and cooking appliances, such as fireplaces, stoves, closed hearths, inserts, range cookers, boilers, wood-fired ovens and open fires. They meet the technical requirements of new heating equipment, ensuring its performance and durability.</li>
 	<li><strong>Ecological innovation</strong> : We are committed to the environment. Our dry logs are made from noble wood species from sustainable sources, such as oak, hornbeam and beech. They meet environmental standards and help reduce fine particle emissions when burnt, preserving the quality of the air you breathe.</li>
 	<li><em>Origin: France | Certification: NF firewood | Class – group: H1 – G1 | Moisture (core, as received): ≤ 20% | Use: immediate | Net calorific value as received</em> : ≥ 3.9 kWh/kg*</li>
</ul>
Enjoy our high-performance, natural firewood now for an optimal heating experience. Order today and get home delivery: our carrier will contact you to arrange a delivery date. Choose our 30 cm dry logs and turn your fireplace into a cosy and eco-friendly source of warmth.

<em>The net calorific value is the amount of heat in kWh released by burning 1 kg of wood, minus the latent heat of vaporisation of the water in the flue gases.</em>

</div>
</div>
</div>
<div class=""flex justify-between lg:block""></div>
</div>
</div>
</div>
</div>
</div>
</div>
</div>","Leña (mezcla haya/fresno) 30 cm (seca) – 1,5 estéreos","Características y ventajas de los troncos de leña seca de 30 cm: Alto rendimiento energético : Con una humedad inferior al 20 %, nuestros troncos de leña seca garantizan una combustión eficaz y potente.","<div class=""flex-1 overflow-hidden"">
<div class=""react-scroll-to-bottom--css-nwgjt-79elbk h-full dark:bg-gray-800"">
<div class=""react-scroll-to-bottom--css-nwgjt-1n7m0yu"">
<div class=""flex flex-col text-sm dark:bg-gray-800"">
<div class=""group w-full text-gray-800 dark:text-gray-100 border-b border-black/10 dark:border-gray-900/50 bg-gray-50 dark:bg-[#444654]"">
<div class=""flex p-4 gap-4 text-base md:gap-6 md:max-w-2xl lg:max-w-[38rem] xl:max-w-3xl md:py-6 lg:px-0 m-auto"">
<div class=""relative flex w-[calc(100%-50px)] flex-col gap-1 md:gap-3 lg:w-[calc(100%-115px)]"">
<div class=""flex flex-grow flex-col gap-3"">
<div class=""min-h-[20px] flex flex-col items-start gap-4 whitespace-pre-wrap break-words"">
<div class=""markdown prose w-full break-words dark:prose-invert light"">
<h1><strong>Características y ventajas de los troncos de leña seca de 30 cm:</strong></h1>
<ul>
 	<li><strong>Alto rendimiento energético</strong> : Con una humedad inferior al 20 %, nuestros troncos de leña seca garantizan una combustión eficaz y potente. Su poder calorífico es un 30 % superior al de la leña clásica, lo que le permite disfrutar de un calor agradable reduciendo su consumo de combustible.</li>
 	<li><strong>Limpieza y practicidad</strong> : Nuestros troncos de leña seca están cuidadosamente partidos en secciones pequeñas, listos para usar. No tienen polvo y producen menos ceniza, lo que facilita su manipulación y el mantenimiento de su aparato.</li>
 	<li><strong>Compatibilidad y versatilidad</strong> : Nuestros troncos de leña seca son aptos para una amplia gama de aparatos de calefacción y cocina, como chimeneas, estufas, hogares cerrados, inserts, cocinas de leña, calderas, hornos de leña y hogares abiertos. Cumplen los requisitos técnicos de los nuevos equipos de calefacción, garantizando su rendimiento y durabilidad.</li>
 	<li><strong>Innovación ecológica</strong> : Estamos comprometidos con el medio ambiente. Nuestros troncos de leña seca proceden de maderas nobles de fuentes sostenibles, como el roble, el carpe y el haya. Cumplen las normas medioambientales y contribuyen a reducir las emisiones de partículas finas durante la combustión, preservando la calidad del aire que respira.</li>
 	<li><em>Origen: Francia | Certificación: NF leña | Clase – grupo: H1 – G1 | Humedad (en el corazón, en bruto): ≤ 20 % | Uso: inmediato | PCI en bruto</em> : ≥ 3,9 kWh/kg*</li>
</ul>
Disfrute ya de nuestra leña natural de alto rendimiento para una experiencia de calefacción óptima. Haga su pedido hoy y benefíciese de la entrega a domicilio: nuestro transportista se pondrá en contacto con usted para fijar la fecha de entrega. Elija nuestros troncos de leña seca de 30 cm y convierta su hogar en una fuente de calor confortable y ecológica.

<em>El poder calorífico inferior (PCI) corresponde a la cantidad de calor en kWh liberada por la combustión de 1 kg de madera, menos el calor latente de vaporización del agua contenida en los humos.</em>

</div>
</div>
</div>
<div class=""flex justify-between lg:block""></div>
</div>
</div>
</div>
</div>
</div>
</div>
</div>"
266,simple,WH-4459,Gespaltenes Brennholz (Eiche) 33 cm (trocken) – 2 Ster,1,130,,Brennholz,"Brennholz 2,1 m³, 30–33 cm (trocken)","Belgisches Brennholz

Brennholz auf Palette

Unsere Brennholzpaletten bestehen ausschliesslich aus Laub-Hartholz (Esche und Buche). Wir verkaufen nur brennfertiges Holz mit einer Restfeuchte < 20 %. Der Vorteil von Brennholz auf Palette: sauber und ordentlich verpackt, einfach zu lagern.

Lagertipps für Brennholz

Lagern Sie Ihr Brennholz am besten an einem luftigen, vor Feuchtigkeit geschützten Ort.

Holz aus der Region

Es handelt sich um belgisches Holz – wir arbeiten lieber mit Holz aus Belgien als mit Holz aus Osteuropa.

Wir liefern Ihr Brennholz per Lastwagen mit kleinem Stapler, der über Rasen und Kies fahren und das Holz wenn möglich direkt in Ihre Garage bringen kann.

So ersparen wir Ihnen mühsames Aufräumen.

Vor allem trockenes Brennholz

Die Trocknung ist das wichtigste Kriterium für eine gute Verbrennung: Wasser im Holz verbraucht beim Verbrennen sehr viel Energie, die abgegebene Wärme ist daher geringer.

Unser Brennholz enthält weniger als 20 % Feuchtigkeit für eine effiziente Verbrennung.

Ein Ster Brennholz = 1 m³ Brennholz? NEIN

Die traditionelle Einheit für Brennholz ist der Ster.

Verwechseln Sie Ster und m³ nicht: 1 Ster = 1 m³, wenn das Holz in 1 Meter lange Scheite geschnitten ist. Je kürzer man das Holz schneidet, desto mehr verliert es an Volumen (also weniger m³), die Anzahl Ster bleibt aber gleich.

Umrechnung:

– Scheite mit 30–33 cm Länge: 2,1 m³ = 3 Ster

– Scheite mit 50 cm Länge: 2,1 m³ = 2,4 Ster",oak,33,rm,2,,20,Bois de chauffage fendu (Chêne) 33 cm (Sec) 2 Stères,Bois de chauffage 2.1m3 30-33 cm (Sec),"Bois de chauffage belge

Bois de chauffage sur palette

Nos palettes de bois de chauffage sont composées uniquement de bois durs feuillus (frêne et hêtre). Notre entreprise de combustibles commercialise uniquement du bois prêt à brûler dont le taux d'humidité est &lt; à 20 %. L'avantage du bois de chauffage sur palette est son conditionnement propre et rangé, facile à stocker.

Conseils de stockage pour le bois de chauffage

Il est toujours préférable d'entreposer votre bois de chauffage dans un endroit aéré et protégé de l'humidité.

Bois local

Il s'agit d'un bois belge. En effet, nous préférons travailler avec du bois de Belgique plutôt que du bois qui provient des pays de l'est.

Nous livrons votre bois de chauffage par camion muni d'un petit clark permettant de passer dans la pelouse et les graviers et même rentrer le bois directement dans votre garage lorsque cela s'avère possible.

Nous mettons donc tout en oeuvre afin de vous éviter un rangement trop fastidieux.

Un bois de chauffage sec avant tout

Le séchage du bois de chauffage est le critère le plus important pour une combustion de qualité. En effet, la présence d'eau dans le bois de chauffage absorbe énormément d'énergie lors de la combustion et par conséquent la chaleur dégagée est plus faible.

Nos bois de chauffage contiennent moins de 20 % d'humidité pour une combustion efficace.

Une stère de bois de chauffage = 1m3 de bois de chauffage? NON

L' unité traditionnelle pour le bois de chauffage est la stère.

Ne confondez pas stère et m3. En effet, 1stère = 1m3 lorsque le bois est coupé en bûches d'1 mètre de long. Plus on coupe le bois, plus il perd de son volume (donc moins on a de m3) mais le nombre de stère reste le même.

Conversion:

- Bûches coupées en longueur de 30-33 cm : 2,1 M3 =3 stères

- Bûches coupées en longueur de 50 cm: 2,1 M3 = 2,4 stères",Split firewood (oak) 33 cm (dry) – 2 steres,"Firewood 2.1 m³, 30–33 cm (dry)","Belgian firewood

Firewood on a pallet

Our firewood pallets are made exclusively of broadleaf hardwoods (ash and beech). We only sell ready-to-burn wood with a moisture content below 20%. The advantage of firewood on a pallet is its clean, tidy packaging that is easy to store.

Storage tips for firewood

It is always best to store your firewood in an airy place protected from damp.

Local wood

This is Belgian wood: we prefer to work with wood from Belgium rather than wood from Eastern Europe.

We deliver your firewood by truck with a small forklift that can cross lawns and gravel and even take the wood straight into your garage where possible.

So we do everything we can to spare you tedious stacking.

Above all, dry firewood

Drying is the most important criterion for good combustion: water in firewood absorbs a great deal of energy when burning, so less heat is given off.

Our firewood contains less than 20% moisture for efficient combustion.

One stere of firewood = 1 m³ of firewood? NO

The traditional unit for firewood is the stere.

Do not confuse steres and m³: 1 stere = 1 m³ when the wood is cut into 1-metre logs. The shorter the wood is cut, the more volume it loses (so fewer m³), but the number of steres stays the same.

Conversion:

– Logs cut to 30–33 cm: 2.1 m³ = 3 steres

– Logs cut to 50 cm: 2.1 m³ = 2.4 steres",Leña partida (roble) 33 cm (seca) – 2 estéreos,"Leña 2,1 m³, 30-33 cm (seca)","Leña belga

Leña en palé

Nuestros palés de leña se componen únicamente de frondosas duras (fresno y haya). Solo vendemos leña lista para quemar con una humedad < 20 %. La ventaja de la leña en palé es su embalaje limpio y ordenado, fácil de almacenar.

Consejos de almacenamiento

Siempre es preferible almacenar la leña en un lugar ventilado y protegido de la humedad.

Madera local

Es madera belga: preferimos trabajar con madera de Bélgica antes que con madera de Europa del Este.

Entregamos su leña en camión con una pequeña carretilla que puede pasar por césped y grava e incluso meter la leña directamente en su garaje cuando sea posible.

Hacemos todo lo posible para evitarle un apilado demasiado pesado.

Ante todo, una leña seca

El secado es el criterio más importante para una combustión de calidad: el agua de la leña absorbe muchísima energía durante la combustión y, por tanto, el calor liberado es menor.

Nuestra leña contiene menos del 20 % de humedad para una combustión eficaz.

¿Un estéreo de leña = 1 m³ de leña? NO

La unidad tradicional de la leña es el estéreo.

No confunda estéreo y m³: 1 estéreo = 1 m³ cuando la leña está cortada en troncos de 1 metro. Cuanto más se corta la madera, más volumen pierde (menos m³), pero el número de estéreos sigue siendo el mismo.

Conversión:

– Troncos cortados a 30-33 cm: 2,1 m³ = 3 estéreos

– Troncos cortados a 50 cm: 2,1 m³ = 2,4 estéreos"
267,simple,WH-4467,Brennholz (Eiche) auf Palette (30 cm / ca. 3 Ster),1,220,,Brennholz,"Palette (Mischung), Holz auf 30 cm geschnitten (ca. 3 Ster) Verwendet wird Laubholz (Hainbuche, Eiche, Buche, Esche, Birke).","Palette (Mischung), Holz auf 30 cm geschnitten (ca. 3 Ster)

Verwendet wird Laubholz (Hainbuche, Eiche, Buche, Esche, Birke).

Schluss mit dem mühsamen Aufschichten: Bestellen Sie Holz, das bereits auf einem Holzgestell geschichtet ist, geliefert bis in Ihre Garage (L 1,15 m × T 1,15 m × H 1,20 m).

Um Lagerung und Aufschichten müssen Sie sich nicht mehr kümmern.

Keine Rinde und keine Abfälle mehr nach der Lieferung aufzulesen – Ihr Holz ist sauber und geschichtet.",oak,30,rm,3,,,Bois de chauffage (Chêne) en palette (30 cm /- 3 stères),"Palette (Mélange) Bois Coupé en 30cm (+/-3 st.) Le bois utilisé est un feuillus (Charme, chêne, hêtre, frêne, bouleau) Fini la corvée de rangement du bois de chauffage, vous pouvez commander du bois déjà rangé sur une structure en bois, livré dans votre garage (L 1.15m x P 1.15m x H 1.20m).","Palette (Mélange) Bois Coupé en 30cm (+/-3 st.)

Le bois utilisé est un feuillus (Charme, chêne, hêtre, frêne, bouleau)

Fini la corvée de rangement du bois de chauffage, vous pouvez commander du bois déjà rangé sur une structure en bois, livré dans votre garage (L 1.15m x P 1.15m x H 1.20m).

Vous n'aurez plus à vous souciez du stockage et du rangement du bois.

Plus d'écorces ni de déchets à ramasser après la livraison, votre bois est propre et rangé.",Firewood (oak) on a pallet (30 cm / approx. 3 steres),"Pallet (mixed), wood cut to 30 cm (approx. 3 steres) The wood used is hardwood (hornbeam, oak, beech, ash, birch). No more stacking chores: you can order wood already stacked on a wooden frame and delivered to your garage (L 1.15 m × D 1.15 m × H 1.20 m).","Pallet (mixed), wood cut to 30 cm (approx. 3 steres)

The wood used is hardwood (hornbeam, oak, beech, ash, birch).

No more stacking chores: you can order wood already stacked on a wooden frame and delivered to your garage (L 1.15 m × D 1.15 m × H 1.20 m).

You will no longer have to worry about storing and stacking wood.

No more bark or debris to pick up after delivery: your wood is clean and stacked.",Leña (roble) en palé (30 cm / aprox. 3 estéreos),"Palé (mezcla), leña cortada a 30 cm (aprox. 3 estéreos) La madera utilizada es de frondosas (carpe, roble, haya, fresno, abedul).","Palé (mezcla), leña cortada a 30 cm (aprox. 3 estéreos)

La madera utilizada es de frondosas (carpe, roble, haya, fresno, abedul).

Se acabó la pesada tarea de apilar la leña: puede pedir leña ya apilada sobre una estructura de madera y entregada en su garaje (L 1,15 m × P 1,15 m × A 1,20 m).

Ya no tendrá que preocuparse por almacenar y apilar la leña.

Se acabaron las cortezas y los residuos que recoger tras la entrega: su leña está limpia y apilada."
268,simple,WH-4468,"Brennholz (Mischung Eiche/Hainbuche) – 50 cm – 2,5 Ster",1,140,,Brennholz,"Diese Scheite sind auf 50 cm gespalten, ideal für Cheminées und Kamineinsätze. Denken Sie daran: Damit Ihr Holz gut trocknet, lagern Sie es an einem trockenen, belüfteten und vor Feuchtigkeit geschützten Ort.","Diese Scheite sind auf 50 cm gespalten, ideal für Cheminées und Kamineinsätze.

Denken Sie daran: Damit Ihr Holz gut trocknet, lagern Sie es an einem trockenen, belüfteten und vor Feuchtigkeit geschützten Ort.

Ideal ist ein Unterstand (vorne offen, seitlich und oben geschlossen): Die Luft zirkuliert gut zwischen dem Holz, und kein Regen dringt ein.

Das Holz passt perfekt in grosse offene oder geschlossene Feuerstellen.

<strong>Wie verursachen Sie weniger Emissionen?</strong>

<strong>Das Feuer von oben anzünden </strong>:

Schichten Sie die Scheite mit den dicksten unten auf, lassen Sie zwischen ihnen etwas Platz und legen Sie das Anzündholz oben drauf. So werden die Verbrennungsgase in den Flammen verbrannt.

<strong>Holz nachlegen</strong> :

Sobald keine Flammen mehr da sind und die Glut noch kräftig ist – und die Tür nicht zu lange offen lassen.

<strong>Der Kamin (Rauchabzug) </strong>:

Er muss in gutem Zustand sein. Ein guter Zug ist wichtig für eine gute Verbrennung.

<strong>Das Kaminfegen</strong> :

Lassen Sie den Kamin unbedingt 2-mal pro Jahr fegen, einmal davon während der Heizperiode.",mixed,50,rm,2.5,,,"Bois de chauffage (Mélange de Chêne, Charme) - 50 cm de 2.5 stères","Ces bûches sont refendues en 50 cm, idéales pour les cheminées et inserts. N'oubliez pas que pour bien faire sécher votre bois, il faut le stocker dans un endroit sec, ventilé et à l'abri de l'humidité.","Ces bûches sont refendues en 50 cm, idéales pour les cheminées et inserts.

N'oubliez pas que pour bien faire sécher votre bois, il faut le stocker dans un endroit sec, ventilé et à l'abri de l'humidité.

L'idéal est sous abri de type préau (ouvert sur le devant et fermé sur les côtés et le dessus) l'air passe bien entre le bois et la pluie n'entre pas.

Ce bois conviendra parfaitement dans les foyers ouverts ou fermés de grandes dimensions.

<strong>Comment moins polluer?</strong>

<strong>La technique de l'allumage du feu par le haut </strong>:

Il faut empiler les bûches en plaçant les plus grosses en dessous et en laissant un peu d'espace entre chacune puis poser le petit bois d'allumage dessus. Les gaz de combustion éliminés dans les flammes.

<strong>Rechargement du bois</strong> :

Dès qu'il n'y a plus de flammes et que les braises sont encore bien vives, en ne laissant pas trop longtemps la porte ouverte.

<strong>Le conduit de fumées </strong>:

Il doit être en bon état. Un bon tirage est important pour une bonne combustion.

<strong>Le ramonage</strong> :

Il est impératif d'effectuer un ramonage 2 fois par an, dont une fois durant la période de chauffe.",Firewood (oak/hornbeam mix) – 50 cm – 2.5 steres,"These logs are split to 50 cm, ideal for fireplaces and inserts. Remember that to dry your wood properly, you need to store it in a dry, ventilated place protected from damp.","These logs are split to 50 cm, ideal for fireplaces and inserts.

Remember that to dry your wood properly, you need to store it in a dry, ventilated place protected from damp.

The ideal is a lean-to shelter (open at the front, closed at the sides and top): air flows well between the logs and rain cannot get in.

This wood is perfect for large open or closed hearths.

<strong>How to pollute less?</strong>

<strong>Lighting the fire from the top </strong>:

Stack the logs with the largest at the bottom, leaving a little space between each one, then place the kindling on top. The combustion gases are burnt off in the flames.

<strong>Adding more wood</strong> :

As soon as there are no more flames and the embers are still glowing brightly, without leaving the door open too long.

<strong>The flue </strong>:

It must be in good condition. A good draught is important for good combustion.

<strong>Chimney sweeping</strong> :

The chimney must be swept twice a year, including once during the heating season.","Leña (mezcla roble/carpe) – 50 cm – 2,5 estéreos","Estos troncos están partidos a 50 cm, ideales para chimeneas e inserts. Recuerde que, para que su leña se seque bien, debe almacenarla en un lugar seco, ventilado y protegido de la humedad.","Estos troncos están partidos a 50 cm, ideales para chimeneas e inserts.

Recuerde que, para que su leña se seque bien, debe almacenarla en un lugar seco, ventilado y protegido de la humedad.

Lo ideal es un cobertizo (abierto por delante y cerrado por los lados y por arriba): el aire circula bien entre la leña y la lluvia no entra.

Esta leña es perfecta para hogares abiertos o cerrados de gran tamaño.

<strong>¿Cómo contaminar menos?</strong>

<strong>La técnica de encender el fuego por arriba </strong>:

Apile los troncos colocando los más gruesos abajo y dejando un poco de espacio entre ellos; después ponga las astillas encima. Los gases de combustión se eliminan en las llamas.

<strong>Recarga de leña</strong> :

En cuanto ya no haya llamas y las brasas sigan bien vivas, sin dejar la puerta abierta demasiado tiempo.

<strong>El conducto de humos </strong>:

Debe estar en buen estado. Un buen tiro es importante para una buena combustión.

<strong>El deshollinado</strong> :

Es imprescindible deshollinar 2 veces al año, una de ellas durante la temporada de calefacción."
282,simple,WH-4469,"Holzscheite (Mischung Buche/Eiche), trocken, 30 cm (2 Ster)",1,150,,Brennholz,"Entdecken Sie unsere trockenen 30-cm-Scheite für optimale Energieleistung. Das praktische Format erleichtert die Handhabung, die Palettenverpackung die Lagerung. Sie können auch andere Längen wählen, etwa unsere trockenen Scheite mit 50 cm oder 40 cm.

Mit einer Restfeuchte unter 20 %.

Entscheiden Sie sich für Qualität und Komfort mit unseren Brennholzscheiten.
Verpackung: 1 Palette = 2 Ster (Schüttvolumen), Gewicht 621 kg pro Palette.","<div class=""flex-1 overflow-hidden"">
<div class=""react-scroll-to-bottom--css-nwgjt-79elbk h-full dark:bg-gray-800"">
<div class=""react-scroll-to-bottom--css-nwgjt-1n7m0yu"">
<div class=""flex flex-col text-sm dark:bg-gray-800"">
<div class=""group w-full text-gray-800 dark:text-gray-100 border-b border-black/10 dark:border-gray-900/50 bg-gray-50 dark:bg-[#444654]"">
<div class=""flex p-4 gap-4 text-base md:gap-6 md:max-w-2xl lg:max-w-[38rem] xl:max-w-3xl md:py-6 lg:px-0 m-auto"">
<div class=""relative flex w-[calc(100%-50px)] flex-col gap-1 md:gap-3 lg:w-[calc(100%-115px)]"">
<div class=""flex flex-grow flex-col gap-3"">
<div class=""min-h-[20px] flex flex-col items-start gap-4 whitespace-pre-wrap break-words"">
<div class=""markdown prose w-full break-words dark:prose-invert light"">
<h1><strong>Eigenschaften und Vorteile der trockenen 30-cm-Scheite:</strong></h1>
<ul>
	<li><strong>Hohe Energieleistung</strong> : Mit einer Restfeuchte unter 20 % verbrennen unsere trockenen Scheite effizient und kraftvoll. Ihre Heizleistung liegt 30 % über der von herkömmlichem Holz – Sie geniessen angenehme Wärme und verbrauchen weniger Brennstoff.</li>
	<li><strong>Sauber und praktisch</strong> : Unsere trockenen Scheite sind sorgfältig in kleine Stücke gespalten und sofort einsatzbereit. Sie sind staubfrei und erzeugen weniger Asche – das erleichtert die Handhabung und die Pflege Ihrer Feuerstelle.</li>
	<li><strong>Kompatibel und vielseitig</strong> : Unsere trockenen Scheite eignen sich für viele Heiz- und Kochgeräte wie Cheminées, Öfen, geschlossene Feuerstellen, Kamineinsätze, Holzherde, Kessel, Holzbacköfen und offene Kamine. Sie erfüllen die technischen Anforderungen moderner Heizgeräte und sichern so deren Leistung und Lebensdauer.</li>
	<li><strong>Ökologische Innovation</strong> : Umweltschutz liegt uns am Herzen. Unsere trockenen Scheite stammen aus edlen Holzarten aus nachhaltigen Quellen, etwa Eiche, Hainbuche und Buche. Sie erfüllen die Umweltnormen und helfen, den Feinstaubausstoss beim Verbrennen zu senken – für bessere Luft, die Sie atmen.</li>
	<li><em>Herkunft: Belgien | Zertifizierung: NF Bois de Chauffage | Klasse – Gruppe: H1 – G1 | Restfeuchte (im Kern, Rohzustand): ≤ 20 % | Verwendung: sofort | Heizwert (Hu) im Rohzustand</em> : ≥ 3,9 kWh/kg*</li>
</ul>
Profitieren Sie jetzt von unserem natürlichen Hochleistungs-Brennholz für optimales Heizen. Bestellen Sie noch heute und lassen Sie es nach Hause liefern – unser Spediteur meldet sich bei Ihnen, um einen Liefertermin zu vereinbaren. Entscheiden Sie sich für unsere trockenen 30-cm-Scheite und machen Sie Ihre Feuerstelle zu einer gemütlichen und umweltfreundlichen Wärmequelle.

<em>Der Heizwert (Hu) entspricht der Wärmemenge in kWh, die beim Verbrennen von 1 kg Holz frei wird, abzüglich der Verdampfungswärme des im Rauchgas enthaltenen Wassers.</em></div>
</div>
</div>
<div class=""flex justify-between lg:block""></div>
</div>
</div>
</div>
</div>
</div>
</div>
</div>",mixed,30,rm,2,,20,"Bûches de bois (Mélange Hêtre, Chêne) sec 30 cm (2 stères)","Découvrez nos bûches de bois sec 30 cm qui vous assurent une performance énergétique optimale. Leur format pratique facilite leur manipulation et leur conditionnement en palette les rend faciles à stocker. Vous pouvez également choisir parmi nos autres longueurs disponibles, telles que les bûches de bois sec de 50 cm ou encore les bûches de bois sec 40 cm.\n\nAvec un taux d’humidité inférieur à 20%.\n\nFaites le choix de la qualité et de la praticité avec nos bûches de bois de chauffage.\nConditionnement: 1 palette = 2 stères (volume bois vrac), Poids de 621 KG par palette.","<div class=""flex-1 overflow-hidden"">
<div class=""react-scroll-to-bottom--css-nwgjt-79elbk h-full dark:bg-gray-800"">
<div class=""react-scroll-to-bottom--css-nwgjt-1n7m0yu"">
<div class=""flex flex-col text-sm dark:bg-gray-800"">
<div class=""group w-full text-gray-800 dark:text-gray-100 border-b border-black/10 dark:border-gray-900/50 bg-gray-50 dark:bg-[#444654]"">
<div class=""flex p-4 gap-4 text-base md:gap-6 md:max-w-2xl lg:max-w-[38rem] xl:max-w-3xl md:py-6 lg:px-0 m-auto"">
<div class=""relative flex w-[calc(100%-50px)] flex-col gap-1 md:gap-3 lg:w-[calc(100%-115px)]"">
<div class=""flex flex-grow flex-col gap-3"">
<div class=""min-h-[20px] flex flex-col items-start gap-4 whitespace-pre-wrap break-words"">
<div class=""markdown prose w-full break-words dark:prose-invert light"">
<h1><strong>Caractéristiques et avantages des bûches de bois sec 30 cm :</strong></h1>
<ul>
	<li><strong>Haute performance énergétique</strong> : Avec un taux d’humidité inférieur à 20%, nos bûches de bois sec assurent une combustion efficace et puissante. Leur pouvoir de chauffe est 30% supérieur à celui du bois classique, vous permettant ainsi de profiter d’une chaleur agréable tout en réduisant votre consommation de combustible.</li>
	<li><strong>Propreté et praticité</strong> : Nos bûches de bois sec sont soigneusement fendues en petites sections, prêtes à être utilisées. Elles sont exemptes de poussière et produisent moins de cendres, facilitant ainsi leur manipulation et l’entretien de votre appareil de chauffage.</li>
	<li><strong>Compatibilité et polyvalence</strong> : Nos bûches de bois sec conviennent à une large gamme d’appareils de chauffage et de cuisson, tels que les cheminées, les poêles, les foyers fermés, les inserts, les cuisinières, les chaudières, les fours à bois et les foyers ouverts. Elles répondent aux exigences techniques des nouveaux équipements de chauffage, garantissant ainsi leur performance et leur durabilité.</li>
	<li><strong>Innovation écologique</strong> : Chez Brugs Stère, nous sommes engagés envers l’environnement. Nos bûches de bois sec sont fabriquées à partir d’essences de bois nobles provenant de sources durables, telles que le chêne, le charme et le hêtre. Elles respectent les normes environnementales et contribuent à réduire les émissions de particules fines lors de leur combustion, préservant ainsi la qualité de l’air que vous respirez.</li>
	<li><em>Origine : Belgique | Certification : NF Bois de Chauffage | Classe – Groupe : Groupe H1 – G1 | Taux d’humidité (à cœur sur brut) : ≤ 20% | Utilisation : Immédiate | PCI sur brut</em> : ≥ 3,9 kWh kg-1*</li>
</ul>
Profitez dès maintenant de notre bois de chauffage haute performance et naturel pour une expérience de chauffage optimale. Commandez dès aujourd’hui et bénéficiez d’une livraison à domicile, avec notre transporteur qui vous contactera pour fixer une date de livraison. Optez pour nos bûches de bois sec 30 cm et transformez votre foyer en une source de chaleur confortable et écologique.

<em>Le Pouvoir Calorifique Inférieur correspond à la quantité de chaleur en kWh dégagée par la combustion de 1 kg de bois, moins la chaleur latente de vaporisation de l’eau contenue dans les fumées.</em></div>
</div>
</div>
<div class=""flex justify-between lg:block""></div>
</div>
</div>
</div>
</div>
</div>
</div>
</div>","Logs (beech/oak mix), dry, 30 cm (2 steres)","Discover our 30 cm dry logs for optimal energy performance. Their practical size makes them easy to handle and their pallet packaging makes them easy to store. You can also choose from our other lengths, such as 50 cm or 40 cm dry logs.

With a moisture content below 20%.

Choose quality and convenience with our firewood logs.
Packaging: 1 pallet = 2 steres (loose volume), weight 621 kg per pallet.","<div class=""flex-1 overflow-hidden"">
<div class=""react-scroll-to-bottom--css-nwgjt-79elbk h-full dark:bg-gray-800"">
<div class=""react-scroll-to-bottom--css-nwgjt-1n7m0yu"">
<div class=""flex flex-col text-sm dark:bg-gray-800"">
<div class=""group w-full text-gray-800 dark:text-gray-100 border-b border-black/10 dark:border-gray-900/50 bg-gray-50 dark:bg-[#444654]"">
<div class=""flex p-4 gap-4 text-base md:gap-6 md:max-w-2xl lg:max-w-[38rem] xl:max-w-3xl md:py-6 lg:px-0 m-auto"">
<div class=""relative flex w-[calc(100%-50px)] flex-col gap-1 md:gap-3 lg:w-[calc(100%-115px)]"">
<div class=""flex flex-grow flex-col gap-3"">
<div class=""min-h-[20px] flex flex-col items-start gap-4 whitespace-pre-wrap break-words"">
<div class=""markdown prose w-full break-words dark:prose-invert light"">
<h1><strong>Features and benefits of 30 cm dry logs:</strong></h1>
<ul>
	<li><strong>High energy performance</strong> : With a moisture content below 20%, our dry logs burn efficiently and powerfully. Their heating power is 30% higher than that of ordinary wood, so you enjoy pleasant warmth while using less fuel.</li>
	<li><strong>Clean and practical</strong> : Our dry logs are carefully split into small pieces, ready to use. They are dust-free and produce less ash, making them easier to handle and your heater easier to maintain.</li>
	<li><strong>Compatibility and versatility</strong> : Our dry logs suit a wide range of heating and cooking appliances, such as fireplaces, stoves, closed hearths, inserts, range cookers, boilers, wood-fired ovens and open fires. They meet the technical requirements of new heating equipment, ensuring its performance and durability.</li>
	<li><strong>Ecological innovation</strong> : We are committed to the environment. Our dry logs are made from noble wood species from sustainable sources, such as oak, hornbeam and beech. They meet environmental standards and help reduce fine particle emissions when burnt, preserving the quality of the air you breathe.</li>
	<li><em>Origin: Belgium | Certification: NF firewood | Class – group: H1 – G1 | Moisture (core, as received): ≤ 20% | Use: immediate | Net calorific value as received</em> : ≥ 3.9 kWh/kg*</li>
</ul>
Enjoy our high-performance, natural firewood now for an optimal heating experience. Order today and get home delivery: our carrier will contact you to arrange a delivery date. Choose our 30 cm dry logs and turn your fireplace into a cosy and eco-friendly source of warmth.

<em>The net calorific value is the amount of heat in kWh released by burning 1 kg of wood, minus the latent heat of vaporisation of the water in the flue gases.</em></div>
</div>
</div>
<div class=""flex justify-between lg:block""></div>
</div>
</div>
</div>
</div>
</div>
</div>
</div>","Troncos de leña (mezcla haya/roble), seca, 30 cm (2 estéreos)","Descubra nuestros troncos de leña seca de 30 cm, que le garantizan un rendimiento energético óptimo. Su formato práctico facilita su manipulación y su embalaje en palé los hace fáciles de almacenar. También puede elegir otras longitudes disponibles, como los troncos de 50 cm o de 40 cm.

Con una humedad inferior al 20 %.

Apueste por la calidad y la comodidad con nuestros troncos de leña.
Embalaje: 1 palé = 2 estéreos (volumen a granel), peso de 621 kg por palé.","<div class=""flex-1 overflow-hidden"">
<div class=""react-scroll-to-bottom--css-nwgjt-79elbk h-full dark:bg-gray-800"">
<div class=""react-scroll-to-bottom--css-nwgjt-1n7m0yu"">
<div class=""flex flex-col text-sm dark:bg-gray-800"">
<div class=""group w-full text-gray-800 dark:text-gray-100 border-b border-black/10 dark:border-gray-900/50 bg-gray-50 dark:bg-[#444654]"">
<div class=""flex p-4 gap-4 text-base md:gap-6 md:max-w-2xl lg:max-w-[38rem] xl:max-w-3xl md:py-6 lg:px-0 m-auto"">
<div class=""relative flex w-[calc(100%-50px)] flex-col gap-1 md:gap-3 lg:w-[calc(100%-115px)]"">
<div class=""flex flex-grow flex-col gap-3"">
<div class=""min-h-[20px] flex flex-col items-start gap-4 whitespace-pre-wrap break-words"">
<div class=""markdown prose w-full break-words dark:prose-invert light"">
<h1><strong>Características y ventajas de los troncos de leña seca de 30 cm:</strong></h1>
<ul>
	<li><strong>Alto rendimiento energético</strong> : Con una humedad inferior al 20 %, nuestros troncos de leña seca garantizan una combustión eficaz y potente. Su poder calorífico es un 30 % superior al de la leña clásica, lo que le permite disfrutar de un calor agradable reduciendo su consumo de combustible.</li>
	<li><strong>Limpieza y practicidad</strong> : Nuestros troncos de leña seca están cuidadosamente partidos en secciones pequeñas, listos para usar. No tienen polvo y producen menos ceniza, lo que facilita su manipulación y el mantenimiento de su aparato.</li>
	<li><strong>Compatibilidad y versatilidad</strong> : Nuestros troncos de leña seca son aptos para una amplia gama de aparatos de calefacción y cocina, como chimeneas, estufas, hogares cerrados, inserts, cocinas de leña, calderas, hornos de leña y hogares abiertos. Cumplen los requisitos técnicos de los nuevos equipos de calefacción, garantizando su rendimiento y durabilidad.</li>
	<li><strong>Innovación ecológica</strong> : Estamos comprometidos con el medio ambiente. Nuestros troncos de leña seca proceden de maderas nobles de fuentes sostenibles, como el roble, el carpe y el haya. Cumplen las normas medioambientales y contribuyen a reducir las emisiones de partículas finas durante la combustión, preservando la calidad del aire que respira.</li>
	<li><em>Origen: Bélgica | Certificación: NF leña | Clase – grupo: H1 – G1 | Humedad (en el corazón, en bruto): ≤ 20 % | Uso: inmediato | PCI en bruto</em> : ≥ 3,9 kWh/kg*</li>
</ul>
Disfrute ya de nuestra leña natural de alto rendimiento para una experiencia de calefacción óptima. Haga su pedido hoy y benefíciese de la entrega a domicilio: nuestro transportista se pondrá en contacto con usted para fijar la fecha de entrega. Elija nuestros troncos de leña seca de 30 cm y convierta su hogar en una fuente de calor confortable y ecológica.

<em>El poder calorífico inferior (PCI) corresponde a la cantidad de calor en kWh liberada por la combustión de 1 kg de madera, menos el calor latente de vaporización del agua contenida en los humos.</em></div>
</div>
</div>
<div class=""flex justify-between lg:block""></div>
</div>
</div>
</div>
</div>
</div>
</div>
</div>"
283,simple,WH-4470,"Holzscheite (Eiche), trocken, 50 cm (2 Ster)",1,120,,Brennholz,"Entdecken Sie unsere trockenen 50-cm-Scheite, NF-zertifiziert und aus Belgien. Mit einer Restfeuchte unter 20 % sind sie sofort verwendbar und bieten optimale Energieleistung. Bestellen Sie jetzt und profitieren Sie von einer praktischen und zuverlässigen Lieferung nach Hause.

Verpackung: 1 Palette = 2 Ster (Schüttvolumen), Gewicht 621 kg pro Palette.","<h3>Die Vorteile von Hochleistungs-Brennholzscheiten</h3>
Suchen Sie hochwertiges, trockenes Brennholz für Ihre Heizung? Unsere trockenen 50-cm-Scheite sind die ideale Lösung. Aus edlen Holzarten – Eiche, Hainbuche und Buche – hergestellt, sind sie NF-zertifiziert und stammen aus zuverlässigen belgischen Quellen.

Eigenschaften der trockenen 50-cm-Brennholzscheite:
<ul>
	<li>Herkunft: Belgien</li>
	<li>Zertifizierung: NF Bois de Chauffage</li>
	<li>Klasse – Gruppe: H1 – G1</li>
	<li>Restfeuchte (im Kern, Rohzustand): ≤ 20 %</li>
	<li>Verwendung: sofort</li>
	<li>Heizwert (Hu) im Rohzustand*: ≥ 3,9 kWh/kg</li>
	<li>Typ: Laub-Hartholz</li>
	<li>Holzarten: Eiche – Hainbuche – Buche</li>
	<li>Anzündverhalten: schnelles Anzünden und sofortige Wärme</li>
	<li>Verbrennung: garantierter Wirkungsgrad des Geräts</li>
	<li>Aschegehalt: ≤ 1,5 %</li>
	<li>Verpackung: Länge 50 cm (± 2 cm), Querschnitt: 8 cm ≤ 90 % Vol. ≤ 14 cm, 1 Palette = 1 Bündel, 1 Bündel = 2000 dm³ (Schüttvolumen), Palettenmasse = 100 × 120 × H 185, Gewicht 621 kg pro Palette (50 cm)</li>
</ul>",oak,50,rm,2,,,Buches de bois (Chêne) sec 50cm (2 stères),"Découvrez nos bûches de bois sec de 50 cm, certifiées NF Bois de Chauffage et d’origine Belge. Avec un taux d’humidité inférieur à 20%, ces bûches garantissent une utilisation immédiate et une performance énergétique optimale. Commandez dès maintenant et profitez d’une livraison à domicile pratique et fiable.\n\nConditionnement: 1 palette = 2 stères (volume bois vrac), Poids de 621 KG par palette.","<h3>Les avantages des bûches de bois haute performance énergétique</h3>
Êtes-vous à la recherche d’un bois de chauffage sec de qualité supérieure pour optimiser votre système de chauffage ? Nos bûches de bois de chauffage sec de 50 cm sont la solution idéale. Fabriquées à partir d’essences nobles de chêne, de charme et de hêtre, ces bûches sont certifiées NF Bois de Chauffage et proviennent de sources Belge fiables.

Caractéristiques des bûches de bois de chauffage sec 50 cm :
<ul>
	<li>Origine : Belgique</li>
	<li>Certification : NF Bois de Chauffage</li>
	<li>Classe – Groupe : Groupe H1 – G1</li>
	<li>Taux d’humidité (à cœur sur brut) : ≤ 20%</li>
	<li>Utilisation : Immédiate</li>
	<li>Pouvoir Calorifique Inférieur (PCI) sur brut* : ≥ 3,9 kWh.kg-1</li>
	<li>Type : Feuillus durs</li>
	<li>Essences : Chêne – Charme – Hêtre</li>
	<li>Comportement à l’allumage : Allumage rapide et chaleur immédiate</li>
	<li>Performance de combustion : Garantie du rendement de l’appareil</li>
	<li>Taux de cendre : ≤ 1,5%</li>
	<li>Conditionnement : Longueur 50 cm (± 2 cm), Section : 8 cm ≤ 90% Vol. ≤ 14 cm, 1 palette = 1 Ballot, 1 Ballot = 2000 dm3 (volume bois vrac), Dimensions palette = 100 x 120 x H 185, Poids de 621 KG par palette (50 cm)</li>
</ul>","Logs (oak), dry, 50 cm (2 steres)","Discover our 50 cm dry logs, NF certified and of Belgian origin. With a moisture content below 20%, these logs are ready to use straight away and deliver optimal energy performance. Order now and enjoy convenient, reliable home delivery.

Packaging: 1 pallet = 2 steres (loose volume), weight 621 kg per pallet.","<h3>The advantages of high-energy-performance logs</h3>
Looking for premium dry firewood to get the most from your heating system? Our 50 cm dry firewood logs are the ideal solution. Made from noble species – oak, hornbeam and beech – they are NF certified and come from reliable Belgian sources.

Features of our 50 cm dry firewood logs:
<ul>
	<li>Origin: Belgium</li>
	<li>Certification: NF firewood</li>
	<li>Class – group: H1 – G1</li>
	<li>Moisture (core, as received): ≤ 20%</li>
	<li>Use: immediate</li>
	<li>Net calorific value as received*: ≥ 3.9 kWh/kg</li>
	<li>Type: broadleaf hardwood</li>
	<li>Species: oak – hornbeam – beech</li>
	<li>Lighting: quick to light, instant heat</li>
	<li>Combustion: appliance efficiency guaranteed</li>
	<li>Ash content: ≤ 1.5%</li>
	<li>Packaging: length 50 cm (± 2 cm), cross-section: 8 cm ≤ 90% vol. ≤ 14 cm, 1 pallet = 1 bale, 1 bale = 2,000 dm³ (loose volume), pallet dimensions = 100 × 120 × H 185, weight 621 kg per pallet (50 cm)</li>
</ul>","Troncos de leña (roble), seca, 50 cm (2 estéreos)","Descubra nuestros troncos de leña seca de 50 cm, con certificación NF y de origen belga. Con una humedad inferior al 20 %, garantizan un uso inmediato y un rendimiento energético óptimo. Haga su pedido ahora y disfrute de una entrega a domicilio práctica y fiable.

Embalaje: 1 palé = 2 estéreos (volumen a granel), peso de 621 kg por palé.","<h3>Las ventajas de los troncos de leña de alto rendimiento energético</h3>
¿Busca una leña seca de calidad superior para optimizar su sistema de calefacción? Nuestros troncos de leña seca de 50 cm son la solución ideal. Fabricados con maderas nobles de roble, carpe y haya, cuentan con certificación NF y proceden de fuentes belgas fiables.

Características de los troncos de leña seca de 50 cm:
<ul>
	<li>Origen: Bélgica</li>
	<li>Certificación: NF leña</li>
	<li>Clase – grupo: H1 – G1</li>
	<li>Humedad (en el corazón, en bruto): ≤ 20 %</li>
	<li>Uso: inmediato</li>
	<li>Poder calorífico inferior (PCI) en bruto*: ≥ 3,9 kWh/kg</li>
	<li>Tipo: frondosas duras</li>
	<li>Especies: roble – carpe – haya</li>
	<li>Encendido: rápido y con calor inmediato</li>
	<li>Rendimiento de combustión: rendimiento del aparato garantizado</li>
	<li>Contenido de cenizas: ≤ 1,5 %</li>
	<li>Embalaje: longitud 50 cm (± 2 cm), sección: 8 cm ≤ 90 % vol. ≤ 14 cm, 1 palé = 1 fardo, 1 fardo = 2000 dm³ (volumen a granel), dimensiones del palé = 100 × 120 × A 185, peso de 621 kg por palé (50 cm)</li>
</ul>"
284,simple,WH-4471,"Holzscheite (Mischung Buche/Eiche), trocken, 40 cm (2 Ster)",1,140,,Brennholz,"Unsere trockenen Hochleistungs-Scheite mit 40 cm bieten Ihnen dank garantierter Qualität ein optimales Heizerlebnis. Aus edlen Holzarten – Eiche, Hainbuche und Buche – hergestellt und garantiert trocken mit weniger als 20 % Restfeuchte, liefern sie eine überlegene Energieleistung.

Verpackung: 1 Palette = 2 Ster (Schüttvolumen), Gewicht 621 kg pro Palette.","<div class=""accordion-inner"" id=""accordion-description-content"" aria-labelledby=""accordion-description-label"">
<div class=""flex-1 overflow-hidden"">
<div class=""react-scroll-to-bottom--css-nwgjt-79elbk h-full dark:bg-gray-800"">
<div class=""react-scroll-to-bottom--css-nwgjt-1n7m0yu"">
<div class=""flex flex-col text-sm dark:bg-gray-800"">
<div class=""group w-full text-gray-800 dark:text-gray-100 border-b border-black/10 dark:border-gray-900/50 bg-gray-50 dark:bg-[#444654]"">
<div class=""flex p-4 gap-4 text-base md:gap-6 md:max-w-2xl lg:max-w-[38rem] xl:max-w-3xl md:py-6 lg:px-0 m-auto"">
<div class=""relative flex w-[calc(100%-50px)] flex-col gap-1 md:gap-3 lg:w-[calc(100%-115px)]"">
<div class=""flex flex-grow flex-col gap-3"">
<div class=""min-h-[20px] flex flex-col items-start gap-4 whitespace-pre-wrap break-words"">
<div class=""markdown prose w-full break-words dark:prose-invert light"">
<h2>Eigenschaften der trockenen 40-cm-Scheite</h2>
<ul>
	<li><strong>Herkunft:</strong> Belgien</li>
	<li><strong>Zertifizierung:</strong> NF Bois de Chauffage</li>
	<li><strong>Klasse – Gruppe:</strong> H1 – G1</li>
	<li><strong>Restfeuchte (im Kern, Rohzustand):</strong> ≤ 20%</li>
	<li><strong>Verwendung:</strong> sofort</li>
	<li><em>Heizwert (Hu) im Rohzustand:</em>* ≥ 3,9 kWh/kg</li>
</ul>
<h2>Weitere Informationen</h2>
<ul>
	<li><strong>Typ:</strong> Laub-Hartholz</li>
	<li><strong>Holzarten:</strong> Eiche, Hainbuche, Buche</li>
	<li><strong>Anzündverhalten:</strong> schnelles Anzünden und sofortige Wärme</li>
	<li><strong>Verbrennung:</strong> garantierter Wirkungsgrad des Geräts</li>
	<li><strong>Aschegehalt:</strong> ≤ 1,5%</li>
</ul>
<h2>Verpackung</h2>
<ul>
	<li><strong>Länge:</strong> 40 cm (± 2 cm)</li>
	<li><strong>Querschnitt:</strong> 8 cm ≤ 90 % Vol. ≤ 14 cm</li>
	<li><strong>1 Palette = 1 Bündel</strong></li>
	<li><strong>1 Bündel = 2000 dm³ (Schüttvolumen)</strong></li>
	<li><strong>Palettenmasse:</strong> 100 x 120 x H 185</li>
	<li><strong>Palettengewicht:</strong> 621 kg (40 cm)</li>
</ul>
<em>Der Heizwert (Hu) entspricht der Wärmemenge in kWh, die beim Verbrennen von 1 kg Holz frei wird, abzüglich der Verdampfungswärme des im Rauchgas enthaltenen Wassers.</em>
<h2>Vorteile der 40-cm-Hochleistungs-Brennholzscheite</h2>
<h3>Vielseitig</h3>
Unsere 40-cm-Scheite eignen sich für alle Arten von Heiz- und Kochgeräten, zum Beispiel:
<ul>
	<li>Öfen</li>
	<li>Geschlossene Feuerstellen</li>
	<li>Kamineinsätze</li>
	<li>Holzherde</li>
	<li>Heizkessel</li>
	<li>Holzbacköfen und offene Kamine</li>
</ul>
<h3>100 % edle Holzarten</h3>
Unsere Brennholzscheite gehören zur Kategorie H1/G1 und sind NF-zertifiziert. Sie bestehen aus edlen, sehr trockenen (technisch getrockneten) Holzarten – Eiche, Hainbuche und Buche – und garantieren so ein natürliches Holz in Spitzenqualität.
<h3>Sauber</h3>
Unsere Premium-Scheite werden vor dem Verkauf sorgfältig entrindet, entstaubt und in der Entrindungstrommel gebürstet. Auf ihre Sauberkeit können Sie sich verlassen.
<div class=""group w-full text-gray-800 dark:text-gray-100 border-b border-black/10 dark:border-gray-900/50 bg-gray-50 dark:bg-[#444654]"">
<div class=""flex p-4 gap-4 text-base md:gap-6 md:max-w-2xl lg:max-w-[38rem] xl:max-w-3xl md:py-6 lg:px-0 m-auto"">
<div class=""relative flex w-[calc(100%-50px)] flex-col gap-1 md:gap-3 lg:w-[calc(100%-115px)]"">
<div class=""flex flex-grow flex-col gap-3"">
<div class=""min-h-[20px] flex flex-col items-start gap-4 whitespace-pre-wrap break-words"">
<div class=""markdown prose w-full break-words dark:prose-invert light"">
<h3>Sparsam</h3>
Mit unseren trockenen Scheiten sparen Sie deutlich: Im Vergleich zu herkömmlichem Brennholz mit 35 % Restfeuchte senken sie Ihren Holzverbrauch um 30 % (Volumen). Trockene Scheite sind die rentablere Art zu heizen.
<h3>Praktisch</h3>
Unsere trockenen Scheite sind in kleine Stücke geschnitten, zu 100 % gespalten und getrocknet – sofort einsatzbereit. Monatelanges Lagern entfällt. Mit unserem Scheitholz-Bündel haben Sie einen verpackten Holzvorrat – maximal praktisch und einfach zu lagern.

Wählen Sie die Menge, die zu Ihrem Bedarf passt: 1 Palette (1,5 Ster), 2 Paletten (3 Ster) oder 3 Paletten (4,5 Ster).

Profitieren Sie jetzt von der Effizienz, Sparsamkeit und dem Komfort unserer trockenen Hochleistungs-Scheite!</div>
</div>
</div>
</div>
</div>
</div>
</div>
</div>
</div>
</div>
</div>
</div>
</div>
</div>
</div>
</div>
</div>",mixed,40,rm,2,,,"Buches de Bois (Mélange Hêtre, Chêne) Sec 40 cm (2 stères)","Les bûches de bois sec 40 cm Haute Performance Brugs-stere.be vous offrent une expérience de chauffage optimale grâce à leur garantie de qualité. Fabriquées à partir d’essences nobles de chêne, de charme et de hêtre, ces bûches garanties sèches avec moins de 20% d’humidité vous assurent une performance énergétique supérieure.\n\nConditionnement: 1 palette = 2 stères (volume bois vrac), Poids de 621 KG par palette.\n<div>\n<div class=""delivery_not_available""></div>\n</div>","<div class=""accordion-inner"" id=""accordion-description-content"" aria-labelledby=""accordion-description-label"">
<div class=""flex-1 overflow-hidden"">
<div class=""react-scroll-to-bottom--css-nwgjt-79elbk h-full dark:bg-gray-800"">
<div class=""react-scroll-to-bottom--css-nwgjt-1n7m0yu"">
<div class=""flex flex-col text-sm dark:bg-gray-800"">
<div class=""group w-full text-gray-800 dark:text-gray-100 border-b border-black/10 dark:border-gray-900/50 bg-gray-50 dark:bg-[#444654]"">
<div class=""flex p-4 gap-4 text-base md:gap-6 md:max-w-2xl lg:max-w-[38rem] xl:max-w-3xl md:py-6 lg:px-0 m-auto"">
<div class=""relative flex w-[calc(100%-50px)] flex-col gap-1 md:gap-3 lg:w-[calc(100%-115px)]"">
<div class=""flex flex-grow flex-col gap-3"">
<div class=""min-h-[20px] flex flex-col items-start gap-4 whitespace-pre-wrap break-words"">
<div class=""markdown prose w-full break-words dark:prose-invert light"">
<h2>Caractéristiques des buches de bois sec 40 cm</h2>
<ul>
	<li><strong>Origine :</strong> Belgique</li>
	<li><strong>Certification :</strong> NF Bois de Chauffage</li>
	<li><strong>Classe – Groupe :</strong> Groupe H1 – G1</li>
	<li><strong>Taux d’humidité (à cœur sur brut) :</strong> ≤ 20%</li>
	<li><strong>Utilisation :</strong> Immédiate</li>
	<li><em>PCI sur brut :</em>* ≥ 3,9 kWh.kg-1</li>
</ul>
<h2>Informations complémentaires</h2>
<ul>
	<li><strong>Type :</strong> Feuillus durs</li>
	<li><strong>Essences :</strong> Chêne, Charme, Hêtre</li>
	<li><strong>Comportement à l’allumage :</strong> Allumage rapide et chaleur immédiate</li>
	<li><strong>Performance de combustion :</strong> Garantie du rendement de l’appareil</li>
	<li><strong>Taux de cendre :</strong> ≤ 1,5%</li>
</ul>
<h2>Conditionnement</h2>
<ul>
	<li><strong>Longueur :</strong> 40 cm (± 2 cm)</li>
	<li><strong>Section :</strong> 8 cm ≤ 90% Vol. ≤ 14 cm</li>
	<li><strong>1 palette = 1 Ballot</strong></li>
	<li><strong>1 Ballot = 2000 dm3 (volume bois vrac)</strong></li>
	<li><strong>Dimensions palette :</strong> 100 x 120 x H 185</li>
	<li><strong>Poids de la palette :</strong> 621 kg (40 cm)</li>
</ul>
<em>Le Pouvoir Calorifique Inférieur correspond à la quantité de chaleur en kW/h dégagée par la combustion de 1 kg de bois moins la chaleur latente de vaporisation de l’eau contenue dans les fumées.</em>
<h2>Avantages des Buches de Bois 40 cm Haute Performance Énergétique</h2>
<h3>Polyvalentes</h3>
Nos bûches de bois 40 cm sont idéales pour une utilisation avec tous types d’appareils de chauffage ou de cuisine, tels que :
<ul>
	<li>Les poêles</li>
	<li>Les foyers fermés</li>
	<li>Les inserts</li>
	<li>Les cuisinières</li>
	<li>Les chaudières</li>
	<li>Les fours à bois et les foyers ouverts</li>
</ul>
<h3>100% Bois Nobles</h3>
Nos bûches de bois de chauffage appartiennent à la catégorie H1/G1 et sont certifiées NF. Elles sont fabriquées à partir d’essences nobles de chêne, de charme et de hêtre très secs (étuvés), garantissant ainsi un bois naturel de qualité supérieure.
<h3>Propres</h3>
Nos bûches de bois premium sont soigneusement écorcées, dépoussiérées et brossées en tambour écorceur avant leur commercialisation. Vous pouvez compter sur leur propreté
<div class=""group w-full text-gray-800 dark:text-gray-100 border-b border-black/10 dark:border-gray-900/50 bg-gray-50 dark:bg-[#444654]"">
<div class=""flex p-4 gap-4 text-base md:gap-6 md:max-w-2xl lg:max-w-[38rem] xl:max-w-3xl md:py-6 lg:px-0 m-auto"">
<div class=""relative flex w-[calc(100%-50px)] flex-col gap-1 md:gap-3 lg:w-[calc(100%-115px)]"">
<div class=""flex flex-grow flex-col gap-3"">
<div class=""min-h-[20px] flex flex-col items-start gap-4 whitespace-pre-wrap break-words"">
<div class=""markdown prose w-full break-words dark:prose-invert light"">
<h3>Economiques</h3>
nos bûches de bois sec Bois Facile vous permettent de réaliser des économies significatives. Comparées au bois de chauffage traditionnel avec un taux d’humidité de 35%, elles réduisent votre consommation de bois de 30% en volume. Opter pour nos bûches de bois sec, c’est choisir une solution plus rentable pour se chauffer.
<h3>Pratiques</h3>
nos bûches de bois sec sont coupées en petites sections, 100% fendues et séchées, prêtes à être utilisées. Vous n’avez plus besoin de les stocker pendant des mois. Grâce à notre ballot de bois bûche Bois Facile, vous disposez d’une réserve de bûches emballées, offrant une praticité et une facilité de stockage optimales.

N’hésitez pas à choisir la quantité qui correspond à vos besoins : 1 Palette (1,5 stères), 2 Palettes (3 stères), ou 3 Palettes (4,5 stères).

Profitez dès maintenant de l’efficacité, de l’économie et de la praticité de nos bûches de bois sec à haute performance énergétique !</div>
</div>
</div>
</div>
</div>
</div>
</div>
</div>
</div>
</div>
</div>
</div>
</div>
</div>
</div>
</div>
</div>","Logs (beech/oak mix), dry, 40 cm (2 steres)","Our 40 cm high-performance dry logs give you an optimal heating experience thanks to their guaranteed quality. Made from noble species – oak, hornbeam and beech – and guaranteed dry with less than 20% moisture, these logs deliver superior energy performance.

Packaging: 1 pallet = 2 steres (loose volume), weight 621 kg per pallet.","<div class=""accordion-inner"" id=""accordion-description-content"" aria-labelledby=""accordion-description-label"">
<div class=""flex-1 overflow-hidden"">
<div class=""react-scroll-to-bottom--css-nwgjt-79elbk h-full dark:bg-gray-800"">
<div class=""react-scroll-to-bottom--css-nwgjt-1n7m0yu"">
<div class=""flex flex-col text-sm dark:bg-gray-800"">
<div class=""group w-full text-gray-800 dark:text-gray-100 border-b border-black/10 dark:border-gray-900/50 bg-gray-50 dark:bg-[#444654]"">
<div class=""flex p-4 gap-4 text-base md:gap-6 md:max-w-2xl lg:max-w-[38rem] xl:max-w-3xl md:py-6 lg:px-0 m-auto"">
<div class=""relative flex w-[calc(100%-50px)] flex-col gap-1 md:gap-3 lg:w-[calc(100%-115px)]"">
<div class=""flex flex-grow flex-col gap-3"">
<div class=""min-h-[20px] flex flex-col items-start gap-4 whitespace-pre-wrap break-words"">
<div class=""markdown prose w-full break-words dark:prose-invert light"">
<h2>Features of 40 cm dry logs</h2>
<ul>
	<li><strong>Origin:</strong> Belgium</li>
	<li><strong>Certification:</strong> NF firewood</li>
	<li><strong>Class – group:</strong> H1 – G1</li>
	<li><strong>Moisture (core, as received):</strong> ≤ 20%</li>
	<li><strong>Use:</strong> Immediate</li>
	<li><em>Net calorific value as received:</em>* ≥ 3.9 kWh/kg</li>
</ul>
<h2>Additional information</h2>
<ul>
	<li><strong>Type:</strong> Broadleaf hardwood</li>
	<li><strong>Species:</strong> Oak, hornbeam, beech</li>
	<li><strong>Lighting:</strong> Quick to light, instant heat</li>
	<li><strong>Combustion:</strong> Appliance efficiency guaranteed</li>
	<li><strong>Ash content:</strong> ≤ 1,5%</li>
</ul>
<h2>Packaging</h2>
<ul>
	<li><strong>Length:</strong> 40 cm (± 2 cm)</li>
	<li><strong>Cross-section:</strong> 8 cm ≤ 90% vol. ≤ 14 cm</li>
	<li><strong>1 pallet = 1 bale</strong></li>
	<li><strong>1 bale = 2,000 dm³ (loose volume)</strong></li>
	<li><strong>Pallet dimensions:</strong> 100 x 120 x H 185</li>
	<li><strong>Pallet weight:</strong> 621 kg (40 cm)</li>
</ul>
<em>The net calorific value is the amount of heat in kWh released by burning 1 kg of wood, minus the latent heat of vaporisation of the water in the flue gases.</em>
<h2>Advantages of high-energy-performance 40 cm logs</h2>
<h3>Versatile</h3>
Our 40 cm logs are ideal for use with all types of heating or cooking appliances, such as:
<ul>
	<li>Stoves</li>
	<li>Closed hearths</li>
	<li>Inserts</li>
	<li>Range cookers</li>
	<li>Boilers</li>
	<li>Wood-fired ovens and open fires</li>
</ul>
<h3>100% noble woods</h3>
Our firewood logs belong to category H1/G1 and are NF certified. They are made from very dry (kiln-dried) noble species – oak, hornbeam and beech – guaranteeing a natural wood of superior quality.
<h3>Clean</h3>
Our premium logs are carefully debarked, dedusted and brushed in a debarking drum before sale. You can count on their cleanliness.
<div class=""group w-full text-gray-800 dark:text-gray-100 border-b border-black/10 dark:border-gray-900/50 bg-gray-50 dark:bg-[#444654]"">
<div class=""flex p-4 gap-4 text-base md:gap-6 md:max-w-2xl lg:max-w-[38rem] xl:max-w-3xl md:py-6 lg:px-0 m-auto"">
<div class=""relative flex w-[calc(100%-50px)] flex-col gap-1 md:gap-3 lg:w-[calc(100%-115px)]"">
<div class=""flex flex-grow flex-col gap-3"">
<div class=""min-h-[20px] flex flex-col items-start gap-4 whitespace-pre-wrap break-words"">
<div class=""markdown prose w-full break-words dark:prose-invert light"">
<h3>Economical</h3>
Our dry logs let you make significant savings. Compared with traditional firewood at 35% moisture, they cut your wood consumption by 30% by volume. Choosing our dry logs is a more cost-effective way to heat.
<h3>Practical</h3>
Our dry logs are cut into small sections, 100% split and dried, ready to use. You no longer need to store them for months. With our bale of log wood you have a packed reserve of logs, offering optimal convenience and easy storage.

Choose the quantity that suits your needs: 1 pallet (1.5 steres), 2 pallets (3 steres) or 3 pallets (4.5 steres).

Enjoy the efficiency, savings and convenience of our high-energy-performance dry logs now!</div>
</div>
</div>
</div>
</div>
</div>
</div>
</div>
</div>
</div>
</div>
</div>
</div>
</div>
</div>
</div>
</div>","Troncos de leña (mezcla haya/roble), seca, 40 cm (2 estéreos)","Nuestros troncos de leña seca de alto rendimiento de 40 cm le ofrecen una experiencia de calefacción óptima gracias a su calidad garantizada. Fabricados con maderas nobles de roble, carpe y haya, y garantizados secos con menos del 20 % de humedad, le aseguran un rendimiento energético superior.

Embalaje: 1 palé = 2 estéreos (volumen a granel), peso de 621 kg por palé.","<div class=""accordion-inner"" id=""accordion-description-content"" aria-labelledby=""accordion-description-label"">
<div class=""flex-1 overflow-hidden"">
<div class=""react-scroll-to-bottom--css-nwgjt-79elbk h-full dark:bg-gray-800"">
<div class=""react-scroll-to-bottom--css-nwgjt-1n7m0yu"">
<div class=""flex flex-col text-sm dark:bg-gray-800"">
<div class=""group w-full text-gray-800 dark:text-gray-100 border-b border-black/10 dark:border-gray-900/50 bg-gray-50 dark:bg-[#444654]"">
<div class=""flex p-4 gap-4 text-base md:gap-6 md:max-w-2xl lg:max-w-[38rem] xl:max-w-3xl md:py-6 lg:px-0 m-auto"">
<div class=""relative flex w-[calc(100%-50px)] flex-col gap-1 md:gap-3 lg:w-[calc(100%-115px)]"">
<div class=""flex flex-grow flex-col gap-3"">
<div class=""min-h-[20px] flex flex-col items-start gap-4 whitespace-pre-wrap break-words"">
<div class=""markdown prose w-full break-words dark:prose-invert light"">
<h2>Características de los troncos de leña seca de 40 cm</h2>
<ul>
	<li><strong>Origen:</strong> Bélgica</li>
	<li><strong>Certificación:</strong> NF leña</li>
	<li><strong>Clase – grupo:</strong> H1 – G1</li>
	<li><strong>Humedad (en el corazón, en bruto):</strong> ≤ 20%</li>
	<li><strong>Uso:</strong> Inmediato</li>
	<li><em>PCI en bruto:</em>* ≥ 3,9 kWh/kg</li>
</ul>
<h2>Información adicional</h2>
<ul>
	<li><strong>Tipo:</strong> Frondosas duras</li>
	<li><strong>Especies:</strong> Roble, carpe, haya</li>
	<li><strong>Comportamiento en el encendido:</strong> Encendido rápido y calor inmediato</li>
	<li><strong>Rendimiento de combustión:</strong> Rendimiento del aparato garantizado</li>
	<li><strong>Contenido de cenizas:</strong> ≤ 1,5%</li>
</ul>
<h2>Embalaje</h2>
<ul>
	<li><strong>Longitud:</strong> 40 cm (± 2 cm)</li>
	<li><strong>Sección:</strong> 8 cm ≤ 90 % vol. ≤ 14 cm</li>
	<li><strong>1 palé = 1 fardo</strong></li>
	<li><strong>1 fardo = 2000 dm³ (volumen a granel)</strong></li>
	<li><strong>Dimensiones del palé:</strong> 100 x 120 x H 185</li>
	<li><strong>Peso del palé:</strong> 621 kg (40 cm)</li>
</ul>
<em>El poder calorífico inferior corresponde a la cantidad de calor en kWh liberada por la combustión de 1 kg de madera, menos el calor latente de vaporización del agua contenida en los humos.</em>
<h2>Ventajas de los troncos de leña de 40 cm de alto rendimiento energético</h2>
<h3>Versátiles</h3>
Nuestros troncos de 40 cm son ideales para todo tipo de aparatos de calefacción o cocina, como:
<ul>
	<li>Estufas</li>
	<li>Hogares cerrados</li>
	<li>Inserts</li>
	<li>Cocinas de leña</li>
	<li>Calderas</li>
	<li>Hornos de leña y hogares abiertos</li>
</ul>
<h3>100 % maderas nobles</h3>
Nuestros troncos de leña pertenecen a la categoría H1/G1 y cuentan con certificación NF. Se fabrican con maderas nobles muy secas (secadas en estufa) de roble, carpe y haya, lo que garantiza una madera natural de calidad superior.
<h3>Limpios</h3>
Nuestros troncos premium se descortezan, desempolvan y cepillan cuidadosamente en un tambor descortezador antes de su venta. Puede contar con su limpieza.
<div class=""group w-full text-gray-800 dark:text-gray-100 border-b border-black/10 dark:border-gray-900/50 bg-gray-50 dark:bg-[#444654]"">
<div class=""flex p-4 gap-4 text-base md:gap-6 md:max-w-2xl lg:max-w-[38rem] xl:max-w-3xl md:py-6 lg:px-0 m-auto"">
<div class=""relative flex w-[calc(100%-50px)] flex-col gap-1 md:gap-3 lg:w-[calc(100%-115px)]"">
<div class=""flex flex-grow flex-col gap-3"">
<div class=""min-h-[20px] flex flex-col items-start gap-4 whitespace-pre-wrap break-words"">
<div class=""markdown prose w-full break-words dark:prose-invert light"">
<h3>Económicos</h3>
Nuestros troncos de leña seca le permiten ahorrar de forma significativa. Comparados con la leña tradicional con un 35 % de humedad, reducen su consumo de leña un 30 % en volumen. Optar por nuestros troncos secos es elegir una forma más rentable de calentarse.
<h3>Prácticos</h3>
Nuestros troncos de leña seca están cortados en secciones pequeñas, 100 % partidos y secos, listos para usar. Ya no necesita almacenarlos durante meses. Con nuestro fardo de leña dispone de una reserva de troncos embalados, con la máxima comodidad y facilidad de almacenamiento.

Elija la cantidad que corresponda a sus necesidades: 1 palé (1,5 estéreos), 2 palés (3 estéreos) o 3 palés (4,5 estéreos).

¡Aproveche ya la eficacia, el ahorro y la comodidad de nuestros troncos de leña seca de alto rendimiento energético!</div>
</div>
</div>
</div>
</div>
</div>
</div>
</div>
</div>
</div>
</div>
</div>
</div>
</div>
</div>
</div>
</div>"
285,simple,WH-4472,"Brennholz (Eiche) 30 cm – 1,7 Ster",1,110,,Brennholz,Nettogewicht des Produkts (kg) 600 Produktname Brennholz Verpacktes Produkt: Höhe (cm) 110 Verpacktes Produkt: Breite (cm) 100 Verpacktes Produkt: Tiefe (cm) 120 Verpacktes Produkt: Gewicht (kg) 600,"<table class=""o-product-features"" role=""presentation"" data-cerberus=""TABLE_AttributesProduct"">
<tbody>
<tr class=""m-product-attr-row"">
<th class=""m-product-attr-row__name"" scope=""row""></th>
<td class=""m-product-attr-row__value""></td>
</tr>
<tr class=""m-product-attr-row"">
<th class=""m-product-attr-row__name"" scope=""row"">&nbsp;</th>
<td class=""m-product-attr-row__value""></td>
</tr>
<tr class=""m-product-attr-row"">
<th class=""m-product-attr-row__name"" scope=""row"">Nettogewicht des Produkts (kg)</th>
<td class=""m-product-attr-row__value"">600</td>
</tr>
<tr class=""m-product-attr-row"">
<th class=""m-product-attr-row__name"" scope=""row"">Produktname</th>
<td class=""m-product-attr-row__value"">Brennholz</td>
</tr>
<tr class=""m-product-attr-row"">
<th class=""m-product-attr-row__name"" scope=""row"">Verpacktes Produkt: Höhe (cm)</th>
<td class=""m-product-attr-row__value"">110</td>
</tr>
<tr class=""m-product-attr-row"">
<th class=""m-product-attr-row__name"" scope=""row"">Verpacktes Produkt: Breite (cm)</th>
<td class=""m-product-attr-row__value"">100</td>
</tr>
<tr class=""m-product-attr-row"">
<th class=""m-product-attr-row__name"" scope=""row"">Verpacktes Produkt: Tiefe (cm)</th>
<td class=""m-product-attr-row__value"">120</td>
</tr>
<tr class=""m-product-attr-row"">
<th class=""m-product-attr-row__name"" scope=""row"">Verpacktes Produkt: Gewicht (kg)</th>
<td class=""m-product-attr-row__value"">600</td>
</tr>
<tr class=""m-product-attr-row"">
<th class=""m-product-attr-row__name"" scope=""row""></th>
<td class=""m-product-attr-row__value""></td>
</tr>
</tbody>
</table>
<p class=""a-text-warranty""></p>",oak,30,rm,1.7,,,Bois de chauffage (Chêne) 30cm 1.7 stères,Poids du produit nu (en kg) 600 Nom du produit Bois de chauffage Produit emballé : hauteur (en cm) 110 Produit emballé : largeur (en cm) 100 Produit emballé : profondeur (en cm) 120 Produit emballé : poids (en kg) 600,"<table class=""o-product-features"" role=""presentation"" data-cerberus=""TABLE_AttributesProduct"">
<tbody>
<tr class=""m-product-attr-row"">
<th class=""m-product-attr-row__name"" scope=""row""></th>
<td class=""m-product-attr-row__value""></td>
</tr>
<tr class=""m-product-attr-row"">
<th class=""m-product-attr-row__name"" scope=""row"">&nbsp;</th>
<td class=""m-product-attr-row__value""></td>
</tr>
<tr class=""m-product-attr-row"">
<th class=""m-product-attr-row__name"" scope=""row"">Poids du produit nu (en kg)</th>
<td class=""m-product-attr-row__value"">600</td>
</tr>
<tr class=""m-product-attr-row"">
<th class=""m-product-attr-row__name"" scope=""row"">Nom du produit</th>
<td class=""m-product-attr-row__value"">Bois de chauffage</td>
</tr>
<tr class=""m-product-attr-row"">
<th class=""m-product-attr-row__name"" scope=""row"">Produit emballé : hauteur (en cm)</th>
<td class=""m-product-attr-row__value"">110</td>
</tr>
<tr class=""m-product-attr-row"">
<th class=""m-product-attr-row__name"" scope=""row"">Produit emballé : largeur (en cm)</th>
<td class=""m-product-attr-row__value"">100</td>
</tr>
<tr class=""m-product-attr-row"">
<th class=""m-product-attr-row__name"" scope=""row"">Produit emballé : profondeur (en cm)</th>
<td class=""m-product-attr-row__value"">120</td>
</tr>
<tr class=""m-product-attr-row"">
<th class=""m-product-attr-row__name"" scope=""row"">Produit emballé : poids (en kg)</th>
<td class=""m-product-attr-row__value"">600</td>
</tr>
<tr class=""m-product-attr-row"">
<th class=""m-product-attr-row__name"" scope=""row""></th>
<td class=""m-product-attr-row__value""></td>
</tr>
</tbody>
</table>
<p class=""a-text-warranty""></p>",Firewood (oak) 30 cm – 1.7 steres,Net product weight (kg) 600 Product name Firewood Packed product: height (cm) 110 Packed product: width (cm) 100 Packed product: depth (cm) 120 Packed product: weight (kg) 600,"<table class=""o-product-features"" role=""presentation"" data-cerberus=""TABLE_AttributesProduct"">
<tbody>
<tr class=""m-product-attr-row"">
<th class=""m-product-attr-row__name"" scope=""row""></th>
<td class=""m-product-attr-row__value""></td>
</tr>
<tr class=""m-product-attr-row"">
<th class=""m-product-attr-row__name"" scope=""row"">&nbsp;</th>
<td class=""m-product-attr-row__value""></td>
</tr>
<tr class=""m-product-attr-row"">
<th class=""m-product-attr-row__name"" scope=""row"">Net product weight (kg)</th>
<td class=""m-product-attr-row__value"">600</td>
</tr>
<tr class=""m-product-attr-row"">
<th class=""m-product-attr-row__name"" scope=""row"">Product name</th>
<td class=""m-product-attr-row__value"">Firewood</td>
</tr>
<tr class=""m-product-attr-row"">
<th class=""m-product-attr-row__name"" scope=""row"">Packed product: height (cm)</th>
<td class=""m-product-attr-row__value"">110</td>
</tr>
<tr class=""m-product-attr-row"">
<th class=""m-product-attr-row__name"" scope=""row"">Packed product: width (cm)</th>
<td class=""m-product-attr-row__value"">100</td>
</tr>
<tr class=""m-product-attr-row"">
<th class=""m-product-attr-row__name"" scope=""row"">Packed product: depth (cm)</th>
<td class=""m-product-attr-row__value"">120</td>
</tr>
<tr class=""m-product-attr-row"">
<th class=""m-product-attr-row__name"" scope=""row"">Packed product: weight (kg)</th>
<td class=""m-product-attr-row__value"">600</td>
</tr>
<tr class=""m-product-attr-row"">
<th class=""m-product-attr-row__name"" scope=""row""></th>
<td class=""m-product-attr-row__value""></td>
</tr>
</tbody>
</table>
<p class=""a-text-warranty""></p>","Leña (roble) 30 cm – 1,7 estéreos",Peso neto del producto (kg) 600 Nombre del producto Leña Producto embalado: altura (cm) 110 Producto embalado: anchura (cm) 100 Producto embalado: profundidad (cm) 120 Producto embalado: peso (kg) 600,"<table class=""o-product-features"" role=""presentation"" data-cerberus=""TABLE_AttributesProduct"">
<tbody>
<tr class=""m-product-attr-row"">
<th class=""m-product-attr-row__name"" scope=""row""></th>
<td class=""m-product-attr-row__value""></td>
</tr>
<tr class=""m-product-attr-row"">
<th class=""m-product-attr-row__name"" scope=""row"">&nbsp;</th>
<td class=""m-product-attr-row__value""></td>
</tr>
<tr class=""m-product-attr-row"">
<th class=""m-product-attr-row__name"" scope=""row"">Peso neto del producto (kg)</th>
<td class=""m-product-attr-row__value"">600</td>
</tr>
<tr class=""m-product-attr-row"">
<th class=""m-product-attr-row__name"" scope=""row"">Nombre del producto</th>
<td class=""m-product-attr-row__value"">Leña</td>
</tr>
<tr class=""m-product-attr-row"">
<th class=""m-product-attr-row__name"" scope=""row"">Producto embalado: altura (cm)</th>
<td class=""m-product-attr-row__value"">110</td>
</tr>
<tr class=""m-product-attr-row"">
<th class=""m-product-attr-row__name"" scope=""row"">Producto embalado: anchura (cm)</th>
<td class=""m-product-attr-row__value"">100</td>
</tr>
<tr class=""m-product-attr-row"">
<th class=""m-product-attr-row__name"" scope=""row"">Producto embalado: profundidad (cm)</th>
<td class=""m-product-attr-row__value"">120</td>
</tr>
<tr class=""m-product-attr-row"">
<th class=""m-product-attr-row__name"" scope=""row"">Producto embalado: peso (kg)</th>
<td class=""m-product-attr-row__value"">600</td>
</tr>
<tr class=""m-product-attr-row"">
<th class=""m-product-attr-row__name"" scope=""row""></th>
<td class=""m-product-attr-row__value""></td>
</tr>
</tbody>
</table>
<p class=""a-text-warranty""></p>"
286,simple,WH-4480,"Scheitholz (Mischung Buche/Eiche) extratrocken für Hochleistungsheizung, 33 cm – 1 Ster",1,70,,Brennholz,Extratrockenes Scheitholz für Hochleistungsheizung Dieses Brennholz aus Laub-Hartholz wird in einem industriellen Heissluft-Trockner bei 80 °C getrocknet.,"Extratrockenes Scheitholz für Hochleistungsheizung

Dieses Brennholz aus Laub-Hartholz wird in einem industriellen Heissluft-Trockner bei 80 °C getrocknet. Der Trocknungszyklus von 5 bis 10 Tagen bringt die Restfeuchte unter 18 % – ideal für sofortige Verwendung und eine effiziente Verbrennung.

Schnelles Anzünden und sofortige Wärme garantiert!

Die Scheite sind je nach Bedarf etwa 25, 33, 40 oder 50 cm lang. Aussehen und Grösse können von Scheit zu Scheit abweichen.",mixed,33,rm,1,kiln,18,"Bois bûches (Mélange Hêtre, Chêne) extra-sec pour chauffage haute performance 33 cm 1 Stères",Bois bûches extra-sec pour chauffage haute performance Ce bois de chauffage issu de feuillus durs est étuvé en séchoir industriel à air chaud à 80°C.,"Bois bûches extra-sec pour chauffage haute performance

Ce bois de chauffage issu de feuillus durs est étuvé en séchoir industriel à air chaud à 80°C. Le cycle de séchage de 5 à 10 jours permet d'atteindre un taux d'humidité inférieur à 18%, idéal pour une utilisation immédiate et une combustion performante.

Allumage rapide et chaleur immédiate garantie !

Les dimensions des bûches sont de 25, 33, 40 ou 50 cm environ, selon vos besoins. L'aspect visuel et la taille des bûches peut différer d'une bûche à l'autre.","Extra-dry log wood (beech/oak mix) for high-performance heating, 33 cm – 1 stere","Extra-dry log wood for high-performance heating This broadleaf hardwood firewood is dried in an industrial hot-air kiln at 80 °C. The 5- to 10-day drying cycle brings the moisture content below 18%, ideal for immediate use and efficient combustion.","Extra-dry log wood for high-performance heating

This broadleaf hardwood firewood is dried in an industrial hot-air kiln at 80 °C. The 5- to 10-day drying cycle brings the moisture content below 18%, ideal for immediate use and efficient combustion.

Quick lighting and instant heat guaranteed!

The logs are about 25, 33, 40 or 50 cm long, depending on your needs. The appearance and size may vary from log to log.","Leña en troncos (mezcla haya/roble) extraseca para calefacción de alto rendimiento, 33 cm – 1 estéreo",Leña en troncos extraseca para calefacción de alto rendimiento Esta leña de frondosas duras se seca en un secadero industrial de aire caliente a 80 °C.,"Leña en troncos extraseca para calefacción de alto rendimiento

Esta leña de frondosas duras se seca en un secadero industrial de aire caliente a 80 °C. El ciclo de secado de 5 a 10 días permite alcanzar una humedad inferior al 18 %, ideal para un uso inmediato y una combustión eficiente.

¡Encendido rápido y calor inmediato garantizados!

Los troncos miden aproximadamente 25, 33, 40 o 50 cm, según sus necesidades. El aspecto y el tamaño pueden variar de un tronco a otro."
287,simple,WH-4481,"Brennholz (Buche) 50 cm – 1,5 Ster",1,90,,Brennholz,"Kaufen Sie Ihr Brennholz nach und nach, je nach Verbrauch. Zusammensetzung: 90 % Hartholz. Holzart: Buche.","<div class=""o-product-detail-informations__description"">

Kaufen Sie Ihr Brennholz nach und nach, je nach Verbrauch. Zusammensetzung: 90 % Hartholz.

Holzart: Buche.

</div>
<table class=""o-product-features"" style=""height: 290px;"" role=""presentation"" width=""811"" data-cerberus=""TABLE_AttributesProduct""><caption class=""kl-hidden-accessibility"">Produkteigenschaften</caption>
<tbody>
<tr class=""m-product-attr-row"">
<th class=""m-product-attr-row__name"" scope=""row""></th>
<td class=""m-product-attr-row__value""></td>
</tr>
<tr class=""m-product-attr-row"">
<th class=""m-product-attr-row__name"" scope=""row"">Gebrauchsfertiger Brennstoff</th>
<td class=""m-product-attr-row__value"">Ja</td>
</tr>
<tr class=""m-product-attr-row"">
<th class=""m-product-attr-row__name"" scope=""row""></th>
<td class=""m-product-attr-row__value""></td>
</tr>
<tr class=""m-product-attr-row"">
<th class=""m-product-attr-row__name"" scope=""row"">Produktname</th>
<td class=""m-product-attr-row__value"">Brennholz</td>
</tr>
<tr class=""m-product-attr-row"">
<th class=""m-product-attr-row__name"" scope=""row"">Verpacktes Produkt: Höhe (cm)</th>
<td class=""m-product-attr-row__value"">110</td>
</tr>
<tr class=""m-product-attr-row"">
<th class=""m-product-attr-row__name"" scope=""row"">Verpacktes Produkt: Breite (cm)</th>
<td class=""m-product-attr-row__value"">100</td>
</tr>
<tr class=""m-product-attr-row"">
<th class=""m-product-attr-row__name"" scope=""row"">Verpacktes Produkt: Tiefe (cm)</th>
<td class=""m-product-attr-row__value"">120</td>
</tr>
<tr class=""m-product-attr-row"">
<th class=""m-product-attr-row__name"" scope=""row"">Verpacktes Produkt: Gewicht (kg)</th>
<td class=""m-product-attr-row__value"">500</td>
</tr>
<tr class=""m-product-attr-row"">
<th class=""m-product-attr-row__name"" scope=""row"">Entsorgungshinweis (Triman)</th>
<td class=""m-product-attr-row__value"">Für unsere Produkte und Verpackungen können Trennvorschriften gelten.</td>
</tr>
</tbody>
</table>
<p class=""a-text-warranty""></p>",beech,50,rm,1.5,,,Bois de chauffage (Hêtre) 50 cm 1.5 stères,Acheter son bois de chauffage au fur et à mesure de sa consommation. Composition : 90% essences de bois dur. Essence du bois : hêtre.,"<div class=""o-product-detail-informations__description"">

Acheter son bois de chauffage au fur et à mesure de sa consommation. Composition : 90% essences de bois dur.

Essence du bois : hêtre.

</div>
<table class=""o-product-features"" style=""height: 290px;"" role=""presentation"" width=""811"" data-cerberus=""TABLE_AttributesProduct""><caption class=""kl-hidden-accessibility"">Tableau de caractéristiques du produit</caption>
<tbody>
<tr class=""m-product-attr-row"">
<th class=""m-product-attr-row__name"" scope=""row""></th>
<td class=""m-product-attr-row__value""></td>
</tr>
<tr class=""m-product-attr-row"">
<th class=""m-product-attr-row__name"" scope=""row"">Combustible prêt à l'emploi</th>
<td class=""m-product-attr-row__value"">Oui</td>
</tr>
<tr class=""m-product-attr-row"">
<th class=""m-product-attr-row__name"" scope=""row""></th>
<td class=""m-product-attr-row__value""></td>
</tr>
<tr class=""m-product-attr-row"">
<th class=""m-product-attr-row__name"" scope=""row"">Nom du produit</th>
<td class=""m-product-attr-row__value"">Bois de chauffage</td>
</tr>
<tr class=""m-product-attr-row"">
<th class=""m-product-attr-row__name"" scope=""row"">Produit emballé : hauteur (en cm)</th>
<td class=""m-product-attr-row__value"">110</td>
</tr>
<tr class=""m-product-attr-row"">
<th class=""m-product-attr-row__name"" scope=""row"">Produit emballé : largeur (en cm)</th>
<td class=""m-product-attr-row__value"">100</td>
</tr>
<tr class=""m-product-attr-row"">
<th class=""m-product-attr-row__name"" scope=""row"">Produit emballé : profondeur (en cm)</th>
<td class=""m-product-attr-row__value"">120</td>
</tr>
<tr class=""m-product-attr-row"">
<th class=""m-product-attr-row__name"" scope=""row"">Produit emballé : poids (en kg)</th>
<td class=""m-product-attr-row__value"">500</td>
</tr>
<tr class=""m-product-attr-row"">
<th class=""m-product-attr-row__name"" scope=""row"">Indication du geste de tri (triman)</th>
<td class=""m-product-attr-row__value"">Nos produits et emballages peuvent faire l'objet d'une consigne de tri.</td>
</tr>
</tbody>
</table>
<p class=""a-text-warranty""></p>",Firewood (beech) 50 cm – 1.5 steres,Buy your firewood as and when you need it. Composition: 90% hardwood species. Wood species: beech.,"<div class=""o-product-detail-informations__description"">

Buy your firewood as and when you need it. Composition: 90% hardwood species.

Wood species: beech.

</div>
<table class=""o-product-features"" style=""height: 290px;"" role=""presentation"" width=""811"" data-cerberus=""TABLE_AttributesProduct""><caption class=""kl-hidden-accessibility"">Product features table</caption>
<tbody>
<tr class=""m-product-attr-row"">
<th class=""m-product-attr-row__name"" scope=""row""></th>
<td class=""m-product-attr-row__value""></td>
</tr>
<tr class=""m-product-attr-row"">
<th class=""m-product-attr-row__name"" scope=""row"">Ready-to-use fuel</th>
<td class=""m-product-attr-row__value"">Yes</td>
</tr>
<tr class=""m-product-attr-row"">
<th class=""m-product-attr-row__name"" scope=""row""></th>
<td class=""m-product-attr-row__value""></td>
</tr>
<tr class=""m-product-attr-row"">
<th class=""m-product-attr-row__name"" scope=""row"">Product name</th>
<td class=""m-product-attr-row__value"">Firewood</td>
</tr>
<tr class=""m-product-attr-row"">
<th class=""m-product-attr-row__name"" scope=""row"">Packed product: height (cm)</th>
<td class=""m-product-attr-row__value"">110</td>
</tr>
<tr class=""m-product-attr-row"">
<th class=""m-product-attr-row__name"" scope=""row"">Packed product: width (cm)</th>
<td class=""m-product-attr-row__value"">100</td>
</tr>
<tr class=""m-product-attr-row"">
<th class=""m-product-attr-row__name"" scope=""row"">Packed product: depth (cm)</th>
<td class=""m-product-attr-row__value"">120</td>
</tr>
<tr class=""m-product-attr-row"">
<th class=""m-product-attr-row__name"" scope=""row"">Packed product: weight (kg)</th>
<td class=""m-product-attr-row__value"">500</td>
</tr>
<tr class=""m-product-attr-row"">
<th class=""m-product-attr-row__name"" scope=""row"">Sorting instructions (Triman)</th>
<td class=""m-product-attr-row__value"">Our products and packaging may be subject to sorting instructions.</td>
</tr>
</tbody>
</table>
<p class=""a-text-warranty""></p>","Leña (haya) 50 cm – 1,5 estéreos",Compre su leña a medida que la consume. Composición: 90 % maderas duras. Especie: haya.,"<div class=""o-product-detail-informations__description"">

Compre su leña a medida que la consume. Composición: 90 % maderas duras.

Especie: haya.

</div>
<table class=""o-product-features"" style=""height: 290px;"" role=""presentation"" width=""811"" data-cerberus=""TABLE_AttributesProduct""><caption class=""kl-hidden-accessibility"">Tabla de características del producto</caption>
<tbody>
<tr class=""m-product-attr-row"">
<th class=""m-product-attr-row__name"" scope=""row""></th>
<td class=""m-product-attr-row__value""></td>
</tr>
<tr class=""m-product-attr-row"">
<th class=""m-product-attr-row__name"" scope=""row"">Combustible listo para usar</th>
<td class=""m-product-attr-row__value"">Sí</td>
</tr>
<tr class=""m-product-attr-row"">
<th class=""m-product-attr-row__name"" scope=""row""></th>
<td class=""m-product-attr-row__value""></td>
</tr>
<tr class=""m-product-attr-row"">
<th class=""m-product-attr-row__name"" scope=""row"">Nombre del producto</th>
<td class=""m-product-attr-row__value"">Leña</td>
</tr>
<tr class=""m-product-attr-row"">
<th class=""m-product-attr-row__name"" scope=""row"">Producto embalado: altura (cm)</th>
<td class=""m-product-attr-row__value"">110</td>
</tr>
<tr class=""m-product-attr-row"">
<th class=""m-product-attr-row__name"" scope=""row"">Producto embalado: anchura (cm)</th>
<td class=""m-product-attr-row__value"">100</td>
</tr>
<tr class=""m-product-attr-row"">
<th class=""m-product-attr-row__name"" scope=""row"">Producto embalado: profundidad (cm)</th>
<td class=""m-product-attr-row__value"">120</td>
</tr>
<tr class=""m-product-attr-row"">
<th class=""m-product-attr-row__name"" scope=""row"">Producto embalado: peso (kg)</th>
<td class=""m-product-attr-row__value"">500</td>
</tr>
<tr class=""m-product-attr-row"">
<th class=""m-product-attr-row__name"" scope=""row"">Indicación de reciclaje (Triman)</th>
<td class=""m-product-attr-row__value"">Nuestros productos y embalajes pueden estar sujetos a instrucciones de reciclaje.</td>
</tr>
</tbody>
</table>
<p class=""a-text-warranty""></p>"
288,simple,WH-4482,Brennholz (Eiche) auf Palette (30 cm / ca. 1 Ster),1,75,,Brennholz,"Palette (Mischung), Holz auf 30 cm geschnitten (ca. 1 Ster) Verwendet wird Laubholz (Hainbuche, Eiche, Buche, Esche, Birke).","Palette (Mischung), Holz auf 30 cm geschnitten (ca. 1 Ster)

Verwendet wird Laubholz (Hainbuche, Eiche, Buche, Esche, Birke).

Schluss mit dem mühsamen Aufschichten: Bestellen Sie Holz, das bereits auf einem Holzgestell geschichtet ist, geliefert bis in Ihre Garage (L 1,15 m × T 1,15 m × H 1,20 m).

Um Lagerung und Aufschichten müssen Sie sich nicht mehr kümmern.

Keine Rinde und keine Abfälle mehr nach der Lieferung aufzulesen – Ihr Holz ist sauber und geschichtet.",oak,30,rm,1,,,Bois de chauffage (Chêne) en palette (30 cm /- 1 stères),"Palette (Mélange) Bois Coupé en 30cm (+/-1 st.) Le bois utilisé est un feuillus (Charme, chêne, hêtre, frêne, bouleau) Fini la corvée de rangement du bois de chauffage, vous pouvez commander du bois déjà rangé sur une structure en bois, livré dans votre garage (L 1.15m x P 1.15m x H 1.20m).","Palette (Mélange) Bois Coupé en 30cm (+/-1 st.)

Le bois utilisé est un feuillus (Charme, chêne, hêtre, frêne, bouleau)

Fini la corvée de rangement du bois de chauffage, vous pouvez commander du bois déjà rangé sur une structure en bois, livré dans votre garage (L 1.15m x P 1.15m x H 1.20m).

Vous n'aurez plus à vous souciez du stockage et du rangement du bois.

Plus d'écorces ni de déchets à ramasser après la livraison, votre bois est propre et rangé.",Firewood (oak) on a pallet (30 cm / approx. 1 stere),"Pallet (mixed), wood cut to 30 cm (approx. 1 stere) The wood used is hardwood (hornbeam, oak, beech, ash, birch). No more stacking chores: you can order wood already stacked on a wooden frame and delivered to your garage (L 1.15 m × D 1.15 m × H 1.20 m).","Pallet (mixed), wood cut to 30 cm (approx. 1 stere)

The wood used is hardwood (hornbeam, oak, beech, ash, birch).

No more stacking chores: you can order wood already stacked on a wooden frame and delivered to your garage (L 1.15 m × D 1.15 m × H 1.20 m).

You will no longer have to worry about storing and stacking wood.

No more bark or debris to pick up after delivery: your wood is clean and stacked.",Leña (roble) en palé (30 cm / aprox. 1 estéreo),"Palé (mezcla), leña cortada a 30 cm (aprox. 1 estéreo) La madera utilizada es de frondosas (carpe, roble, haya, fresno, abedul).","Palé (mezcla), leña cortada a 30 cm (aprox. 1 estéreo)

La madera utilizada es de frondosas (carpe, roble, haya, fresno, abedul).

Se acabó la pesada tarea de apilar la leña: puede pedir leña ya apilada sobre una estructura de madera y entregada en su garaje (L 1,15 m × P 1,15 m × A 1,20 m).

Ya no tendrá que preocuparse por almacenar y apilar la leña.

Se acabaron las cortezas y los residuos que recoger tras la entrega: su leña está limpia y apilada."
289,simple,WH-4483,"Brennholz – 40 cm – Hartholz-Mix – Palette 2 m³ – 2,6 Ster",1,155.00,,Brennholz,"Bereit für den nächsten Winter.

Die Palette enthält mehrere Holzarten (Buche, Eiche), ausschliesslich Hartholz – ideal für ein gutes Gleichgewicht zwischen Glut und lebhaften Flammen.","<p style=""margin-top:0px;margin-bottom:0.4em;font-family:Raleway,"">Diese rund 2 Meter hohe Holzpalette lässt sich einfach versorgen (sofern zugänglich) und garantiert Ihnen die bestellte Anzahl Ster.</p>
<p style=""margin-top:0px;margin-bottom:0.4em;font-family:Raleway,"">Die Palette enthält mehrere Holzarten (Buche, Eiche), ausschliesslich Hartholz – ideal für ein gutes Gleichgewicht zwischen Glut und lebhaften Flammen.</p>
<p style=""margin-top:0px;margin-bottom:0.4em;font-family:Raleway,"">Das Holz ist sauber auf 40 cm gespalten – das ideale Format für ein Cheminée oder einen Kamineinsatz.</p>
<p style=""margin-top:0px;margin-bottom:0.4em;font-family:Raleway,""><span>Zertifikate: PEFC</span>
<span>Restfeuchte: 25 bis 30 %</span>
<span>Holzart: Hartholz-Mix</span>
<span>Volumen in m³: 2 m³</span>
<span>Volumen in Ster: 2,6 Ster</span>
<span>Palettenmasse: L 120 × B 95 × H 200 cm</span>
<span>Trocknungsart: natürlich im Freien</span>
<span>Holztyp: Hartholz</span>
<span>Länge: 40 cm</span>
<span>Verpackung: Palette</span>
<span>Herkunft: Belgien</span></p>",mixed,40,rm,2.6,,,BOIS DE CHAUFFAGE – 40 CM – MÉLANGE DE BOIS DURS – PALETTE 2 M3 – 2.6 STÈRES,"Prêt pour hiver prochain.\n<p style=""margin-top:0px;margin-bottom:0.4em;font-family:Raleway,"">La palette contient plusieurs essences(Hêtre,Chêne), exclusivement des bois durs. Cela est donc idéal pour un bon équilibre entre braises et flammes vives.</p>","<p style=""margin-top:0px;margin-bottom:0.4em;font-family:Raleway,"">Cette palette de bois d’environ 2 mètres de haut est facile à ranger (sous réserve d’accessibilité) et vous garantit d’avoir le nombre de stère commandé.</p>
<p style=""margin-top:0px;margin-bottom:0.4em;font-family:Raleway,"">La palette contient plusieurs essences(Hêtre,Chêne), exclusivement des bois durs. Cela est donc idéal pour un bon équilibre entre braises et flammes vives.</p>
<p style=""margin-top:0px;margin-bottom:0.4em;font-family:Raleway,"">Le bois est bien refendu en bûches de 40 cm, le format idéal pour une cheminée ou un insert.</p>
<p style=""margin-top:0px;margin-bottom:0.4em;font-family:Raleway,""><span>Certificats :PEFC</span>
<span>Taux D’humidité : 25 à 30%</span>
<span>Essence : Mélange de bois durs</span>
<span>Volume En M3 : 2 m3</span>
<span>Volume En Stères : 2.6 stères</span>
<span>Dimensions Palette : L120x l95x H 200cm</span>
<span>Technique De Séchage : Naturel en extérieur</span>
<span>Type De Bois : Bois dur</span>
<span>Longueur : 40 cm</span>
<span>Conditionnement : Palette</span>
<span>Origine : Belgique</span></p>",Firewood – 40 cm – hardwood mix – pallet 2 m³ – 2.6 steres,"Ready for next winter.

The pallet contains several species (beech, oak), hardwood only. Ideal for a good balance between embers and lively flames.","<p style=""margin-top:0px;margin-bottom:0.4em;font-family:Raleway,"">This pallet of wood, about 2 metres high, is easy to store (subject to access) and guarantees you get the number of steres ordered.</p>
<p style=""margin-top:0px;margin-bottom:0.4em;font-family:Raleway,"">The pallet contains several species (beech, oak), hardwood only. Ideal for a good balance between embers and lively flames.</p>
<p style=""margin-top:0px;margin-bottom:0.4em;font-family:Raleway,"">The wood is neatly split into 40 cm logs, the ideal size for a fireplace or an insert.</p>
<p style=""margin-top:0px;margin-bottom:0.4em;font-family:Raleway,""><span>Certificates: PEFC</span>
<span>Moisture content: 25 to 30%</span>
<span>Species: hardwood mix</span>
<span>Volume in m³: 2 m³</span>
<span>Volume in steres: 2.6 steres</span>
<span>Pallet dimensions: L 120 × W 95 × H 200 cm</span>
<span>Drying method: naturally outdoors</span>
<span>Type of wood: hardwood</span>
<span>Length: 40 cm</span>
<span>Packaging: pallet</span>
<span>Origin: Belgium</span></p>","Leña – 40 cm – Mezcla de maderas duras – Palé 2 m³ – 2,6 estéreos","Lista para el próximo invierno.

El palé contiene varias especies (haya, roble), exclusivamente maderas duras. Ideal para un buen equilibrio entre brasas y llamas vivas.","<p style=""margin-top:0px;margin-bottom:0.4em;font-family:Raleway,"">Este palé de leña de unos 2 metros de altura es fácil de guardar (según el acceso) y le garantiza el número de estéreos pedido.</p>
<p style=""margin-top:0px;margin-bottom:0.4em;font-family:Raleway,"">El palé contiene varias especies (haya, roble), exclusivamente maderas duras. Ideal para un buen equilibrio entre brasas y llamas vivas.</p>
<p style=""margin-top:0px;margin-bottom:0.4em;font-family:Raleway,"">La madera está bien partida en troncos de 40 cm, el formato ideal para una chimenea o un insert.</p>
<p style=""margin-top:0px;margin-bottom:0.4em;font-family:Raleway,""><span>Certificados: PEFC</span>
<span>Humedad: del 25 al 30 %</span>
<span>Especie: mezcla de maderas duras</span>
<span>Volumen en m³: 2 m³</span>
<span>Volumen en estéreos: 2,6 estéreos</span>
<span>Dimensiones del palé: L 120 × An 95 × Al 200 cm</span>
<span>Técnica de secado: natural al aire libre</span>
<span>Tipo de madera: madera dura</span>
<span>Longitud: 40 cm</span>
<span>Embalaje: palé</span>
<span>Origen: Bélgica</span></p>"
290,simple,WH-4484,Langbrennende Pressholz-Briketts – Palette mit 1008 kg,1,450.00,399.00,Brennholz,"Pressholz-Briketts zum besten Preis Die Pressholz-Briketts werden ausschliesslich aus unbehandeltem Sägemehl und Waldhackschnitzeln hergestellt – einfach getrocknet, erhitzt und verdichtet.","<p style=""margin-top:0px;margin-bottom:0.4em;font-family:Raleway,"">Pressholz-Briketts zum besten Preis
Die Pressholz-Briketts werden ausschliesslich aus unbehandeltem Sägemehl und Waldhackschnitzeln hergestellt – einfach getrocknet, erhitzt und verdichtet. So werden sie besonders kompakt und erreichen die ideale Restfeuchte, um maximal Wärme abzugeben.</p>
<p style=""margin-top:0px;margin-bottom:0.4em;font-family:Raleway,"">Die Dichte liegt bei über 1000 kg pro m³, also 2,5-mal höher als bei herkömmlichem Holz. Das erleichtert die Lagerung – im Freien darf es jedoch nicht gelagert werden.</p>
<p style=""margin-top:0px;margin-bottom:0.4em;font-family:Raleway,"">Die Paletten werden mit unseren motorisierten Mitnahmestaplern direkt an den Lagerort geliefert.</p>
<p style=""margin-top:0px;margin-bottom:0.4em;font-family:Raleway,"">Die Briketts aus 100 % Laubholz haben 75 mm Durchmesser und ca. 280 mm Länge – passend für alle Heizgeräte. Jedes Paket enthält 5 Briketts à 1,5 kg, also 7,5 kg.</p>
<p style=""margin-top:0px;margin-bottom:0.4em;font-family:Raleway,"">Länge: ca. 28 cm</p>
<p style=""margin-top:0px;margin-bottom:0.4em;font-family:Raleway,"">Durchmesser: 75 mm</p>
<p style=""margin-top:0px;margin-bottom:0.4em;font-family:Raleway,"">Restfeuchte < 10 %</p>
<p style=""margin-top:0px;margin-bottom:0.4em;font-family:Raleway,"">Rohdichte &gt; 1000 kg/m³</p>
<p style=""margin-top:0px;margin-bottom:0.4em;font-family:Raleway,"">Heizwert (Hu) im Rohzustand &gt; 4500 kWh/t</p>
<p style=""margin-top:0px;margin-bottom:0.4em;font-family:Raleway,"">Aschegehalt < 4 %</p>
<p style=""margin-top:0px;margin-bottom:0.4em;font-family:Raleway,"">Höhe 70 mm
Gewicht 1,5 kg pro Brikett / 1008 kg pro Palette
Länge 28 cm
Heizwert 4,6 kWh/kg ≤ Hu ≤ 5 kWh/kg
Format: 168 Säcke à 6 kg</p>
<p style=""margin-top:0px;margin-bottom:0px;font-family:Raleway,"">Palette mit 168 Säcken à 6 kg, 4 Briketts pro Sack.</p>",,,kg,1008,,,Bûches densifiées longue durée - Palette de 1008kg,"Les bûches de bois compressé au meilleur prix Les bûches de bois compressé sont produits uniquement à partir de sciures de bois et plaquettes forestières non traitées, simplement séchées, chauffées et compactées.","<p style=""margin-top:0px;margin-bottom:0.4em;font-family:Raleway,"">Les bûches de bois compressé au meilleur prix
Les bûches de bois compressé sont produits uniquement à partir de sciures de bois et plaquettes forestières non traitées, simplement séchées, chauffées et compactées. Cela permet ainsi de gagner en compacité et de garantir un taux d'humidité idéal pour chauffer et dégager un maximum de chaleur.</p>
<p style=""margin-top:0px;margin-bottom:0.4em;font-family:Raleway,"">La densité du produit est ainsi de plus de 1000kg par m3, soit 2,5 fois plus que du bois traditionnel. Le stockage est ainsi facilité, bien qu'il ne soit pas possible de le stocker en exterieur.</p>
<p style=""margin-top:0px;margin-bottom:0.4em;font-family:Raleway,"">Les palettes sont livrées dans le lieu de stockage grâce à nos chariots emarqués à moteur.</p>
<p style=""margin-top:0px;margin-bottom:0.4em;font-family:Raleway,"">Les bûches de bois 100% feuillus font 75mm de diamètre et +/- 280mm de longueur, ce qui en fait un produit adapté à l'ensemble des appareils de chauffage. Chaque paquet contient 5 bûches de 1.5kg, soit 7.5kg.</p>
<p style=""margin-top:0px;margin-bottom:0.4em;font-family:Raleway,"">Longueur : +/- 28cm</p>
<p style=""margin-top:0px;margin-bottom:0.4em;font-family:Raleway,"">Diamètre : 75mm</p>
<p style=""margin-top:0px;margin-bottom:0.4em;font-family:Raleway,"">Humidité &lt;10%</p>
<p style=""margin-top:0px;margin-bottom:0.4em;font-family:Raleway,"">Masse volumique &gt; 1000kg/m3</p>
<p style=""margin-top:0px;margin-bottom:0.4em;font-family:Raleway,"">PCI sur brut &gt;4500kWh/T</p>
<p style=""margin-top:0px;margin-bottom:0.4em;font-family:Raleway,"">Taux de cendre &lt; 4%</p>
<p style=""margin-top:0px;margin-bottom:0.4em;font-family:Raleway,"">Hauteur 70mm
Poids 1.5kg par bûche / 1008kg / pal
Longueur 28cm
Pouvoir calorifique 4,6 kWh.kg-1 ≤ PCI ≤ 5 kWh.kg-1
Format 168 sacs de 6kg</p>
<p style=""margin-top:0px;margin-bottom:0px;font-family:Raleway,"">Palette de 168 sacs de 6kg. 4 bûches par sac.</p>","Long-burning densified logs – 1,008 kg pallet","Compressed wood logs at the best price Compressed wood logs are made only from untreated sawdust and forest wood chips, simply dried, heated and compacted.","<p style=""margin-top:0px;margin-bottom:0.4em;font-family:Raleway,"">Compressed wood logs at the best price
Compressed wood logs are made only from untreated sawdust and forest wood chips, simply dried, heated and compacted. This makes them more compact and guarantees an ideal moisture content to heat and give off maximum warmth.</p>
<p style=""margin-top:0px;margin-bottom:0.4em;font-family:Raleway,"">The product's density is over 1,000 kg per m³, 2.5 times that of traditional wood. This makes storage easier, although it cannot be stored outdoors.</p>
<p style=""margin-top:0px;margin-bottom:0.4em;font-family:Raleway,"">The pallets are delivered to your storage area with our motorised truck-mounted forklifts.</p>
<p style=""margin-top:0px;margin-bottom:0.4em;font-family:Raleway,"">The 100% hardwood logs are 75 mm in diameter and about 280 mm long, which makes them suitable for all heating appliances. Each pack contains 5 logs of 1.5 kg, i.e. 7.5 kg.</p>
<p style=""margin-top:0px;margin-bottom:0.4em;font-family:Raleway,"">Length: approx. 28 cm</p>
<p style=""margin-top:0px;margin-bottom:0.4em;font-family:Raleway,"">Diameter: 75 mm</p>
<p style=""margin-top:0px;margin-bottom:0.4em;font-family:Raleway,"">Moisture < 10%</p>
<p style=""margin-top:0px;margin-bottom:0.4em;font-family:Raleway,"">Density &gt; 1,000 kg/m³</p>
<p style=""margin-top:0px;margin-bottom:0.4em;font-family:Raleway,"">Net calorific value as received &gt; 4,500 kWh/t</p>
<p style=""margin-top:0px;margin-bottom:0.4em;font-family:Raleway,"">Ash content < 4%</p>
<p style=""margin-top:0px;margin-bottom:0.4em;font-family:Raleway,"">Height 70 mm
Weight 1.5 kg per log / 1,008 kg per pallet
Length 28 cm
Calorific value 4.6 kWh/kg ≤ NCV ≤ 5 kWh/kg
Format: 168 bags of 6 kg</p>
<p style=""margin-top:0px;margin-bottom:0px;font-family:Raleway,"">Pallet of 168 bags of 6 kg. 4 logs per bag.</p>",Troncos densificados de larga duración – Palé de 1008 kg,"Troncos de madera comprimida al mejor precio Los troncos de madera comprimida se fabrican únicamente con serrín y astillas forestales sin tratar, simplemente secados, calentados y compactados.","<p style=""margin-top:0px;margin-bottom:0.4em;font-family:Raleway,"">Troncos de madera comprimida al mejor precio
Los troncos de madera comprimida se fabrican únicamente con serrín y astillas forestales sin tratar, simplemente secados, calentados y compactados. Así se gana en compacidad y se garantiza una humedad ideal para calentar y desprender el máximo calor.</p>
<p style=""margin-top:0px;margin-bottom:0.4em;font-family:Raleway,"">La densidad del producto es de más de 1000 kg por m³, es decir, 2,5 veces más que la madera tradicional. Esto facilita el almacenamiento, aunque no puede guardarse al aire libre.</p>
<p style=""margin-top:0px;margin-bottom:0.4em;font-family:Raleway,"">Los palés se entregan en el lugar de almacenamiento gracias a nuestras carretillas elevadoras embarcadas con motor.</p>
<p style=""margin-top:0px;margin-bottom:0.4em;font-family:Raleway,"">Los troncos 100 % frondosas miden 75 mm de diámetro y unos 280 mm de longitud, por lo que son aptos para todos los aparatos de calefacción. Cada paquete contiene 5 troncos de 1,5 kg, es decir, 7,5 kg.</p>
<p style=""margin-top:0px;margin-bottom:0.4em;font-family:Raleway,"">Longitud: aprox. 28 cm</p>
<p style=""margin-top:0px;margin-bottom:0.4em;font-family:Raleway,"">Diámetro: 75 mm</p>
<p style=""margin-top:0px;margin-bottom:0.4em;font-family:Raleway,"">Humedad < 10 %</p>
<p style=""margin-top:0px;margin-bottom:0.4em;font-family:Raleway,"">Densidad &gt; 1000 kg/m³</p>
<p style=""margin-top:0px;margin-bottom:0.4em;font-family:Raleway,"">PCI en bruto &gt; 4500 kWh/t</p>
<p style=""margin-top:0px;margin-bottom:0.4em;font-family:Raleway,"">Contenido de cenizas < 4 %</p>
<p style=""margin-top:0px;margin-bottom:0.4em;font-family:Raleway,"">Altura 70 mm
Peso 1,5 kg por tronco / 1008 kg por palé
Longitud 28 cm
Poder calorífico 4,6 kWh/kg ≤ PCI ≤ 5 kWh/kg
Formato: 168 sacos de 6 kg</p>
<p style=""margin-top:0px;margin-bottom:0px;font-family:Raleway,"">Palé de 168 sacos de 6 kg. 4 troncos por saco.</p>"
298,simple,WH-4485,Palette Brennholz – 45 cm – Holzmischung (2 m³),1,135,,Brennholz,<ul><li><strong>Ultratrockenes Brennholz</strong></li><li><strong>Gebrauchsfertig</strong></li></ul>,"<p style=""margin-top:0px;margin-bottom:0.4em;font-family:Raleway,""><span>Palette mit 2 m³, also ca. 3 Ster Holz, auf 45 cm gespaltene Scheite, Holzmischung (Esche, Buche und Hainbuche), natürlich getrocknet.</span></p>
<p style=""margin-top:0px;margin-bottom:0.4em;font-family:Raleway,"">Brennholz – 45 cm – Holzmischung (2 m³)<br />
Diese rund 2 Meter hohe Holzpalette lässt sich einfach versorgen (sofern zugänglich) und garantiert Ihnen die bestellte Anzahl Ster.<br />
Die Palette enthält mehrere Holzarten – ideal für ein gutes Gleichgewicht zwischen Glut und lebhaften Flammen.<br />
Das Holz ist sauber auf 45 cm gespalten – das ideale Format für ein Cheminée oder einen Kamineinsatz.</p>
<p style=""margin-top:0px;margin-bottom:0.4em;font-family:Raleway,"">Schweres oder leichtes Holz?<br />
Leichte Hölzer lassen sich leicht anzünden, brennen aber viel zu schnell ab (Pappel, Ahorn, Linde, Erle …)<br />
Schwere Hölzer sind schwieriger anzuzünden, haben aber einen hohen Heizwert und brennen langsam.<br />
Verbrennen Sie möglichst kein Nadelholz in Ihrem Holzofen: Es verschmutzt die Heizung, erzeugt viel Rauch und spritzt beim Abbrand (offene Feuerstelle).<br />
Vermeiden Sie Hölzer, die knallen, wie Kastanie und Platane – sie schleudern Glut, vor allem in offenen Feuerstellen nicht verwenden.<br />
Meiden Sie auch Hölzer, die verschmutzen, wie Nadelholz und zu feuchtes Holz: Sie rauchen stark und lagern Harz im Kamin ab.</p>
<p style=""margin-top:0px;margin-bottom:0px;font-family:Raleway,"">Technische Daten<br />
Restfeuchte: unter 25 %<br />
Holzart: Hartholz-Mix<br />
Volumen in m³: 2 m³<br />
Volumen in Ster: 3 Ster<br />
Palettenmasse: L 120 × B 95 × H 200 cm<br />
Trocknungsart: natürlich</p>
",mixed,45,,,air,25,Palette bois de chauffage – 45 cm – Mélange de bois (2 m3 ),<ul>\n	<li><strong>Bois de chauffage ultra sec </strong></li>\n	<li><strong>Prêt à l’emploi</strong></li>\n</ul>,"<p style=""margin-top:0px;margin-bottom:0.4em;font-family:Raleway,""><span>Palette de 2M3 soit +/- 3 stères de bois, en bûches refendues en 45 cm, mélange de bois(frêne, hêtre et charme), séchage naturel.</span></p>
<p style=""margin-top:0px;margin-bottom:0.4em;font-family:Raleway,"">Bois de chauffage – 45 cm – Mélange de bois(2 m3)<br />
Cette palette de bois d’environ 2 mètres de haut est facile à ranger (sous réserve d’accessibilité) et vous garantit d’avoir le nombre de stère commandé.<br />
La palette contient plusieurs essences, exclusivement des bois. Cela est donc idéal pour un bon équilibre entre braises et flammes vives.<br />
Le bois est bien refendu en bûches de 45 cm, le format idéal pour une cheminée ou un insert.</p>
<p style=""margin-top:0px;margin-bottom:0.4em;font-family:Raleway,"">Bois de types lourds ou bois de types légers?<br />
Les bois légers sont faciles à allumer mais se consument beaucoup trop vite (peuplier, érable, tilleul, aulne…)<br />
Les bois lourds sont plus difficile à allumer mais ils possèdent un pouvoir calorifique élevé et se consument lentement.<br />
Il est fortement recommandé d’éviter de brûler des résineux dans votre poêle à bois car ils encrassent votre système de chauffage, gênèrent beaucoup de fumée et émettent des projections pendant la combustion (foyer ouvert)<br />
Il faut éviter de brûler des bois qui éclatent, comme le châtaignier et le platane car ils projettent des braises surtout ne pas utiliser dans des foyers ouverts.<br />
Il faut également éviter les bois qui encrassent, comme les résineux et les bois trop humide car ils font trop de fumées et ils déposent de la résine dans les conduits.</p>
<p style=""margin-top:0px;margin-bottom:0px;font-family:Raleway,"">Fiche technique<br />
Taux d’humidité: Inférieur à 25%<br />
Essence: Mélange de bois durs<br />
Volume en m3: 2 m3<br />
Volume en stères: 3 stères<br />
Dimensions palette: L120xl95xH200cm<br />
Technique de séchage: Naturel</p>
",Pallet of firewood – 45 cm – wood mix (2 m³),<ul><li><strong>Ultra-dry firewood</strong></li><li><strong>Ready to use</strong></li></ul>,"<p style=""margin-top:0px;margin-bottom:0.4em;font-family:Raleway,""><span>2 m³ pallet, i.e. approx. 3 steres of wood, logs split to 45 cm, wood mix (ash, beech and hornbeam), naturally dried.</span></p>
<p style=""margin-top:0px;margin-bottom:0.4em;font-family:Raleway,"">Firewood – 45 cm – wood mix (2 m³)<br />
This pallet of wood, about 2 metres high, is easy to store (subject to access) and guarantees you get the number of steres ordered.<br />
The pallet contains several wood species. Ideal for a good balance between embers and lively flames.<br />
The wood is neatly split into 45 cm logs, the ideal size for a fireplace or an insert.</p>
<p style=""margin-top:0px;margin-bottom:0.4em;font-family:Raleway,"">Heavy or light woods?<br />
Light woods are easy to light but burn far too quickly (poplar, maple, lime, alder…)<br />
Heavy woods are harder to light but have a high calorific value and burn slowly.<br />
Avoid burning softwood in your wood stove: it clogs your heating system, produces a lot of smoke and spits during burning (open fire).<br />
Avoid burning woods that crackle and pop, such as chestnut and plane, as they throw out embers – above all, do not use them in open fires.<br />
Also avoid woods that clog, such as softwoods and wood that is too damp, as they make too much smoke and leave resin in the flue.</p>
<p style=""margin-top:0px;margin-bottom:0px;font-family:Raleway,"">Technical data<br />
Moisture content: below 25%<br />
Species: hardwood mix<br />
Volume in m³: 2 m³<br />
Volume in steres: 3 steres<br />
Pallet dimensions: L 120 × W 95 × H 200 cm<br />
Drying method: natural</p>
",Palé de leña – 45 cm – Mezcla de maderas (2 m³),<ul><li><strong>Leña ultraseca</strong></li><li><strong>Lista para usar</strong></li></ul>,"<p style=""margin-top:0px;margin-bottom:0.4em;font-family:Raleway,""><span>Palé de 2 m³, es decir unos 3 estéreos de leña, troncos partidos a 45 cm, mezcla de maderas (fresno, haya y carpe), secado natural.</span></p>
<p style=""margin-top:0px;margin-bottom:0.4em;font-family:Raleway,"">Leña – 45 cm – Mezcla de maderas (2 m³)<br />
Este palé de leña de unos 2 metros de altura es fácil de guardar (según el acceso) y le garantiza el número de estéreos pedido.<br />
El palé contiene varias especies de madera. Ideal para un buen equilibrio entre brasas y llamas vivas.<br />
La madera está bien partida en troncos de 45 cm, el formato ideal para una chimenea o un insert.</p>
<p style=""margin-top:0px;margin-bottom:0.4em;font-family:Raleway,"">¿Maderas pesadas o ligeras?<br />
Las maderas ligeras se encienden con facilidad, pero se consumen demasiado rápido (álamo, arce, tilo, aliso…)<br />
Las maderas pesadas son más difíciles de encender, pero tienen un alto poder calorífico y se consumen lentamente.<br />
Se recomienda encarecidamente no quemar coníferas en su estufa de leña: ensucian su sistema de calefacción, generan mucho humo y emiten proyecciones durante la combustión (hogar abierto).<br />
Evite quemar maderas que estallan, como el castaño y el plátano, porque proyectan brasas; sobre todo, no las use en hogares abiertos.<br />
Evite también las maderas que ensucian, como las coníferas y la madera demasiado húmeda, porque producen demasiado humo y depositan resina en los conductos.</p>
<p style=""margin-top:0px;margin-bottom:0px;font-family:Raleway,"">Ficha técnica<br />
Humedad: inferior al 25 %<br />
Especie: mezcla de maderas duras<br />
Volumen en m³: 2 m³<br />
Volumen en estéreos: 3 estéreos<br />
Dimensiones del palé: L 120 × An 95 × Al 200 cm<br />
Técnica de secado: natural</p>
"
299,simple,WH-4486,Brennholz lose – 33-cm-Scheite,1,65.00,,Brennholz,"Auf 33 cm gespaltene Scheite, verkauft pro Ster getrocknet und gebrauchsfertig Preis/Ster: 65 € Unsere 33-cm-Scheite bestehen aus Laub-Hartholz: trockene Eiche, Hainbuche, Buche und Esche, die als bestes Brennholz gelten.","<ul class="""" style=""padding-left:1.5em;list-style-type:disc;margin-top:0px;margin-bottom:0.4em;font-family:Raleway,"">
	<li>Auf 33 cm gespaltene Scheite, verkauft pro Ster</li>
	<li><span class="""">getrocknet und gebrauchsfertig</span></li>
	<li>Preis/Ster: 65 €</li>
	<li>Unsere 33-cm-Scheite bestehen aus Laub-Hartholz: <span class="""">trockene Eiche, Hainbuche, Buche und Esche,</span> die als bestes Brennholz gelten.
Hartholz eignet sich besser für Dauerbrandöfen, da es seltener nachgelegt werden muss.</li>
	<li>Gespalten und getrocknet bietet dieses Scheit einen aussergewöhnlichen Heizwert und eine sehr niedrige Restfeuchte (unter 20 %).</li>
</ul>
<ul class="""" style=""padding-left:1.5em;list-style-type:disc;margin-top:0px;margin-bottom:0.4em;font-family:Raleway,"">
	<li>Holzart: 100 % Hartholz (Eiche, Hainbuche, Buche, Esche).</li>
</ul>",,33,,,,,Bois de chauffage en vrac – Bûche de 33 cm,"Bûches fendues en 33 cm vendues en stère séché et prêt à utiliser prix/stère : 65€ Nos bûches de 33 cm sont constituées de bois durs et feuillus: chêne, charme, hêtre, frêne sec, reconnus comme les meilleurs bois de chauffage.","<ul class="""" style=""padding-left:1.5em;list-style-type:disc;margin-top:0px;margin-bottom:0.4em;font-family:Raleway,"">
	<li>Bûches fendues en 33 cm vendues en stère</li>
	<li><span class="""">séché et prêt à utiliser</span></li>
	<li>prix/stère : 65€</li>
	<li>Nos bûches  de 33 cm sont constituées de bois durs et feuillus: <span class="""">chêne, charme, hêtre, frêne sec,</span> reconnus comme les meilleurs bois de chauffage.
Le bois dur est plus approprié pour les poêles à combustion continue, car il doit être rechargé moins souvent.</li>
	<li>Fendue, séchée,  cette bûche de bois offre un pouvoir calorifique exceptionnel et un taux d’humidité très bas (-20%).</li>
</ul>
<ul class="""" style=""padding-left:1.5em;list-style-type:disc;margin-top:0px;margin-bottom:0.4em;font-family:Raleway,"">
	<li>Type de bois : 100% bois durs (chêne, charme, hêtre, frêne).</li>
</ul>",Loose firewood – 33 cm logs,"Logs split to 33 cm, sold by the stere dried and ready to use Price/stere: €65 Our 33 cm logs are made of broadleaf hardwoods: dry oak, hornbeam, beech and ash, recognised as the best firewoods.","<ul class="""" style=""padding-left:1.5em;list-style-type:disc;margin-top:0px;margin-bottom:0.4em;font-family:Raleway,"">
	<li>Logs split to 33 cm, sold by the stere</li>
	<li><span class="""">dried and ready to use</span></li>
	<li>Price/stere: €65</li>
	<li>Our 33 cm logs are made of broadleaf hardwoods: <span class="""">dry oak, hornbeam, beech and ash,</span> recognised as the best firewoods.
Hardwood is better suited to slow-burning stoves, as it needs reloading less often.</li>
	<li>Split and dried, this log offers an exceptional calorific value and a very low moisture content (below 20%).</li>
</ul>
<ul class="""" style=""padding-left:1.5em;list-style-type:disc;margin-top:0px;margin-bottom:0.4em;font-family:Raleway,"">
	<li>Type of wood: 100% hardwood (oak, hornbeam, beech, ash).</li>
</ul>",Leña a granel – Troncos de 33 cm,"Troncos partidos a 33 cm, vendidos por estéreo secos y listos para usar Precio/estéreo: 65 € Nuestros troncos de 33 cm son de maderas duras frondosas: roble, carpe, haya y fresno secos, reconocidas como las mejores leñas.","<ul class="""" style=""padding-left:1.5em;list-style-type:disc;margin-top:0px;margin-bottom:0.4em;font-family:Raleway,"">
	<li>Troncos partidos a 33 cm, vendidos por estéreo</li>
	<li><span class="""">secos y listos para usar</span></li>
	<li>Precio/estéreo: 65 €</li>
	<li>Nuestros troncos de 33 cm son de maderas duras frondosas: <span class="""">roble, carpe, haya y fresno secos,</span> reconocidas como las mejores leñas.
La madera dura es más adecuada para las estufas de combustión continua, porque hay que recargarlas con menos frecuencia.</li>
	<li>Partido y secado, este tronco ofrece un poder calorífico excepcional y una humedad muy baja (inferior al 20 %).</li>
</ul>
<ul class="""" style=""padding-left:1.5em;list-style-type:disc;margin-top:0px;margin-bottom:0.4em;font-family:Raleway,"">
	<li>Tipo de madera: 100 % maderas duras (roble, carpe, haya, fresno).</li>
</ul>"
300,simple,WH-4494,Brennholz lose – 50-cm-Scheite,1,60,,Brennholz,"Holzart: 100 % Hartholz (Eiche, Hainbuche, Buche, Esche) Heizwert: 2000 kWh/Ster. Unsere 50-cm-Scheite bestehen aus Laub-Hartholz: trockene Eiche, Hainbuche, Buche und Esche. die als bestes Brennholz gelten.","<p style=""margin-top:0px;margin-bottom:0.4em;font-family:Raleway,"">Holzart: 100 % Hartholz (Eiche, Hainbuche, Buche, Esche)</p>
<ul class="""" style=""padding-left:1.5em;list-style-type:disc;margin-top:0px;margin-bottom:0.4em;font-family:Raleway,"">
	<li>Heizwert: 2000 kWh/Ster.</li>
	<li>Unsere 50-cm-Scheite bestehen aus Laub-Hartholz: <span class="""">trockene Eiche, Hainbuche, Buche und Esche.</span> die als bestes Brennholz gelten.</li>
	<li><strong style=""font-weight: 700"">Hartholz eignet sich besser für Dauerbrandöfen, da es seltener nachgelegt werden muss.</strong></li>
	<li><strong style=""font-weight: 700"">Diese Hartholz-Kategorie ist ideal zum Heizen</strong>. Eiche, Buche, Esche und Hainbuche erzeugen schöne Flammen und viel Glut, die lange glüht; dank ihrer Dichte muss seltener nachgelegt werden.</li>
	<li><strong style=""font-weight: 700"">Gespalten und getrocknet bietet dieses Scheit einen aussergewöhnlichen Heizwert und eine sehr niedrige Restfeuchte (unter 20 %).</strong>
<ul class="""" style=""padding-left:1.5em;list-style-type:circle;margin-top:0px;margin-bottom:0.4em"">
	<li><strong style=""font-weight: 700"">Trockenes Holz für den ganzen Winter, lose geliefert</strong></li>
	<li>Die Scheite von<span> </span><strong style=""font-weight: 700"">Warmeholz</strong> erleichtern die Nutzung Ihres Holzofens: Dank der niedrigen Restfeuchte (< 20 %) erreichen Sie eine <strong style=""font-weight: 700"">maximale Energieeffizienz</strong> – ganz ohne die Mühen mit Holz: kein Lagern und kein Spalten nötig.</li>
	<li>Die Holzscheite von</li>
	<li><em><strong style=""font-weight: 700"">Warmeholz</strong></em><span><em><strong style=""font-weight: 700""> </strong></em></span>sind bereits <strong style=""font-weight: 700"">gespalten</strong>, <strong style=""font-weight: 700"">gebürstet</strong>  und <strong style=""font-weight: 700"">geschnitten </strong>– in 25, 30, 40 und 50 Zentimetern.</li>
	<li><strong style=""font-weight: 700"">Warmeholz</strong></li>
	<li>liefert Ihnen die Scheite lose über das eigene Vertriebsnetz. So haben Sie die ganze Heizperiode über trockenes Brennholz (Mischung aus <strong style=""font-weight: 700"">Eiche, Hainbuche, Buche und Esche</strong>) in der benötigten Menge zur Verfügung.</li>
	<li><strong style=""font-weight: 700"">Maximale Heizleistung ohne Aufwand.</strong></li>
	<li>Die Scheite von<span> </span><strong style=""font-weight: 700"">Warmeholz </strong> sind gebrauchsfertig. Sobald Ihr loses Brennholz geliefert ist, können Sie damit heizen und das Holzfeuer geniessen – unsere Scheite sind bereits in kleine Stücke geschnitten, gespalten und getrocknet.</li>
	<li><strong style=""font-weight: 700"">Eine sparsame und praktische Lösung</strong></li>
	<li>Mit unseren Scheiten verbrauchen Sie 30 % weniger. Ausserdem verlängern Sie die Lebensdauer von Ofen und Kamin, denn unsere extratrockenen Scheite erzeugen 2- bis 3-mal weniger Asche und verschmutzen Ihre Anlage weniger.</li>
	<li>Im Vergleich zu herkömmlichem Brennholz mit ≈ 30 % Restfeuchte</li>
</ul>
</li>
</ul>",,50,,,,20,Bois de chauffage en vrac – Bûche de 50 cm,"Type de bois : 100% bois durs (chêne, charme, hêtre, frêne) Pouvoir calorifique : 2000 kWh/stère. Nos Bûches de 50 cm sont constituées de bois durs et feuillus: chêne, charme, hêtre, frêne sec. reconnus comme les meilleurs bois de chauffage.","<p style=""margin-top:0px;margin-bottom:0.4em;font-family:Raleway,"">Type de bois : 100% bois durs (chêne, charme, hêtre, frêne)</p>
<ul class="""" style=""padding-left:1.5em;list-style-type:disc;margin-top:0px;margin-bottom:0.4em;font-family:Raleway,"">
	<li>Pouvoir calorifique : 2000 kWh/stère.</li>
	<li>Nos Bûches  de 50 cm sont constituées de bois durs et feuillus: <span class="""">chêne, charme, hêtre, frêne sec.</span> reconnus comme les meilleurs bois de chauffage.</li>
	<li><strong style=""font-weight: 700"">Le bois dur est plus approprié pour les poêles à combustion continue, car il doit être rechargé moins souvent.</strong></li>
	<li><strong style=""font-weight: 700"">Cette catégorie de bois durs, est idéale pour le chauffage</strong>. Le chêne, l’hêtre , le frêne, le charme, produisent de belles flammes et beaucoup de braises qui restent longtemps incandescentes et leur densité limite la fréquence des chargements.</li>
	<li><strong style=""font-weight: 700"">Fendue, séchée,  cette bûche de bois offre un pouvoir calorifique exceptionnel et un taux d’humidité très bas (-20%).</strong>
<ul class="""" style=""padding-left:1.5em;list-style-type:circle;margin-top:0px;margin-bottom:0.4em"">
	<li><strong style=""font-weight: 700"">Du bois sec tout l’hiver livré en vrac</strong></li>
	<li>Les bûches de<span> </span><strong style=""font-weight: 700"">BOIS DE PERCHERON</strong> permettent une utilisation simplifiée de votre appareil à bois. En effet, grâce à son taux d’humidité faible (&lt;20%), vous obtenez une <strong style=""font-weight: 700"">efficacité énergétique maximale</strong> sans les contraintes du bois : pas de stockage ni de coupage nécessaire.</li>
	<li>Les bûches de bois</li>
	<li><em><strong style=""font-weight: 700"">BOIS DE PERCHERON</strong></em><span><em><strong style=""font-weight: 700""> </strong></em></span>sont déjà <strong style=""font-weight: 700"">fendues</strong>, <strong style=""font-weight: 700"">brossées</strong>  et <strong style=""font-weight: 700"">coupées </strong>en 25, 30 , 40 et 50 centimètres.</li>
	<li><strong style=""font-weight: 700"">BOIS DE PERCHERON</strong></li>
	<li>vous propose une livraison de ses bûches de bois  en vrac grâce à son réseau de distribution. Ainsi, vous avez à disposition du bois de chauffage sec (mélange de <strong style=""font-weight: 700"">chêne, charme, hêtre, frêne</strong>) dans les quantités nécessaires tout au long de la période de chauffe.</li>
	<li><strong style=""font-weight: 700"">Un pouvoir calorifique maximal sans contrainte.</strong></li>
	<li>Les bûches de<span> </span><strong style=""font-weight: 700"">BOIS DE PERCHERON </strong> sont prêtes à l’emploi. Dès la livraison de votre bois de chauffage en vrac, vous pourrez immédiatement l’utiliser afin de vous chauffer et de profiter des plaisirs du feu de bois. En effet, nos bûches sont déjà coupées et fendues en petites sections et  séchées .</li>
	<li><strong style=""font-weight: 700"">Une solution économique et pratique</strong></li>
	<li>Nos bûches vous assurent 30% de consommation en moins . Vous augmentez également la durée de vie de votre appareil et conduit car nos bûches extra sèches génèrent 2 à 3 fois moins de cendres et limitent l’encrassement de votre installation.</li>
	<li>En comparaison avec du bois de chauffage traditionnel contenant ≈ 30% d’humidité</li>
</ul>
</li>
</ul>",Loose firewood – 50 cm logs,"Type of wood: 100% hardwood (oak, hornbeam, beech, ash) Calorific value: 2,000 kWh/stere. Our 50 cm logs are made of broadleaf hardwoods: dry oak, hornbeam, beech and ash. recognised as the best firewoods.","<p style=""margin-top:0px;margin-bottom:0.4em;font-family:Raleway,"">Type of wood: 100% hardwood (oak, hornbeam, beech, ash)</p>
<ul class="""" style=""padding-left:1.5em;list-style-type:disc;margin-top:0px;margin-bottom:0.4em;font-family:Raleway,"">
	<li>Calorific value: 2,000 kWh/stere.</li>
	<li>Our 50 cm logs are made of broadleaf hardwoods: <span class="""">dry oak, hornbeam, beech and ash.</span> recognised as the best firewoods.</li>
	<li><strong style=""font-weight: 700"">Hardwood is better suited to slow-burning stoves, as it needs reloading less often.</strong></li>
	<li><strong style=""font-weight: 700"">This category of hardwood is ideal for heating</strong>. Oak, beech, ash and hornbeam produce beautiful flames and lots of long-glowing embers, and their density means less frequent reloading.</li>
	<li><strong style=""font-weight: 700"">Split and dried, this log offers an exceptional calorific value and a very low moisture content (below 20%).</strong>
<ul class="""" style=""padding-left:1.5em;list-style-type:circle;margin-top:0px;margin-bottom:0.4em"">
	<li><strong style=""font-weight: 700"">Dry wood all winter long, delivered loose</strong></li>
	<li>Logs from<span> </span><strong style=""font-weight: 700"">Warmeholz</strong> make using your wood appliance simpler. Thanks to their low moisture content (< 20%), you get <strong style=""font-weight: 700"">maximum energy efficiency</strong> without the hassle of wood: no storing or chopping needed.</li>
	<li>The logs from</li>
	<li><em><strong style=""font-weight: 700"">Warmeholz</strong></em><span><em><strong style=""font-weight: 700""> </strong></em></span>are already <strong style=""font-weight: 700"">split</strong>, <strong style=""font-weight: 700"">brushed</strong>  and <strong style=""font-weight: 700"">cut </strong>to 25, 30, 40 and 50 centimetres.</li>
	<li><strong style=""font-weight: 700"">Warmeholz</strong></li>
	<li>delivers its logs loose through its distribution network, so you have dry firewood (a mix of <strong style=""font-weight: 700"">oak, hornbeam, beech and ash</strong>) in the quantities you need throughout the heating season.</li>
	<li><strong style=""font-weight: 700"">Maximum heat output, no hassle.</strong></li>
	<li>Logs from<span> </span><strong style=""font-weight: 700"">Warmeholz </strong> are ready to use. As soon as your loose firewood is delivered, you can use it straight away to keep warm and enjoy a wood fire, because our logs are already cut, split into small sections and dried.</li>
	<li><strong style=""font-weight: 700"">An economical and practical solution</strong></li>
	<li>Our logs mean 30% lower consumption. You also extend the life of your appliance and flue, because our extra-dry logs produce 2 to 3 times less ash and limit clogging of your installation.</li>
	<li>Compared with traditional firewood at ≈ 30% moisture</li>
</ul>
</li>
</ul>",Leña a granel – Troncos de 50 cm,"Tipo de madera: 100 % maderas duras (roble, carpe, haya, fresno) Poder calorífico: 2000 kWh/estéreo. Nuestros troncos de 50 cm son de maderas duras frondosas: roble, carpe, haya y fresno secos. reconocidas como las mejores leñas.","<p style=""margin-top:0px;margin-bottom:0.4em;font-family:Raleway,"">Tipo de madera: 100 % maderas duras (roble, carpe, haya, fresno)</p>
<ul class="""" style=""padding-left:1.5em;list-style-type:disc;margin-top:0px;margin-bottom:0.4em;font-family:Raleway,"">
	<li>Poder calorífico: 2000 kWh/estéreo.</li>
	<li>Nuestros troncos de 50 cm son de maderas duras frondosas: <span class="""">roble, carpe, haya y fresno secos.</span> reconocidas como las mejores leñas.</li>
	<li><strong style=""font-weight: 700"">La madera dura es más adecuada para las estufas de combustión continua, porque hay que recargarlas con menos frecuencia.</strong></li>
	<li><strong style=""font-weight: 700"">Esta categoría de maderas duras es ideal para la calefacción</strong>. El roble, el haya, el fresno y el carpe producen bonitas llamas y muchas brasas que permanecen incandescentes durante mucho tiempo, y su densidad reduce la frecuencia de recarga.</li>
	<li><strong style=""font-weight: 700"">Partido y secado, este tronco ofrece un poder calorífico excepcional y una humedad muy baja (inferior al 20 %).</strong>
<ul class="""" style=""padding-left:1.5em;list-style-type:circle;margin-top:0px;margin-bottom:0.4em"">
	<li><strong style=""font-weight: 700"">Leña seca todo el invierno, entregada a granel</strong></li>
	<li>Los troncos de<span> </span><strong style=""font-weight: 700"">Warmeholz</strong> simplifican el uso de su aparato de leña. Gracias a su baja humedad (< 20 %), obtiene una <strong style=""font-weight: 700"">máxima eficiencia energética</strong> sin las molestias de la leña: no hace falta almacenar ni cortar.</li>
	<li>Los troncos de leña de</li>
	<li><em><strong style=""font-weight: 700"">Warmeholz</strong></em><span><em><strong style=""font-weight: 700""> </strong></em></span>ya están <strong style=""font-weight: 700"">partidos</strong>, <strong style=""font-weight: 700"">cepillados</strong>  y <strong style=""font-weight: 700"">cortados </strong>en 25, 30, 40 y 50 centímetros.</li>
	<li><strong style=""font-weight: 700"">Warmeholz</strong></li>
	<li>le ofrece la entrega de sus troncos a granel gracias a su red de distribución. Así dispone de leña seca (mezcla de <strong style=""font-weight: 700"">roble, carpe, haya y fresno</strong>) en las cantidades necesarias durante toda la temporada de calefacción.</li>
	<li><strong style=""font-weight: 700"">Máximo poder calorífico sin complicaciones.</strong></li>
	<li>Los troncos de<span> </span><strong style=""font-weight: 700"">Warmeholz </strong> están listos para usar. En cuanto le entreguemos su leña a granel, podrá usarla de inmediato para calentarse y disfrutar del fuego de leña: nuestros troncos ya están cortados, partidos en secciones pequeñas y secos.</li>
	<li><strong style=""font-weight: 700"">Una solución económica y práctica</strong></li>
	<li>Nuestros troncos le garantizan un 30 % menos de consumo. También prolonga la vida útil de su aparato y del conducto, porque nuestros troncos extrasecos generan de 2 a 3 veces menos ceniza y limitan el ensuciamiento de su instalación.</li>
	<li>En comparación con la leña tradicional con ≈ 30 % de humedad</li>
</ul>
</li>
</ul>"
301,simple,WH-4495,"Mischung Eiche, Hainbuche, Buche und Esche lose – < 6 Ster – 30–33 cm – < 3,90 m³",1,260,,Brennholz,"Eichen-Brennholz, Eschen-Brennholz, Buchen-Brennholz, Hainbuchen-Brennholz Brennholz lose, gemischt: Die klassischen Holzscheite werden zu 6 Ster mit 33 cm Länge abgepackt. Mischung aus Eiche und Hainbuche.","<p style=""margin-top:0px;margin-bottom:0.4em;font-family:Raleway,"">Eichen-Brennholz,</p>
<p style=""margin-top:0px;margin-bottom:0.4em;font-family:Raleway,"">Eschen-Brennholz,</p>
<p style=""margin-top:0px;margin-bottom:0.4em;font-family:Raleway,"">Buchen-Brennholz,</p>
<p style=""margin-top:0px;margin-bottom:0.4em;font-family:Raleway,"">Hainbuchen-Brennholz</p>
<p style=""margin-top:0px;margin-bottom:0.4em;font-family:Raleway,"">Brennholz lose, gemischt: Die klassischen Holzscheite werden zu 6 Ster mit 33 cm Länge abgepackt. Mischung aus Eiche und Hainbuche.</p>
<p style=""margin-top:0px;margin-bottom:0.4em;font-family:Raleway,"">Für alle Holzfeuerungen geeignet (offene Kamine, Kamineinsätze, Öfen, Kessel, Holzherde, auch Grills, Pizza- und Backöfen).</p>
<p style=""margin-top:0px;margin-bottom:0.4em;font-family:Raleway,""><strong style=""font-weight: 700"">Herkunft: Frankreich</strong><strong style=""font-weight: 700"">Kaliber: ca. 33 cm</strong><strong style=""font-weight: 700"">Aschegehalt: 1,2 %</strong><strong style=""font-weight: 700"">Restfeuchte: < 20 bis 25 %</strong><strong style=""font-weight: 700"">Heizwert: 2150 kWh/Ster</strong><strong style=""font-weight: 700""> Qualität – Zusammensetzung: Eiche, Hainbuche, Buche und Esche</strong></p>
<p style=""margin-top:0px;margin-bottom:0.4em;font-family:Raleway,"">Unsere Scheite: Handhabung ohne Staub und Rückstände.</p>
<p style=""margin-top:0px;margin-bottom:0.4em;font-family:Raleway,"">Die Holzmischung erleichtert Ihnen das Anfeuern und sorgt für schöne Flammen und eine</p>
<p style=""margin-top:0px;margin-bottom:0.4em;font-family:Raleway,"">beachtliche Heizleistung.</p>
<p style=""margin-top:0px;margin-bottom:0.4em;font-family:Raleway,"">Die Scheite werden nach strengen Vorgaben geschnitten und verpackt und laufend kontrolliert.</p>
<p style=""margin-top:0px;margin-bottom:0px;font-family:Raleway,""><strong style=""font-weight: 700"">LAGERUNG IM INNENBEREICH – FÜR GARANTIERT TROCKENE PRODUKTE DAS GANZE JAHR!</strong></p>",mixed,33,,,,,MELANGE CHÊNE CHARME HÊTRE ET FRÊNE VRAC < 6 Stères 30-33 CM < 3.90 M3,"Bois de chauffage en chêne, Bois de chauffage Frêne, Bois de chauffage hêtre, Charme de bois de chauffage Stères de bois en VRAC MELANGE Les Bûches de bois traditionnelles sont conditionnées en 6 stères en 33 cm.","<p style=""margin-top:0px;margin-bottom:0.4em;font-family:Raleway,"">Bois de chauffage en chêne,</p>
<p style=""margin-top:0px;margin-bottom:0.4em;font-family:Raleway,"">Bois de chauffage Frêne,</p>
<p style=""margin-top:0px;margin-bottom:0.4em;font-family:Raleway,"">Bois de chauffage hêtre,</p>
<p style=""margin-top:0px;margin-bottom:0.4em;font-family:Raleway,"">Charme de bois de chauffage</p>
<p style=""margin-top:0px;margin-bottom:0.4em;font-family:Raleway,"">Stères de bois en VRAC MELANGE Les Bûches de bois traditionnelles sont conditionnées en 6 stères en 33 cm. MELANGE CHÊNE CHARME</p>
<p style=""margin-top:0px;margin-bottom:0.4em;font-family:Raleway,"">Utilisation dans tous types d’appareils   à bois, (foyers ouverts, inserts, poêles, chaudières, cuisinières à bois, y compris les barbecues, les fours à pizza ou de boulangerie).</p>
<p style=""margin-top:0px;margin-bottom:0.4em;font-family:Raleway,""><strong style=""font-weight: 700"">OrigineFRANCE</strong><strong style=""font-weight: 700"">Calibre&lt; &gt; 33 cm</strong><strong style=""font-weight: 700"">Taux Cendre1.2 %</strong><strong style=""font-weight: 700"">Taux d’Humidité&lt; 20 à 25 %</strong><strong style=""font-weight: 700"">Pouvoir Calorifique2 150kWh/stère</strong><strong style=""font-weight: 700""> Qualité – Composition CHENE, CHARME,HETRE &amp; FRENE</strong></p>
<p style=""margin-top:0px;margin-bottom:0.4em;font-family:Raleway,"">Nos Bûches une manipulation sans poussière ni résidu.</p>
<p style=""margin-top:0px;margin-bottom:0.4em;font-family:Raleway,"">Le bois MELANGE vous facilitera le démarrage de votre feu et vous assurera de belles flammes ainsi qu’un rendu</p>
<p style=""margin-top:0px;margin-bottom:0.4em;font-family:Raleway,"">calorifique conséquent.</p>
<p style=""margin-top:0px;margin-bottom:0.4em;font-family:Raleway,"">Les bûches sont coupées et emballées suivant un cahier des charges strict et font l’objet de contrôles permanents MELANGE CHÊNE CHARME .</p>
<p style=""margin-top:0px;margin-bottom:0px;font-family:Raleway,""><strong style=""font-weight: 700"">STOCKAGE INTÉRIEUR, POUR VOUS GARANTIR DES PRODUITS SECS TOUTE L’ANNÉE !</strong></p>","Oak, hornbeam, beech and ash mix, loose – < 6 steres – 30–33 cm – < 3.90 m³","Oak firewood, Ash firewood, Beech firewood, Hornbeam firewood Steres of loose mixed wood: the traditional logs are packed in lots of 6 steres at 33 cm. Mix of oak and hornbeam.","<p style=""margin-top:0px;margin-bottom:0.4em;font-family:Raleway,"">Oak firewood,</p>
<p style=""margin-top:0px;margin-bottom:0.4em;font-family:Raleway,"">Ash firewood,</p>
<p style=""margin-top:0px;margin-bottom:0.4em;font-family:Raleway,"">Beech firewood,</p>
<p style=""margin-top:0px;margin-bottom:0.4em;font-family:Raleway,"">Hornbeam firewood</p>
<p style=""margin-top:0px;margin-bottom:0.4em;font-family:Raleway,"">Steres of loose mixed wood: the traditional logs are packed in lots of 6 steres at 33 cm. Mix of oak and hornbeam.</p>
<p style=""margin-top:0px;margin-bottom:0.4em;font-family:Raleway,"">For use in all types of wood appliances (open fires, inserts, stoves, boilers, wood-fired cookers, including barbecues, pizza ovens and bread ovens).</p>
<p style=""margin-top:0px;margin-bottom:0.4em;font-family:Raleway,""><strong style=""font-weight: 700"">Origin: France</strong><strong style=""font-weight: 700"">Size: approx. 33 cm</strong><strong style=""font-weight: 700"">Ash content: 1.2%</strong><strong style=""font-weight: 700"">Moisture content: < 20 to 25%</strong><strong style=""font-weight: 700"">Calorific value: 2,150 kWh/stere</strong><strong style=""font-weight: 700""> Quality – composition: oak, hornbeam, beech and ash</strong></p>
<p style=""margin-top:0px;margin-bottom:0.4em;font-family:Raleway,"">Our logs: dust-free, residue-free handling.</p>
<p style=""margin-top:0px;margin-bottom:0.4em;font-family:Raleway,"">This mixed wood makes lighting your fire easier and gives beautiful flames and a</p>
<p style=""margin-top:0px;margin-bottom:0.4em;font-family:Raleway,"">substantial heat output.</p>
<p style=""margin-top:0px;margin-bottom:0.4em;font-family:Raleway,"">The logs are cut and packed to strict specifications and are checked continuously.</p>
<p style=""margin-top:0px;margin-bottom:0px;font-family:Raleway,""><strong style=""font-weight: 700"">INDOOR STORAGE TO GUARANTEE DRY PRODUCTS ALL YEAR ROUND!</strong></p>","Mezcla roble, carpe, haya y fresno a granel – < 6 estéreos – 30-33 cm – < 3,90 m³","Leña de roble, Leña de fresno, Leña de haya, Leña de carpe Estéreos de leña a granel, mezcla: los troncos tradicionales se presentan en lotes de 6 estéreos de 33 cm. Mezcla de roble y carpe.","<p style=""margin-top:0px;margin-bottom:0.4em;font-family:Raleway,"">Leña de roble,</p>
<p style=""margin-top:0px;margin-bottom:0.4em;font-family:Raleway,"">Leña de fresno,</p>
<p style=""margin-top:0px;margin-bottom:0.4em;font-family:Raleway,"">Leña de haya,</p>
<p style=""margin-top:0px;margin-bottom:0.4em;font-family:Raleway,"">Leña de carpe</p>
<p style=""margin-top:0px;margin-bottom:0.4em;font-family:Raleway,"">Estéreos de leña a granel, mezcla: los troncos tradicionales se presentan en lotes de 6 estéreos de 33 cm. Mezcla de roble y carpe.</p>
<p style=""margin-top:0px;margin-bottom:0.4em;font-family:Raleway,"">Uso en todo tipo de aparatos de leña (hogares abiertos, inserts, estufas, calderas, cocinas de leña, incluidas barbacoas, hornos de pizza o de panadería).</p>
<p style=""margin-top:0px;margin-bottom:0.4em;font-family:Raleway,""><strong style=""font-weight: 700"">Origen: Francia</strong><strong style=""font-weight: 700"">Calibre: aprox. 33 cm</strong><strong style=""font-weight: 700"">Contenido de cenizas: 1,2 %</strong><strong style=""font-weight: 700"">Humedad: < 20 a 25 %</strong><strong style=""font-weight: 700"">Poder calorífico: 2150 kWh/estéreo</strong><strong style=""font-weight: 700""> Calidad – composición: roble, carpe, haya y fresno</strong></p>
<p style=""margin-top:0px;margin-bottom:0.4em;font-family:Raleway,"">Nuestros troncos: manipulación sin polvo ni residuos.</p>
<p style=""margin-top:0px;margin-bottom:0.4em;font-family:Raleway,"">La leña mezclada le facilitará el encendido del fuego y le asegurará bonitas llamas y un</p>
<p style=""margin-top:0px;margin-bottom:0.4em;font-family:Raleway,"">rendimiento calorífico considerable.</p>
<p style=""margin-top:0px;margin-bottom:0.4em;font-family:Raleway,"">Los troncos se cortan y embalan según un pliego de condiciones estricto y se someten a controles permanentes.</p>
<p style=""margin-top:0px;margin-bottom:0px;font-family:Raleway,""><strong style=""font-weight: 700"">¡ALMACENAMIENTO INTERIOR PARA GARANTIZARLE PRODUCTOS SECOS TODO EL AÑO!</strong></p>"
302,simple,WH-4496,Pressholz – Laub- + Nadelholz,1,280.00,,Brennholz,"Pressholz – Laub- + Nadelholz – Palette mit 960 kg Pressholz für den Tag, aus einer Mischung von Buchen-, Eichen-, Eschen- und Nadelholzspänen aus regionalen Sägewerken, hergestellt in der Picardie aus PEFC-zertifizierten Wäldern.","<p style=""margin-top:0px;margin-bottom:0.4em;font-family:Raleway,""><span>Pressholz – Laub- + Nadelholz – Palette mit 960 kg</span></p>
<p style=""margin-top:0px;margin-bottom:0.4em;font-family:Raleway,"">Pressholz für den Tag, aus einer Mischung von Buchen-, Eichen-, Eschen- und Nadelholzspänen aus regionalen Sägewerken, hergestellt in der Picardie aus PEFC-zertifizierten Wäldern.</p>
<p style=""margin-top:0px;margin-bottom:0.4em;font-family:Raleway,"">100 % natürlich, ohne Leim und Zusatzstoffe</p>
<p style=""margin-top:0px;margin-bottom:0.4em;font-family:Raleway,"">Je nach Lager verkauft in 96 Paketen à 10 kg oder 80 Paketen à 12 kg – das Palettengewicht beträgt immer 960 kg.</p>
<p style=""margin-top:0px;margin-bottom:0.4em;font-family:Raleway,"">Ein sauberes, sparsames und umweltfreundliches Brennholz: Pressholz</p>
<p style=""margin-top:0px;margin-bottom:0.4em;font-family:Raleway,"">Ultratrockenes Holz dank einer Restfeuchte unter 8 %.</p>
<p style=""margin-top:0px;margin-bottom:0.4em;font-family:Raleway,"">Ein Heizwert, der 3- bis 4-mal höher ist als bei herkömmlichem Holz.</p>
<p style=""margin-top:0px;margin-bottom:0.4em;font-family:Raleway,"">Brenndauer 1,5 bis 2 Stunden, und dank Aschegehalt unter 1,5 % kein Verschmutzen.</p>
<p style=""margin-top:0px;margin-bottom:0.4em;font-family:Raleway,"">Fast ohne Plastik: Die Briketts sind nur umreift, um Verpackung zu sparen.</p>
<p style=""margin-top:0px;margin-bottom:0.4em;font-family:Raleway,"">Diese Briketts liefern gleichmässige Wärme und sorgen für stabilen, hochwertigen Komfort.</p>
<p style=""margin-top:0px;margin-bottom:0.4em;font-family:Raleway,"">Zur Erinnerung: Pressholz muss unbedingt drinnen und vor jeglicher Feuchtigkeit geschützt gelagert werden.</p>
<p style=""margin-top:0px;margin-bottom:0.4em;font-family:Raleway,"">Referenz DENSIFIE_PALETTE_KALIMAX</p>
<h3 class="""" style=""line-height:1.1;font-family:Dosis,"">Technische Daten</h3>
<p style=""margin-top:0px;margin-bottom:0px;font-family:Raleway,""><span>Heizwert 4,9 kWh/kg · Restfeuchte unter 8 % · Aschegehalt unter 1,5 % · Holzart: Laub- und Nadelholz · Länge 26 bis 29 cm · Verpackung: Palette</span></p>",,,,,,,BOIS DENSIFIÉ - FEUILLUS + RÉSINEUX,"BOIS DENSIFIÉ – FEUILLUS + RÉSINEUX – PALETTE DE 960 KG Bois densifié de jour, composé de mélange de plaquettes de hêtre, chêne, frêne et de résineux issus de scieries locales, fabriqué en Picardie de forêts labellisées PEFC.","<p style=""margin-top:0px;margin-bottom:0.4em;font-family:Raleway,""><span>BOIS DENSIFIÉ – FEUILLUS + RÉSINEUX – PALETTE DE 960 KG</span></p>
<p style=""margin-top:0px;margin-bottom:0.4em;font-family:Raleway,"">Bois densifié de jour, composé de mélange de plaquettes de hêtre, chêne, frêne et de résineux issus de scieries locales, fabriqué en Picardie de forêts labellisées PEFC.</p>
<p style=""margin-top:0px;margin-bottom:0.4em;font-family:Raleway,"">100 % naturel, sans colle, ni additifs</p>
<p style=""margin-top:0px;margin-bottom:0.4em;font-family:Raleway,"">Vendu selon les entrepôts, par 96 lots de 10 kg, ou 80 lots de 12 kg, le poids total de palette faisant toujours 960 kg.</p>
<p style=""margin-top:0px;margin-bottom:0.4em;font-family:Raleway,"">Un bois de chauffage propre, économique et écologique : le bois densifié</p>
<p style=""margin-top:0px;margin-bottom:0.4em;font-family:Raleway,"">Un bois ultra sec grâce à un taux d’humidité inférieur à 8%.</p>
<p style=""margin-top:0px;margin-bottom:0.4em;font-family:Raleway,"">Un fort pouvoir calorifique 3 à 4 fois supérieur au bois traditionnel.</p>
<p style=""margin-top:0px;margin-bottom:0.4em;font-family:Raleway,"">Une durée de combustion de 1h30 à 2h et n’encrasse pas avec son faible taux en cendres inférieur à 1.5%.</p>
<p style=""margin-top:0px;margin-bottom:0.4em;font-family:Raleway,"">Sans plastique ou presque : les bûches sont uniquement cerclées pour éviter trop d’emballage.</p>
<p style=""margin-top:0px;margin-bottom:0.4em;font-family:Raleway,"">Ces bûches vous offriront une chaleur constante et vous procureront un confort stable et de qualité.</p>
<p style=""margin-top:0px;margin-bottom:0.4em;font-family:Raleway,"">Nous vous rappelons que le bois densifié est impérativement à stocker en intérieur à l’abri de toute humidité</p>
<p style=""margin-top:0px;margin-bottom:0.4em;font-family:Raleway,"">Référence DENSIFIE_PALETTE_KALIMAX</p>
<h3 class="""" style=""line-height:1.1;font-family:Dosis,"">Fiche technique</h3>
<p style=""margin-top:0px;margin-bottom:0px;font-family:Raleway,""><span>Pouvoir Calorifique 4.9 kWh/kgTaux D’humidité Inférieur à 8%Taux De Cendres Inférieur à 1.5%Essence Feuillus et résineux Longueur 26 à 29 cmConditionnement Palette</span></p>",Densified wood – hardwood + softwood,"Densified wood – hardwood + softwood – 960 kg pallet Daytime densified wood made from a mix of beech, oak, ash and softwood chips from local sawmills, produced in Picardy from PEFC-certified forests.","<p style=""margin-top:0px;margin-bottom:0.4em;font-family:Raleway,""><span>Densified wood – hardwood + softwood – 960 kg pallet</span></p>
<p style=""margin-top:0px;margin-bottom:0.4em;font-family:Raleway,"">Daytime densified wood made from a mix of beech, oak, ash and softwood chips from local sawmills, produced in Picardy from PEFC-certified forests.</p>
<p style=""margin-top:0px;margin-bottom:0.4em;font-family:Raleway,"">100% natural, no glue or additives</p>
<p style=""margin-top:0px;margin-bottom:0.4em;font-family:Raleway,"">Depending on the warehouse, sold in 96 packs of 10 kg or 80 packs of 12 kg; the total pallet weight is always 960 kg.</p>
<p style=""margin-top:0px;margin-bottom:0.4em;font-family:Raleway,"">A clean, economical and eco-friendly firewood: densified wood</p>
<p style=""margin-top:0px;margin-bottom:0.4em;font-family:Raleway,"">Ultra-dry wood thanks to a moisture content below 8%.</p>
<p style=""margin-top:0px;margin-bottom:0.4em;font-family:Raleway,"">A calorific value 3 to 4 times higher than traditional wood.</p>
<p style=""margin-top:0px;margin-bottom:0.4em;font-family:Raleway,"">A burn time of 1.5 to 2 hours, and no clogging thanks to its low ash content below 1.5%.</p>
<p style=""margin-top:0px;margin-bottom:0.4em;font-family:Raleway,"">Almost plastic-free: the logs are only strapped to avoid excess packaging.</p>
<p style=""margin-top:0px;margin-bottom:0.4em;font-family:Raleway,"">These logs give you constant heat and steady, high-quality comfort.</p>
<p style=""margin-top:0px;margin-bottom:0.4em;font-family:Raleway,"">Please remember that densified wood must always be stored indoors, away from any damp.</p>
<p style=""margin-top:0px;margin-bottom:0.4em;font-family:Raleway,"">Reference DENSIFIE_PALETTE_KALIMAX</p>
<h3 class="""" style=""line-height:1.1;font-family:Dosis,"">Technical data</h3>
<p style=""margin-top:0px;margin-bottom:0px;font-family:Raleway,""><span>Calorific value 4.9 kWh/kg · Moisture below 8% · Ash content below 1.5% · Species: hardwood and softwood · Length 26 to 29 cm · Packaging: pallet</span></p>",Madera densificada – Frondosas + coníferas,"Madera densificada – Frondosas + coníferas – Palé de 960 kg Madera densificada de día, compuesta por una mezcla de virutas de haya, roble, fresno y coníferas de aserraderos locales, fabricada en Picardía con bosques con certificación PEFC.","<p style=""margin-top:0px;margin-bottom:0.4em;font-family:Raleway,""><span>Madera densificada – Frondosas + coníferas – Palé de 960 kg</span></p>
<p style=""margin-top:0px;margin-bottom:0.4em;font-family:Raleway,"">Madera densificada de día, compuesta por una mezcla de virutas de haya, roble, fresno y coníferas de aserraderos locales, fabricada en Picardía con bosques con certificación PEFC.</p>
<p style=""margin-top:0px;margin-bottom:0.4em;font-family:Raleway,"">100 % natural, sin cola ni aditivos</p>
<p style=""margin-top:0px;margin-bottom:0.4em;font-family:Raleway,"">Según el almacén, se vende en 96 lotes de 10 kg u 80 lotes de 12 kg; el peso total del palé es siempre de 960 kg.</p>
<p style=""margin-top:0px;margin-bottom:0.4em;font-family:Raleway,"">Una leña limpia, económica y ecológica: la madera densificada</p>
<p style=""margin-top:0px;margin-bottom:0.4em;font-family:Raleway,"">Madera ultraseca gracias a una humedad inferior al 8 %.</p>
<p style=""margin-top:0px;margin-bottom:0.4em;font-family:Raleway,"">Un poder calorífico 3 o 4 veces superior al de la leña tradicional.</p>
<p style=""margin-top:0px;margin-bottom:0.4em;font-family:Raleway,"">Una duración de combustión de 1,5 a 2 horas y no ensucia gracias a su bajo contenido en cenizas, inferior al 1,5 %.</p>
<p style=""margin-top:0px;margin-bottom:0.4em;font-family:Raleway,"">Casi sin plástico: los troncos solo van flejados para evitar demasiado embalaje.</p>
<p style=""margin-top:0px;margin-bottom:0.4em;font-family:Raleway,"">Estos troncos le ofrecen un calor constante y un confort estable y de calidad.</p>
<p style=""margin-top:0px;margin-bottom:0.4em;font-family:Raleway,"">Le recordamos que la madera densificada debe almacenarse siempre en interior, protegida de cualquier humedad.</p>
<p style=""margin-top:0px;margin-bottom:0.4em;font-family:Raleway,"">Referencia DENSIFIE_PALETTE_KALIMAX</p>
<h3 class="""" style=""line-height:1.1;font-family:Dosis,"">Ficha técnica</h3>
<p style=""margin-top:0px;margin-bottom:0px;font-family:Raleway,""><span>Poder calorífico 4,9 kWh/kg · Humedad inferior al 8 % · Cenizas inferiores al 1,5 % · Especie: frondosas y coníferas · Longitud de 26 a 29 cm · Embalaje: palé</span></p>"
303,simple,WH-4497,Palette Brennholz – 25 cm – 3 Ster,1,245.00,,Brennholz,"Die garantiert trockenen Holzscheite mit weniger als 10 % Restfeuchte bestehen aus Eiche, Hainbuche und Buche. Herkunft Frankreich, getrocknet, gespalten und entrindet, NF-zertifiziert. Unsere 25-cm-Brennholzscheite garantieren Ihnen optimale Energieleistung.","<p style=""margin-top:0px;margin-right:0px;margin-bottom:var(--wd-tags-mb);margin-left:0px;padding:0px;border:0px;vertical-align:baseline;font-style:normal;font-weight:400;line-height:inherit;font-family:Lato,Arial,Helvetica,sans-serif;font-size:14px;letter-spacing:normal;text-transform:none;text-align:left"">Die garantiert trockenen Holzscheite mit weniger als 10 % Restfeuchte bestehen aus Eiche, Hainbuche und Buche. Herkunft Frankreich, getrocknet, gespalten und entrindet, NF-zertifiziert.</p>
<p style=""margin:0px;padding:0px;border:0px;vertical-align:baseline;font-style:normal;font-weight:400;line-height:inherit;font-family:Lato,Arial,Helvetica,sans-serif;font-size:14px;letter-spacing:normal;text-transform:none;text-align:left"">Unsere 25-cm-Brennholzscheite garantieren Ihnen optimale Energieleistung. Dank Palettenverpackung sind sie praktisch zu handhaben und einfach zu lagern.</p>",,25,rm,3,,10,1- PALETTE BOIS DE CHAUFFAGE- 25 CM- 3 STÈRES,"Les bûches de bois garanti sec Brazeco, avec moins de 10% d’humidité sont fabriquées à partir d’essences de chêne, de charme et de hêtre. D’origine France, séchées, fendues et écossées, elles sont certifiées NF.","<p style=""margin-top:0px;margin-right:0px;margin-bottom:var(--wd-tags-mb);margin-left:0px;padding:0px;border:0px;vertical-align:baseline;font-style:normal;font-weight:400;line-height:inherit;font-family:Lato,Arial,Helvetica,sans-serif;font-size:14px;letter-spacing:normal;text-transform:none;text-align:left"">Les bûches de bois garanti sec Brazeco, avec moins de 10% d’humidité sont fabriquées à partir d’essences de chêne, de charme et de hêtre. D’origine France, séchées, fendues et écossées, elles sont certifiées NF.</p>
<p style=""margin:0px;padding:0px;border:0px;vertical-align:baseline;font-style:normal;font-weight:400;line-height:inherit;font-family:Lato,Arial,Helvetica,sans-serif;font-size:14px;letter-spacing:normal;text-transform:none;text-align:left"">Nos bûches de bois de chauffage 25 cm vous garantissent une performance énergétique optimale. Elles ont l’avantage d’être pratiques à manipuler et faciles à stocker avec leur conditionnement en palette.</p>",Pallet of firewood – 25 cm – 3 steres,"These logs are guaranteed dry, with less than 10% moisture, and are made from oak, hornbeam and beech. Of French origin, dried, split and debarked, they are NF certified. Our 25 cm firewood logs guarantee optimal energy performance.","<p style=""margin-top:0px;margin-right:0px;margin-bottom:var(--wd-tags-mb);margin-left:0px;padding:0px;border:0px;vertical-align:baseline;font-style:normal;font-weight:400;line-height:inherit;font-family:Lato,Arial,Helvetica,sans-serif;font-size:14px;letter-spacing:normal;text-transform:none;text-align:left"">These logs are guaranteed dry, with less than 10% moisture, and are made from oak, hornbeam and beech. Of French origin, dried, split and debarked, they are NF certified.</p>
<p style=""margin:0px;padding:0px;border:0px;vertical-align:baseline;font-style:normal;font-weight:400;line-height:inherit;font-family:Lato,Arial,Helvetica,sans-serif;font-size:14px;letter-spacing:normal;text-transform:none;text-align:left"">Our 25 cm firewood logs guarantee optimal energy performance. Packed on a pallet, they are easy to handle and simple to store.</p>",Palé de leña – 25 cm – 3 estéreos,"Los troncos de leña, garantizados secos con menos del 10 % de humedad, son de roble, carpe y haya. De origen francés, secados, partidos y descortezados, cuentan con certificación NF.","<p style=""margin-top:0px;margin-right:0px;margin-bottom:var(--wd-tags-mb);margin-left:0px;padding:0px;border:0px;vertical-align:baseline;font-style:normal;font-weight:400;line-height:inherit;font-family:Lato,Arial,Helvetica,sans-serif;font-size:14px;letter-spacing:normal;text-transform:none;text-align:left"">Los troncos de leña, garantizados secos con menos del 10 % de humedad, son de roble, carpe y haya. De origen francés, secados, partidos y descortezados, cuentan con certificación NF.</p>
<p style=""margin:0px;padding:0px;border:0px;vertical-align:baseline;font-style:normal;font-weight:400;line-height:inherit;font-family:Lato,Arial,Helvetica,sans-serif;font-size:14px;letter-spacing:normal;text-transform:none;text-align:left"">Nuestros troncos de leña de 25 cm le garantizan un rendimiento energético óptimo. Gracias a su embalaje en palé, son prácticos de manejar y fáciles de almacenar.</p>"
304,simple,WH-4498,Pressholz – Nachtbriketts – ½ Palette mit 480 kg,1,115.00,,Brennholz,"Langbrennendes Pressholz für die Nacht, Hartholz-Mix (Buche, Esche und Eiche) + Miscanthus 100 % natürlich, ohne Leim und Zusatzstoffe","<p style=""margin-top:0px;margin-right:0px;margin-bottom:var(--wd-tags-mb);margin-left:0px;padding:0px;border:0px;vertical-align:baseline;font-style:normal;font-weight:400;line-height:inherit;font-family:Lato,Arial,Helvetica,sans-serif;font-size:14px;letter-spacing:normal;text-transform:none;text-align:left"">Langbrennendes Pressholz für die Nacht, Hartholz-Mix (Buche, Esche und Eiche) + Miscanthus</p>
<p style=""margin-top:0px;margin-right:0px;margin-bottom:var(--wd-tags-mb);margin-left:0px;padding:0px;border:0px;vertical-align:baseline;font-style:normal;font-weight:400;line-height:inherit;font-family:Lato,Arial,Helvetica,sans-serif;font-size:14px;letter-spacing:normal;text-transform:none;text-align:left"">100 % natürlich, ohne Leim und Zusatzstoffe</p>",,,kg,480,,,Bois densifié – Bûches de nuit – 1/2 palette de 480 kg,"Bois densifié longue durée de nuit, mélange bois durs (hêtre, frêne et chêne) + miscanthus 100 % naturel, sans colle, ni additifs","<p style=""margin-top:0px;margin-right:0px;margin-bottom:var(--wd-tags-mb);margin-left:0px;padding:0px;border:0px;vertical-align:baseline;font-style:normal;font-weight:400;line-height:inherit;font-family:Lato,Arial,Helvetica,sans-serif;font-size:14px;letter-spacing:normal;text-transform:none;text-align:left"">Bois densifié longue durée de nuit, mélange bois durs (hêtre, frêne et chêne) + miscanthus</p>
<p style=""margin-top:0px;margin-right:0px;margin-bottom:var(--wd-tags-mb);margin-left:0px;padding:0px;border:0px;vertical-align:baseline;font-style:normal;font-weight:400;line-height:inherit;font-family:Lato,Arial,Helvetica,sans-serif;font-size:14px;letter-spacing:normal;text-transform:none;text-align:left"">100 % naturel, sans colle, ni additifs</p>",Densified wood – night logs – ½ pallet of 480 kg,"Long-burning night densified wood, hardwood mix (beech, ash and oak) + miscanthus 100% natural, no glue or additives","<p style=""margin-top:0px;margin-right:0px;margin-bottom:var(--wd-tags-mb);margin-left:0px;padding:0px;border:0px;vertical-align:baseline;font-style:normal;font-weight:400;line-height:inherit;font-family:Lato,Arial,Helvetica,sans-serif;font-size:14px;letter-spacing:normal;text-transform:none;text-align:left"">Long-burning night densified wood, hardwood mix (beech, ash and oak) + miscanthus</p>
<p style=""margin-top:0px;margin-right:0px;margin-bottom:var(--wd-tags-mb);margin-left:0px;padding:0px;border:0px;vertical-align:baseline;font-style:normal;font-weight:400;line-height:inherit;font-family:Lato,Arial,Helvetica,sans-serif;font-size:14px;letter-spacing:normal;text-transform:none;text-align:left"">100% natural, no glue or additives</p>",Madera densificada – Troncos de noche – ½ palé de 480 kg,"Madera densificada de larga duración para la noche, mezcla de maderas duras (haya, fresno y roble) + miscanto 100 % natural, sin cola ni aditivos","<p style=""margin-top:0px;margin-right:0px;margin-bottom:var(--wd-tags-mb);margin-left:0px;padding:0px;border:0px;vertical-align:baseline;font-style:normal;font-weight:400;line-height:inherit;font-family:Lato,Arial,Helvetica,sans-serif;font-size:14px;letter-spacing:normal;text-transform:none;text-align:left"">Madera densificada de larga duración para la noche, mezcla de maderas duras (haya, fresno y roble) + miscanto</p>
<p style=""margin-top:0px;margin-right:0px;margin-bottom:var(--wd-tags-mb);margin-left:0px;padding:0px;border:0px;vertical-align:baseline;font-style:normal;font-weight:400;line-height:inherit;font-family:Lato,Arial,Helvetica,sans-serif;font-size:14px;letter-spacing:normal;text-transform:none;text-align:left"">100 % natural, sin cola ni aditivos</p>"
305,simple,WH-4499,Pressholz – Laubholz – Palette mit 1 Tonne,1,145.00,,Brennholz,"Pressholz aus 100 % Laubholz (Buche, Hainbuche, Eiche und Pappel) 100 % natürlich, ohne Leim und Zusatzstoffe, 100 % französisch","<p style=""margin-top:0px;margin-right:0px;margin-bottom:var(--wd-tags-mb);margin-left:0px;padding:0px;border:0px;vertical-align:baseline;font-style:normal;font-weight:400;line-height:inherit;font-family:Lato,Arial,Helvetica,sans-serif;font-size:14px;letter-spacing:normal;text-transform:none;text-align:left"">Pressholz aus 100 % Laubholz (Buche, Hainbuche, Eiche und Pappel)</p>
<p style=""margin:0px;padding:0px;border:0px;vertical-align:baseline;font-style:normal;font-weight:400;line-height:inherit;font-family:Lato,Arial,Helvetica,sans-serif;font-size:14px;letter-spacing:normal;text-transform:none;text-align:left"">100 % natürlich, ohne Leim und Zusatzstoffe, 100 % französisch</p>",,,kg,1000,,,Bois densifié – Feuillus – Palette de 1 tonne,"Bois densifié, 100 % feuillus (hêtre, charme, chêne et peuplier) 100 % naturel, sans colle, ni additifs et 100 % français","<p style=""margin-top:0px;margin-right:0px;margin-bottom:var(--wd-tags-mb);margin-left:0px;padding:0px;border:0px;vertical-align:baseline;font-style:normal;font-weight:400;line-height:inherit;font-family:Lato,Arial,Helvetica,sans-serif;font-size:14px;letter-spacing:normal;text-transform:none;text-align:left"">Bois densifié, 100 % feuillus (hêtre, charme, chêne et peuplier)</p>
<p style=""margin:0px;padding:0px;border:0px;vertical-align:baseline;font-style:normal;font-weight:400;line-height:inherit;font-family:Lato,Arial,Helvetica,sans-serif;font-size:14px;letter-spacing:normal;text-transform:none;text-align:left"">100 % naturel, sans colle, ni additifs et 100 % français</p>",Densified wood – hardwood – 1-tonne pallet,"Densified wood, 100% hardwood (beech, hornbeam, oak and poplar) 100% natural, no glue or additives, and 100% French","<p style=""margin-top:0px;margin-right:0px;margin-bottom:var(--wd-tags-mb);margin-left:0px;padding:0px;border:0px;vertical-align:baseline;font-style:normal;font-weight:400;line-height:inherit;font-family:Lato,Arial,Helvetica,sans-serif;font-size:14px;letter-spacing:normal;text-transform:none;text-align:left"">Densified wood, 100% hardwood (beech, hornbeam, oak and poplar)</p>
<p style=""margin:0px;padding:0px;border:0px;vertical-align:baseline;font-style:normal;font-weight:400;line-height:inherit;font-family:Lato,Arial,Helvetica,sans-serif;font-size:14px;letter-spacing:normal;text-transform:none;text-align:left"">100% natural, no glue or additives, and 100% French</p>",Madera densificada – Frondosas – Palé de 1 tonelada,"Madera densificada 100 % frondosas (haya, carpe, roble y álamo) 100 % natural, sin cola ni aditivos y 100 % francesa","<p style=""margin-top:0px;margin-right:0px;margin-bottom:var(--wd-tags-mb);margin-left:0px;padding:0px;border:0px;vertical-align:baseline;font-style:normal;font-weight:400;line-height:inherit;font-family:Lato,Arial,Helvetica,sans-serif;font-size:14px;letter-spacing:normal;text-transform:none;text-align:left"">Madera densificada 100 % frondosas (haya, carpe, roble y álamo)</p>
<p style=""margin:0px;padding:0px;border:0px;vertical-align:baseline;font-style:normal;font-weight:400;line-height:inherit;font-family:Lato,Arial,Helvetica,sans-serif;font-size:14px;letter-spacing:normal;text-transform:none;text-align:left"">100 % natural, sin cola ni aditivos y 100 % francesa</p>"
306,simple,WH-4500,Buchen-Scheitholz extratrocken für Hochleistungsheizung – 2 m – 2 Ster,1,100.00,,Brennholz,Extratrockenes Scheitholz für Hochleistungsheizung Dieses Brennholz aus Laub-Hartholz wird in einem industriellen Heissluft-Trockner bei 80 °C getrocknet.,"<p style=""margin-top:0px;margin-bottom:1rem;font-family:Krub,sans-serif;font-size:14px;font-style:normal;font-weight:400;letter-spacing:-0.03px;text-transform:none;text-align:left"">Extratrockenes Scheitholz für Hochleistungsheizung</p>
<p style=""margin-top:0px;margin-bottom:1rem;font-family:Krub,sans-serif;font-size:14px;font-style:normal;font-weight:400;letter-spacing:-0.03px;text-transform:none;text-align:left"">Dieses Brennholz aus Laub-Hartholz wird in einem industriellen Heissluft-Trockner bei 80 °C getrocknet. Der Trocknungszyklus von 5 bis 10 Tagen bringt die Restfeuchte unter 18 % – ideal für sofortige Verwendung und eine effiziente Verbrennung.</p>
<p style=""margin-top:0px;margin-bottom:1rem;font-family:Krub,sans-serif;font-size:14px;font-style:normal;font-weight:400;letter-spacing:-0.03px;text-transform:none;text-align:left"">Schnelles Anzünden und sofortige Wärme garantiert!</p>",beech,,rm,2,kiln,18,"Bois bûches Hêtre extra-sec pour chauffage haute performance 2 m , 2 stères.",Bois bûches extra-sec pour chauffage haute performance Ce bois de chauffage issu de feuillus durs est étuvé en séchoir industriel à air chaud à 80°C.,"<p style=""margin-top:0px;margin-bottom:1rem;font-family:Krub,sans-serif;font-size:14px;font-style:normal;font-weight:400;letter-spacing:-0.03px;text-transform:none;text-align:left"">Bois bûches extra-sec pour chauffage haute performance</p>
<p style=""margin-top:0px;margin-bottom:1rem;font-family:Krub,sans-serif;font-size:14px;font-style:normal;font-weight:400;letter-spacing:-0.03px;text-transform:none;text-align:left"">Ce bois de chauffage issu de feuillus durs est étuvé en séchoir industriel à air chaud à 80°C. Le cycle de séchage de 5 à 10 jours permet d’atteindre un taux d’humidité inférieur à 18%, idéal pour une utilisation immédiate et une combustion performante.</p>
<p style=""margin-top:0px;margin-bottom:1rem;font-family:Krub,sans-serif;font-size:14px;font-style:normal;font-weight:400;letter-spacing:-0.03px;text-transform:none;text-align:left"">Allumage rapide et chaleur immédiate garantie !</p>",Extra-dry beech log wood for high-performance heating – 2 m – 2 steres,"Extra-dry log wood for high-performance heating This broadleaf hardwood firewood is dried in an industrial hot-air kiln at 80 °C. The 5- to 10-day drying cycle brings the moisture content below 18%, ideal for immediate use and efficient combustion.","<p style=""margin-top:0px;margin-bottom:1rem;font-family:Krub,sans-serif;font-size:14px;font-style:normal;font-weight:400;letter-spacing:-0.03px;text-transform:none;text-align:left"">Extra-dry log wood for high-performance heating</p>
<p style=""margin-top:0px;margin-bottom:1rem;font-family:Krub,sans-serif;font-size:14px;font-style:normal;font-weight:400;letter-spacing:-0.03px;text-transform:none;text-align:left"">This broadleaf hardwood firewood is dried in an industrial hot-air kiln at 80 °C. The 5- to 10-day drying cycle brings the moisture content below 18%, ideal for immediate use and efficient combustion.</p>
<p style=""margin-top:0px;margin-bottom:1rem;font-family:Krub,sans-serif;font-size:14px;font-style:normal;font-weight:400;letter-spacing:-0.03px;text-transform:none;text-align:left"">Quick lighting and instant heat guaranteed!</p>",Leña de haya extraseca para calefacción de alto rendimiento – 2 m – 2 estéreos,Leña en troncos extraseca para calefacción de alto rendimiento Esta leña de frondosas duras se seca en un secadero industrial de aire caliente a 80 °C.,"<p style=""margin-top:0px;margin-bottom:1rem;font-family:Krub,sans-serif;font-size:14px;font-style:normal;font-weight:400;letter-spacing:-0.03px;text-transform:none;text-align:left"">Leña en troncos extraseca para calefacción de alto rendimiento</p>
<p style=""margin-top:0px;margin-bottom:1rem;font-family:Krub,sans-serif;font-size:14px;font-style:normal;font-weight:400;letter-spacing:-0.03px;text-transform:none;text-align:left"">Esta leña de frondosas duras se seca en un secadero industrial de aire caliente a 80 °C. El ciclo de secado de 5 a 10 días permite alcanzar una humedad inferior al 18 %, ideal para un uso inmediato y una combustión eficiente.</p>
<p style=""margin-top:0px;margin-bottom:1rem;font-family:Krub,sans-serif;font-size:14px;font-style:normal;font-weight:400;letter-spacing:-0.03px;text-transform:none;text-align:left"">¡Encendido rápido y calor inmediato garantizados!</p>"
307,simple,WH-4514,Buchen-Scheitholz extratrocken für Hochleistungsheizung – 1 m – 2 Ster,1,110.00,,Brennholz,Extratrockenes Scheitholz für Hochleistungsheizung Dieses Brennholz aus Laub-Hartholz wird in einem industriellen Heissluft-Trockner bei 80 °C getrocknet.,"<p style=""margin-top:0px;margin-bottom:1rem;font-family:Krub,sans-serif;font-size:14px;font-style:normal;font-weight:400;letter-spacing:-0.03px;text-indent:0px;text-transform:none;text-align:left"">Extratrockenes Scheitholz für Hochleistungsheizung</p>
<p style=""margin-top:0px;margin-bottom:1rem;font-family:Krub,sans-serif;font-size:14px;font-style:normal;font-weight:400;letter-spacing:-0.03px;text-indent:0px;text-transform:none;text-align:left"">Dieses Brennholz aus Laub-Hartholz wird in einem industriellen Heissluft-Trockner bei 80 °C getrocknet. Der Trocknungszyklus von 5 bis 10 Tagen bringt die Restfeuchte unter 18 % – ideal für sofortige Verwendung und eine effiziente Verbrennung.</p>
<p style=""margin-top:0px;margin-bottom:1rem;font-family:Krub,sans-serif;font-size:14px;font-style:normal;font-weight:400;letter-spacing:-0.03px;text-indent:0px;text-transform:none;text-align:left"">Schnelles Anzünden und sofortige Wärme garantiert!</p>",beech,,rm,2,kiln,18,"Bois bûches Hêtre extra-sec pour chauffage haute performance 1 m , 2 stères.",Bois bûches extra-sec pour chauffage haute performance Ce bois de chauffage issu de feuillus durs est étuvé en séchoir industriel à air chaud à 80°C.,"<p style=""margin-top:0px;margin-bottom:1rem;font-family:Krub,sans-serif;font-size:14px;font-style:normal;font-weight:400;letter-spacing:-0.03px;text-indent:0px;text-transform:none;text-align:left"">Bois bûches extra-sec pour chauffage haute performance</p>
<p style=""margin-top:0px;margin-bottom:1rem;font-family:Krub,sans-serif;font-size:14px;font-style:normal;font-weight:400;letter-spacing:-0.03px;text-indent:0px;text-transform:none;text-align:left"">Ce bois de chauffage issu de feuillus durs est étuvé en séchoir industriel à air chaud à 80°C. Le cycle de séchage de 5 à 10 jours permet d’atteindre un taux d’humidité inférieur à 18%, idéal pour une utilisation immédiate et une combustion performante.</p>
<p style=""margin-top:0px;margin-bottom:1rem;font-family:Krub,sans-serif;font-size:14px;font-style:normal;font-weight:400;letter-spacing:-0.03px;text-indent:0px;text-transform:none;text-align:left"">Allumage rapide et chaleur immédiate garantie !</p>",Extra-dry beech log wood for high-performance heating – 1 m – 2 steres,"Extra-dry log wood for high-performance heating This broadleaf hardwood firewood is dried in an industrial hot-air kiln at 80 °C. The 5- to 10-day drying cycle brings the moisture content below 18%, ideal for immediate use and efficient combustion.","<p style=""margin-top:0px;margin-bottom:1rem;font-family:Krub,sans-serif;font-size:14px;font-style:normal;font-weight:400;letter-spacing:-0.03px;text-indent:0px;text-transform:none;text-align:left"">Extra-dry log wood for high-performance heating</p>
<p style=""margin-top:0px;margin-bottom:1rem;font-family:Krub,sans-serif;font-size:14px;font-style:normal;font-weight:400;letter-spacing:-0.03px;text-indent:0px;text-transform:none;text-align:left"">This broadleaf hardwood firewood is dried in an industrial hot-air kiln at 80 °C. The 5- to 10-day drying cycle brings the moisture content below 18%, ideal for immediate use and efficient combustion.</p>
<p style=""margin-top:0px;margin-bottom:1rem;font-family:Krub,sans-serif;font-size:14px;font-style:normal;font-weight:400;letter-spacing:-0.03px;text-indent:0px;text-transform:none;text-align:left"">Quick lighting and instant heat guaranteed!</p>",Leña de haya extraseca para calefacción de alto rendimiento – 1 m – 2 estéreos,Leña en troncos extraseca para calefacción de alto rendimiento Esta leña de frondosas duras se seca en un secadero industrial de aire caliente a 80 °C.,"<p style=""margin-top:0px;margin-bottom:1rem;font-family:Krub,sans-serif;font-size:14px;font-style:normal;font-weight:400;letter-spacing:-0.03px;text-indent:0px;text-transform:none;text-align:left"">Leña en troncos extraseca para calefacción de alto rendimiento</p>
<p style=""margin-top:0px;margin-bottom:1rem;font-family:Krub,sans-serif;font-size:14px;font-style:normal;font-weight:400;letter-spacing:-0.03px;text-indent:0px;text-transform:none;text-align:left"">Esta leña de frondosas duras se seca en un secadero industrial de aire caliente a 80 °C. El ciclo de secado de 5 a 10 días permite alcanzar una humedad inferior al 18 %, ideal para un uso inmediato y una combustión eficiente.</p>
<p style=""margin-top:0px;margin-bottom:1rem;font-family:Krub,sans-serif;font-size:14px;font-style:normal;font-weight:400;letter-spacing:-0.03px;text-indent:0px;text-transform:none;text-align:left"">¡Encendido rápido y calor inmediato garantizados!</p>"
