Type,SKU,Name,Published,Is featured?,Visibility in catalog,Short description,Description,Date sale price starts,Date sale price ends,Tax status,Tax class,In stock?,Stock,Low stock amount,Backorders allowed?,Sold individually?,Weight (kg),Length (cm),Width (cm),Height (cm),Allow customer reviews?,Purchase note,Sale price,Regular price,Categories,Tags,Shipping class,Images,Position,Meta: _ps_species,Meta: _ps_log_length,Meta: _ps_moisture,Meta: _ps_drying,Meta: _ps_unit,Meta: _ps_unit_qty
simple,WH-0001,33 cm - Mélange 85% bois durs - Palette 1.7 m3 - 2.5 stères,1,0,visible,"La palette contient plusieurs essences, majoritairement des bois durs : frêne, hêtre, charme puis le reste de bois tendre de type chàtaignier. Cela est donc idéal pour un bon équilibre entre braises et flammes vives sans encrasser votre poêle.","<div class=""page3a2a2"">\n<table class=""page3a2a2a"">\n<tbody>\n<tr class=""page3a2a2a1"">\n<td class=""page3a2a2a1a"">\n<div class=""page3a2a2a1a1"">Présentation</div></td>\n<td class=""page3a2a2a1b"">\n<div class=""page3a2a2a1a3"">Palette de 1,7M3, en bûches refendues en 33 cm, composées de 85% de bois durs et de 15% de châtaignier. Bois fabriqué en Europe, séchage naturel inférieur à 20% d'humidité.</div>\n<div class=""page3a2a2a1a2"">Le bois est bien refendu en bûches de 33 cm, le format qui convient parfaitement pour un poêle à bois moderne, un petit insert ou dans un foyer fermé.</div>\n<div class=""page3a2a2a1a2"">Le châtaignier est un bois feuillus tendre qui s'allumera facilement et qui produira une bonne chaleur mais il se consumera plus rapidement qu'un bois dur.</div>\n<div class=""page3a2a2a1a3"">Taux D'humidité</div>\n<div class=""page3a2a2a1a2"">Inférieur à 20%</div>\n<div class=""page3a2a2a1a3"">Essence</div>\n<div class=""page3a2a2a1a2"">85% bois durs (charme, frêne, hêtre) et 15% châtaignier</div></td>\n</tr>\n</tbody>\n</table>\n</div>\n<div class=""page3a2a2"">\n<table class=""page3a2a2a"">\n<tbody>\n<tr class=""page3a2a2a1"">\n<td class=""page3a2a2a1a"">\n<div class=""page3a2a2a1a1"">Informations complémentaires</div></td>\n<td class=""page3a2a2a1b"">\n<div class=""page3a2a2a1a3"">Volume En M3</div>\n<div class=""page3a2a2a1a2"">1.7 m3</div>\n<div class=""page3a2a2a1a3"">Volume En Stères</div>\n<div class=""page3a2a2a1a2"">2.5 stères</div>\n<div class=""page3a2a2a1a3"">Technique De Séchage</div>\n<div class=""page3a2a2a1a2"">Naturel en extérieur</div>\n<div class=""page3a2a2a1a3"">Type De Bois</div>\n<div class=""page3a2a2a1a2"">Mélange durs et tendres</div>\n<div class=""page3a2a2a1a3"">Longueur</div>\n<div class=""page3a2a2a1a2"">33 cm</div></td>\n</tr>\n</tbody>\n</table>\n</div>",,,taxable,,1,,,0,0,,,,,1,,225,300,Bois de chauffage,,,https://boispro.ch/wp-content/uploads/2023/08/00052.jpg,0,mixed,33,20,air,rm,2.5
simple,WH-0002,50 cm - Mélange 80% bois durs - Palette 1.2 m3 - 1.5 stères,1,0,visible,"Ce bois en palette est composé de hêtre, frêne, chêne et peuplier (80 % de bois durs). Ce bois doit être stocké dans un endroit ventilé à l'abri de l'humidité pour éviter que le bois moisisse. Cette petite palette est pratique pour les personnes ayant peu de place de stockage. Elle est recouverte d'un plastique 100% recyclable.","<div class=""page3a2a2"">\n<table class=""page3a2a2a"">\n<tbody>\n<tr class=""page3a2a2a1"">\n<td class=""page3a2a2a1a"">\n<div class=""page3a2a2a1a1"">Présentation</div></td>\n<td class=""page3a2a2a1b"">\n<div class=""page3a2a2a1a3"">Bûches refendues en 50 cm, mélange 80% bois durs, séchage naturel.</div>\n<div class=""page3a2a2a1a2"">Ce bois est séché naturellement à l'air libre afin d'éviter la consommation d'une autre énergie pour le sécher ce qui entraîne une réduction des émissions de CO2.</div>\n<div class=""page3a2a2a1a2"">La composition de cette palette est le reflet des forêts Européennes : composées majoritairement de feuillus : hêtre, frêne, charme et érable et quelques essences de bois tendres (pour vous aider à l'allumage) : bouleau et peuplier principalement.</div>\n<div class=""page3a2a2a1a3"">Taux D'humidité</div>\n<div class=""page3a2a2a1a2"">Inférieur à 20%</div>\n<div class=""page3a2a2a1a3"">Essence</div>\n<div class=""page3a2a2a1a2"">80% bois durs, 20% bois tendres</div></td>\n</tr>\n</tbody>\n</table>\n</div>\n<div class=""page3a2a2"">\n<table class=""page3a2a2a"">\n<tbody>\n<tr class=""page3a2a2a1"">\n<td class=""page3a2a2a1a"">\n<div class=""page3a2a2a1a1"">Informations complémentaires</div></td>\n<td class=""page3a2a2a1b"">\n<div class=""page3a2a2a1a3"">Volume En M3</div>\n<div class=""page3a2a2a1a2"">1.2 m3</div>\n<div class=""page3a2a2a1a3"">Volume En Stères</div>\n<div class=""page3a2a2a1a2"">1.5 stères</div>\n<div class=""page3a2a2a1a3"">Technique De Séchage</div>\n<div class=""page3a2a2a1a2"">Naturel en extérieur</div>\n<div class=""page3a2a2a1a3"">Type De Bois</div>\n<div class=""page3a2a2a1a2"">Mélange durs et tendres</div>\n<div class=""page3a2a2a1a3"">Longueur</div>\n<div class=""page3a2a2a1a2"">50 cm</div></td>\n</tr>\n</tbody>\n</table>\n</div>",,,taxable,,1,,,0,0,,,,,1,,224,280,Bois de chauffage,,,https://boispro.ch/wp-content/uploads/2023/08/00050.jpg,0,mixed,50,20,air,rm,1.5
simple,WH-0003,12 grands sacs à filet - bouleau,1,0,visible,"Équivaut à 1 sac de chantier rempli en vrac environ. Ce sont les mêmes bûches que celles fournies dans nos caisses - bois dur séché au four. Elles conviennent parfaitement aux livraisons pour les maisons en pente, les escaliers, les passages étroits, etc., où il peut être difficile d'obtenir l'une de nos caisses. Par conséquent, si vous avez une allée en gravier, les sacs en filet sont idéaux.","<div class=""page3a2a2"">\n<table class=""page3a2a2a"">\n<tbody>\n<tr class=""page3a2a2a1"">\n<td class=""page3a2a2a1a"">\n<div class=""page3a2a2a1a1"">Présentation</div></td>\n<td class=""page3a2a2a1b"">\n<div class=""page3a2a2a1a3"">Notre option 12 filets est le plus petit volume de bûches de bois dur séché au four que nous livrons.</div>\n<div class=""page3a2a2a1a2"">Ces 12 filets correspondent approximativement à un sac de chantier standard rempli en vrac. Nos clients trouvent que les sacs en filet sont plus polyvalents et conviennent parfaitement aux zones difficiles d'accès ou aux endroits dont l'accès est restreint et où il est impossible d'utiliser une caisse, par exemple une allée de gravier ou des marches. Les sacs en filet de bûches peuvent être facilement soulevés et stockés dans un hangar ou une dépendance, et transportés dans votre maison un sac à la fois.</div>\n<div class=""page3a2a2a1a2"">En moyenne, nos clients peuvent empiler 12 sacs nets dans un magasin de bois en moins de 5 minutes ! Nos bûches sont toutes séchées au four à moins de 20% d'humidité, et la plupart du temps, vous trouverez l'humidité autour de 15% ou moins.</div></td>\n</tr>\n</tbody>\n</table>\n</div>\n<div class=""page3a2a2"">\n<table class=""page3a2a2a"">\n<tbody>\n<tr class=""page3a2a2a1"">\n<td class=""page3a2a2a1a"">\n<div class=""page3a2a2a1a1"">Informations complémentaires</div></td>\n<td class=""page3a2a2a1b"">\n<div class=""page3a2a2a1a3"">Poids d'expédition</div>\n<div class=""page3a2a2a1a2"">180 kg</div></td>\n</tr>\n</tbody>\n</table>\n</div>",,,taxable,,1,,,0,0,180,,,,1,,96,120,Bois de chauffage,,,"https://boispro.ch/wp-content/uploads/2023/08/00004.jpg, https://boispro.ch/wp-content/uploads/2023/08/00006.jpg",0,birch,,20,kiln,,
simple,WH-0004,24 grands sacs à filet - bouleau,1,0,visible,"Équivaut à 2 sacs de chantier remplis en vrac environ. Ce sont les mêmes bûches que celles fournies dans nos caisses - bois dur séché au four. Ils conviennent parfaitement aux livraisons pour les maisons situées sur des pentes, des marches, des passages étroits, etc. où il peut être difficile d'obtenir un de nos casiers. Si vous avez une allée en gravier, les sacs en filet sont idéaux. Les filets sont déposés au bord du trottoir ou aussi près que possible de votre domicile par notre chauffeur et peuvent être déplacés à la main.","<div class=""page3a2a2"">\n<table class=""page3a2a2a"">\n<tbody>\n<tr class=""page3a2a2a1"">\n<td class=""page3a2a2a1a"">\n<div class=""page3a2a2a1a1"">Présentation</div></td>\n<td class=""page3a2a2a1b"">\n<div class=""page3a2a2a1a3"">Bûches de bois dur séchées au four.</div>\n<div class=""page3a2a2a1a2"">24 grands sacs nets de bûches, ce qui équivaut approximativement à 2 sacs de chantier remplis en vrac. Ce sont les mêmes bûches que celles fournies dans nos caisses - du bois dur séché au four. Ils conviennent parfaitement aux livraisons de maisons situées sur des pentes, des marches, des passages étroits, etc. où vous pourriez avoir du mal à placer un de nos casiers. Ils sont fournis sur une palette et peuvent être facilement déplacés vers n'importe quelle dépendance ou bâtiment.</div>\n<div class=""page3a2a2a1a2"">Si vous avez une allée en gravier, les sacs en filet sont idéaux - ils seront laissés au bord du trottoir ou aussi près que notre chauffeur peut les amener jusqu'à vous et peuvent être déplacés à la main. Les bûches sont idéales pour la plupart des poêles à bois ou des feux ouverts. Elles sont généralement fendues et ne mesurent pas plus de 25 cm de long.</div></td>\n</tr>\n</tbody>\n</table>\n</div>\n<div class=""page3a2a2"">\n<table class=""page3a2a2a"">\n<tbody>\n<tr class=""page3a2a2a1"">\n<td class=""page3a2a2a1a"">\n<div class=""page3a2a2a1a1"">Informations complémentaires</div></td>\n<td class=""page3a2a2a1b"">\n<div class=""page3a2a2a1a3"">Poids d'expédition</div>\n<div class=""page3a2a2a1a2"">400 kg</div></td>\n</tr>\n</tbody>\n</table>\n</div>",,,taxable,,1,,,0,0,400,,,,1,,184,230,Bois de chauffage,,,"https://boispro.ch/wp-content/uploads/2023/08/00007.jpg, https://boispro.ch/wp-content/uploads/2023/08/00008.jpg",0,birch,,,kiln,,
simple,WH-0005,Grande caisse en bois de charme,1,0,visible,"Cette grande caisse est remplie de bois de charme de première qualité séché au four. L'empilage soigné garantit un volume équivalent à environ 3,5 sacs de bûches. Si vous utilisez votre poêle à bois de manière intensive le soir et le week-end, cette caisse est parfaite et vous permettra de passer l'hiver.","<div class=""page3a2a2"">\n<table class=""page3a2a2a"">\n<tbody>\n<tr class=""page3a2a2a1"">\n<td class=""page3a2a2a1a"">\n<div class=""page3a2a2a1a1"">Présentation</div></td>\n<td class=""page3a2a2a1b"">\n<div class=""page3a2a2a1a3"">Bois exceptionnel à brûler, car il est très dense et dur.</div>\n<div class=""page3a2a2a1a2"">Cela signifie qu'il brûle très lentement, même plus lentement que le frêne. Il n'est pas aussi connu que d'autres espèces de bois similaires comme le chêne et le hêtre, mais c'est un bois de chauffage de qualité supérieure.</div>\n<div class=""page3a2a2a1a3"">Teneur en humidité</div>\n<div class=""page3a2a2a1a2"">18% ou moins</div>\n<div class=""page3a2a2a1a3"">Poids de la caisse</div>\n<div class=""page3a2a2a1a2"">710 kg</div></td>\n</tr>\n</tbody>\n</table>\n</div>\n<div class=""page3a2a2"">\n<table class=""page3a2a2a"">\n<tbody>\n<tr class=""page3a2a2a1"">\n<td class=""page3a2a2a1a"">\n<div class=""page3a2a2a1a1"">Informations complémentaires</div></td>\n<td class=""page3a2a2a1b"">\n<div class=""page3a2a2a1a3"">Longueur des bûches</div>\n<div class=""page3a2a2a1a2"">23-25cm (convient à 95% des poêles)</div>\n<div class=""page3a2a2a1a3"">Diamètre de la bûche</div>\n<div class=""page3a2a2a1a2"">6-15cm</div>\n<div class=""page3a2a2a1a3"">Volume en vrac</div>\n<div class=""page3a2a2a1a2"">2.7m3</div>\n<div class=""page3a2a2a1a3"">Volume empilé</div>\n<div class=""page3a2a2a1a2"">1.6m3</div>\n<div class=""page3a2a2a1a3"">Dimensions extérieures de la caisse</div>\n<div class=""page3a2a2a1a2"">112x114x162</div>\n<div class=""page3a2a2a1a3"">Dimensions intérieures de la caisse</div>\n<div class=""page3a2a2a1a2"">107x109x146</div></td>\n</tr>\n</tbody>\n</table>\n</div>",,,taxable,,1,,,0,0,,,,,1,,262.50,350,Bois de chauffage,,,"https://boispro.ch/wp-content/uploads/2023/08/00035.jpg, https://boispro.ch/wp-content/uploads/2023/08/00036.jpg",0,hornbeam,,,,,
simple,WH-0006,Bûches séchées au four - Caisse extra large,1,0,visible,La grande caisse à cendres séchées au four est une option de taille idéale pour les utilisateurs réguliers et la plus économique. Chaque caisse contient un mélange de largeurs d'environ 6-15 cm jusqu'à un maximum de 25 cm de longueur.,"<div class=""page3a2a2"">\n<table class=""page3a2a2a"">\n<tbody>\n<tr class=""page3a2a2a1"">\n<td class=""page3a2a2a1a"">\n<div class=""page3a2a2a1a1"">Présentation</div></td>\n<td class=""page3a2a2a1b"">\n<div class=""page3a2a2a1a2"">Comme les fours utilisent tous les déchets, tels que la sciure, les copeaux et les plaquettes pour les alimenter, l'opération est autosuffisante et neutre en CO2. Certifié FSC et durable - Flamme longue et chaleur élevée - Qualité supérieure - Facile à allumer - Produit localement.</div>\n<div class=""page3a2a2a1a3"">Bûches séchées au four</div>\n<div class=""page3a2a2a1a2"">Nos bûches séchées au four de qualité supérieure proviennent de forêts durables, puis elles sont coupées, calibrées et séchées au four jusqu'à 20 % d'humidité maximum dans la station de chauffage au bois de nos partenaires. Le combustible de qualité supérieure convient à tous les brûleurs à bois, est certifié FSC et entièrement traçable.</div></td>\n</tr>\n</tbody>\n</table>\n</div>\n<div class=""page3a2a2"">\n<table class=""page3a2a2a"">\n<tbody>\n<tr class=""page3a2a2a1"">\n<td class=""page3a2a2a1a"">\n<div class=""page3a2a2a1a1"">Informations complémentaires</div></td>\n<td class=""page3a2a2a1b"">\n<div class=""page3a2a2a1a3"">Hauteur de la caisse</div>\n<div class=""page3a2a2a1a2"">1,7 mètres</div>\n<div class=""page3a2a2a1a3"">Longueur de la bûche approx.</div>\n<div class=""page3a2a2a1a2"">25cm (9-10)</div>\n<div class=""page3a2a2a1a3"">Largeur de la bûche</div>\n<div class=""page3a2a2a1a2"">5cm à 15cm (2-6)</div></td>\n</tr>\n</tbody>\n</table>\n</div>",,,taxable,,1,,,0,0,,,,,1,,224,280,Bois de chauffage,,,https://boispro.ch/wp-content/uploads/2023/08/00016.jpg,0,,,,,,
simple,WH-0007,Caisse de bois de charme ordinaire,1,0,visible,"Cette caisse régulière est remplie de bois de charme séché au four de première qualité. L'empilage soigné assure un volume équivalent à environ 2 grands sacs de bûches. Si vous utilisez votre brûleur de bûches principalement le soir et le week-end, cette caisse est parfaite et vous permettra de passer l'hiver.","<div class=""page3a2a2"">\n<table class=""page3a2a2a"">\n<tbody>\n<tr class=""page3a2a2a1"">\n<td class=""page3a2a2a1a"">\n<div class=""page3a2a2a1a1"">Présentation</div></td>\n<td class=""page3a2a2a1b"">\n<div class=""page3a2a2a1a3"">Un bois exceptionnel à brûler car il est très dense et dur.</div>\n<div class=""page3a2a2a1a2"">Cela signifie qu'il brûle très lentement, même plus lentement que le frêne. Il n'est pas aussi connu que d'autres espèces de bois similaires comme le chêne et le hêtre, mais c'est un véritable bois de chauffage de qualité supérieure.</div>\n<div class=""page3a2a2a1a3"">Poids de la caisse</div>\n<div class=""page3a2a2a1a2"">400 kg</div>\n<div class=""page3a2a2a1a3"">Longueur des bûches</div>\n<div class=""page3a2a2a1a2"">23-25cm (convient à 95% des poêles)</div></td>\n</tr>\n</tbody>\n</table>\n</div>\n<div class=""page3a2a2"">\n<table class=""page3a2a2a"">\n<tbody>\n<tr class=""page3a2a2a1"">\n<td class=""page3a2a2a1a"">\n<div class=""page3a2a2a1a1"">Informations complémentaires</div></td>\n<td class=""page3a2a2a1b"">\n<div class=""page3a2a2a1a3"">Diamètre de la bûche</div>\n<div class=""page3a2a2a1a2"">6-15cm</div>\n<div class=""page3a2a2a1a3"">Volume en vrac</div>\n<div class=""page3a2a2a1a2"">1.34m3</div>\n<div class=""page3a2a2a1a3"">Volume empilé</div>\n<div class=""page3a2a2a1a2"">0.79m3</div>\n<div class=""page3a2a2a1a3"">Dimensions extérieures de la caisse</div>\n<div class=""page3a2a2a1a2"">112x114x80</div>\n<div class=""page3a2a2a1a3"">Dimensions intérieures de la caisse</div>\n<div class=""page3a2a2a1a2"">107x109x66</div></td>\n</tr>\n</tbody>\n</table>\n</div>",,,taxable,,1,,,0,0,,,,,1,,184,230,Bois de chauffage,,,https://boispro.ch/wp-content/uploads/2023/08/00030.jpg,0,hornbeam,,,,,
simple,WH-0008,Grand casier à bouleau,1,0,visible,"Cette grande caisse est remplie de bouleau de première qualité séché au four. L'empilage soigné assure un volume équivalent à environ 3,5 sacs de bûches. Si vous utilisez votre poêle à bois de manière intensive le soir et le week-end, cette caisse est parfaite et vous permettra de passer l'hiver.","<div class=""page3a2a2"">\n<table class=""page3a2a2a"">\n<tbody>\n<tr class=""page3a2a2a1"">\n<td class=""page3a2a2a1a"">\n<div class=""page3a2a2a1a1"">Présentation</div></td>\n<td class=""page3a2a2a1b"">\n<div class=""page3a2a2a1a3"">Le bouleau, comme le frêne, est un autre bois dur et un bon bois de chauffage à brûler, surtout si vous voulez une chaleur rapide.</div>\n<div class=""page3a2a2a1a2"">L'écorce de bouleau est un excellent allume-feu car elle ressemble au papier et dégage une odeur unique, légèrement sucrée, que la plupart des gens trouvent agréable. Le bouleau est parfait si vos bûches doivent être exposées en raison de son écorce argentée et floconneuse. Nous recommandons le bouleau si vous faites des feux occasionnels et que vous souhaitez une chaleur rapide et élevée.</div>\n<div class=""page3a2a2a1a2"">Il est excellent lorsqu'il est brûlé avec d'autres bûches à combustion plus lente.</div>\n<div class=""page3a2a2a1a3"">Teneur en humidité</div>\n<div class=""page3a2a2a1a2"">18% ou moins</div>\n<div class=""page3a2a2a1a3"">Poids de la caisse</div>\n<div class=""page3a2a2a1a2"">710kg</div></td>\n</tr>\n</tbody>\n</table>\n</div>\n<div class=""page3a2a2"">\n<table class=""page3a2a2a"">\n<tbody>\n<tr class=""page3a2a2a1"">\n<td class=""page3a2a2a1a"">\n<div class=""page3a2a2a1a1"">Informations complémentaires</div></td>\n<td class=""page3a2a2a1b"">\n<div class=""page3a2a2a1a3"">Longueur des bûches</div>\n<div class=""page3a2a2a1a2"">23-25cm (convient à 95% des poêles)</div>\n<div class=""page3a2a2a1a3"">Diamètre de la bûche</div>\n<div class=""page3a2a2a1a2"">6-15cm</div>\n<div class=""page3a2a2a1a3"">Volume en vrac</div>\n<div class=""page3a2a2a1a2"">2.7m3</div>\n<div class=""page3a2a2a1a3"">Volume empilé</div>\n<div class=""page3a2a2a1a2"">1.6m3</div>\n<div class=""page3a2a2a1a3"">Dimensions extérieures de la caisse</div>\n<div class=""page3a2a2a1a2"">110x118x145</div>\n<div class=""page3a2a2a1a3"">Dimensions intérieures de la caisse</div>\n<div class=""page3a2a2a1a2"">105x113x130</div></td>\n</tr>\n</tbody>\n</table>\n</div>",,,taxable,,1,,,0,0,,,,,1,,262.50,350,Bois de chauffage,,,https://boispro.ch/wp-content/uploads/2023/08/00039.jpg,0,birch,,,,,
simple,WH-0009,Caisse de bouleau séché au four (1.17m3),1,0,visible,"Le bois de chauffage séché au four est le combustible à bois par excellence. Il fournit la chaleur maximale et la combustion la plus propre. Séché à moins de 20 % d'humidité, le bois de chauffage séché au four brûle plus fort et plus longtemps que le bois de chauffage séché.","<div class=""page3a2a2"">\n<table class=""page3a2a2a"">\n<tbody>\n<tr class=""page3a2a2a1"">\n<td class=""page3a2a2a1a"">\n<div class=""page3a2a2a1a1"">Présentation</div></td>\n<td class=""page3a2a2a1b"">\n<div class=""page3a2a2a1a3"">Vendu en palette emballée à la main</div>\n<div class=""page3a2a2a1a2"">Les bûches traitées et séchées sont empilées de manière compacte dans des caisses, puis placées dans des fours qui utilisent la chaleur résiduelle pour fournir la chaleur nécessaire au séchage.</div>\n<div class=""page3a2a2a1a2"">Une caisse de 1 m de côté peut fournir 70 jours de chauffage sur un poêle à bois de 5 KW (la moitié de la chaleur d'un hiver pour un ménage typique !) Pourquoi utiliser des combustibles à base de bois séché au four : - Le bois est séché au four pour atteindre une teneur en humidité inférieure à 20 %, ce qui permet une meilleure combustion. Plus de chaleur, moins de fumée, moins de suie et moins de cendres Un combustible propre, sec et sans poussière Livré à votre porte et placé dans votre magasin. Brûle plus chaud, brûle plus longtemps. Récolté dans des forêts gérées, ce qui réduit votre empreinte carbone.</div></td>\n</tr>\n</tbody>\n</table>\n</div>\n<div class=""page3a2a2"">\n<table class=""page3a2a2a"">\n<tbody>\n<tr class=""page3a2a2a1"">\n<td class=""page3a2a2a1a"">\n<div class=""page3a2a2a1a1"">Informations complémentaires</div></td>\n<td class=""page3a2a2a1b"">\n<div class=""page3a2a2a1a3"">Dimensions</div>\n<div class=""page3a2a2a1a2"">1.17m3</div>\n<div class=""page3a2a2a1a3"">Taille des bûches</div>\n<div class=""page3a2a2a1a2"">25-30 Cm</div>\n<div class=""page3a2a2a1a3"">Teneur en humidité</div>\n<div class=""page3a2a2a1a2"">Moins de 20%</div></td>\n</tr>\n</tbody>\n</table>\n</div>",,,taxable,,1,,,0,0,,,,,1,,184,230,Bois de chauffage,,,"https://boispro.ch/wp-content/uploads/2023/08/00020.jpg, https://boispro.ch/wp-content/uploads/2023/08/00021.jpg",0,birch,,20,kiln,,
simple,WH-0010,Sac en vrac de bûches de bouleau séchées au four,1,0,visible,"Séchées au four à environ 15% d'humidité - Les bûches sont coupées à 25 cm environ - Bien réparties pour s'adapter à la plupart des poêles, feux ouverts et cheminées.","<div class=""page3a2a2"">\n<table class=""page3a2a2a"">\n<tbody>\n<tr class=""page3a2a2a1"">\n<td class=""page3a2a2a1a"">\n<div class=""page3a2a2a1a1"">Présentation</div></td>\n<td class=""page3a2a2a1b"">\n<div class=""page3a2a2a1a3"">Bûches de bois dur séchées au four.</div>\n<div class=""page3a2a2a1a2"">Bien que nous préférions livrer les bûches dans des caisses ou des filets pour plus de commodité, nous pouvons également livrer un sac en vrac de bûches de bois dur séchées au four. Nos sacs sont des sacs de chantier de 0,8m3.</div>\n<div class=""page3a2a2a1a2"">Chaque sac en vrac de bûches de bois dur séché au four est rempli de notre bouleau séché au four de la meilleure qualité. Toutes les bûches sont coupées à environ 25 cm et conviennent donc à la plupart des poêles à bois, feux ouverts, foyers et cheminées. Toutes nos bûches sont séchées au four à environ 15% d'humidité et sont donc prêtes à être brûlées immédiatement. Si vous avez eu la malchance d'acheter des bûches humides auprès d'un fournisseur de bois de chauffage pop-up, nous comprenons votre douleur. Vous n'aurez aucun de ces problèmes avec notre bois de chauffage !</div></td>\n</tr>\n</tbody>\n</table>\n</div>\n<div class=""page3a2a2"">\n<table class=""page3a2a2a"">\n<tbody>\n<tr class=""page3a2a2a1"">\n<td class=""page3a2a2a1a"">\n<div class=""page3a2a2a1a1"">Informations complémentaires</div></td>\n<td class=""page3a2a2a1b"">\n<div class=""page3a2a2a1a3"">Poids d'expédition</div>\n<div class=""page3a2a2a1a2"">200 kg</div></td>\n</tr>\n</tbody>\n</table>\n</div>",,,taxable,,1,,,0,0,,,,,1,,104,130,Bois de chauffage,,,https://boispro.ch/wp-content/uploads/2023/08/00009.jpg,0,birch,,,kiln,,
simple,WH-0011,"Bois de chauffage en frêne séché au four - Caisse de 1,17m3",1,0,visible,"Palette empilée de 1,2 mètre de haut de bois de chauffage de qualité supérieure, séché au four. Le volume équivaut à environ 2 sacs de chantier standard remplis en vrac. Les cendres séchées au four prêtes à brûler ont un taux d'humidité inférieur à 20% - normalement environ 15%. Coupées à environ 25 cm de long, elles conviennent à la plupart des poêles, feux ouverts et cheminées. Longue durée de combustion avec une flamme stable","<div class=""page3a2a2"">\n<table class=""page3a2a2a"">\n<tbody>\n<tr class=""page3a2a2a1"">\n<td class=""page3a2a2a1a"">\n<div class=""page3a2a2a1a1"">Présentation</div></td>\n<td class=""page3a2a2a1b"">\n<div class=""page3a2a2a1a3"">Notre bois de chauffage à base de cendres séchées au four de qualité supérieure est présenté sur une palette empilée de 1,2 mètre de haut (environ 2 sacs de chantier remplis en vrac).</div>\n<div class=""page3a2a2a1a2"">Ces bûches de bois de chauffage de qualité supérieure en cendres séchées au four sont des cendres séchées dont la teneur en humidité est inférieure à 20 % - généralement autour de 15 %. Les cendres brûlent bien et longtemps, avec un rendement thermique impressionnant. Nous sommes très fiers de nos produits et nous voulons que tous les propriétaires de poêles fassent l'expérience du meilleur bois de chauffage séché au four possible. Notre bois de chauffage en cendres séchées au four est livré dans une caisse en bois qui sert également de réserve de bûches. Certains clients les utilisent également comme bois d'allumage lorsqu'elles sont vides.</div>\n<div class=""page3a2a2a1a2"">Dimensions de la palette : 1,15 x 0,85 x 1,20 mètres Poids de la palette : environ 450 kg Type de bois : Bois de chauffage 100% frêne séché au four Humidité : Moins de 20% Longueur des bûches : environ 25cm (convient à la plupart des poêles à bois)</div></td>\n</tr>\n</tbody>\n</table>\n</div>\n<div class=""page3a2a2"">\n<table class=""page3a2a2a"">\n<tbody>\n<tr class=""page3a2a2a1"">\n<td class=""page3a2a2a1a"">\n<div class=""page3a2a2a1a1"">Informations complémentaires</div></td>\n<td class=""page3a2a2a1b"">\n<div class=""page3a2a2a1a3"">Poids d'expédition</div>\n<div class=""page3a2a2a1a2"">450 kg</div>\n<div class=""page3a2a2a1a3"">Dimensions</div>\n<div class=""page3a2a2a1a2"">115 x 85 x 120 cm</div></td>\n</tr>\n</tbody>\n</table>\n</div>",,,taxable,,1,,,0,0,,,,,1,,208,260,Bois de chauffage,,,"https://boispro.ch/wp-content/uploads/2023/08/00001.jpg, https://boispro.ch/wp-content/uploads/2023/08/00003.jpg, https://boispro.ch/wp-content/uploads/2023/08/00002.jpg",0,ash,,20,kiln,,
simple,WH-0012,Sac net x40 - Bûches de bois de chauffage séché au four,1,0,visible,Les bûches séchées au four garantissent une combustion propre et une émission de chaleur maximale. Livrées dans un sac en filet très résistant de 52 cm x 85 cm. Pour une combustion immédiate sur tous les appareils de chauffage au bois.,"<div class=""page3a2a2"">\n<table class=""page3a2a2a"">\n<tbody>\n<tr class=""page3a2a2a1"">\n<td class=""page3a2a2a1a"">\n<div class=""page3a2a2a1a1"">Présentation</div></td>\n<td class=""page3a2a2a1b"">\n<div class=""page3a2a2a1a2"">Pour une combustion immédiate sur tous les appareils de chauffage au bois. Les bûches séchées au four garantissent une combustion propre optimale avec une émission de chaleur maximale.</div>\n<div class=""page3a2a2a1a2"">Les bûches de bois de chauffage séché au four sont populaires en raison de leur faible taux d'humidité constant, ce qui en fait un moyen efficace de chauffer votre maison. Les bûches séchées au four peuvent dégager jusqu'à trois fois plus de chaleur que les bûches séchées et brûlent plus proprement, ce qui réduit les problèmes dans les poêles et les conduits de fumée.</div></td>\n</tr>\n</tbody>\n</table>\n</div>\n<div class=""page3a2a2"">\n<table class=""page3a2a2a"">\n<tbody>\n<tr class=""page3a2a2a1"">\n<td class=""page3a2a2a1a"">\n<div class=""page3a2a2a1a1"">Informations complémentaires</div></td>\n<td class=""page3a2a2a1b"">\n<div class=""page3a2a2a1a3"">Livraison</div>\n<div class=""page3a2a2a1a2"">Livré dans un sac en filet très résistant de 52 cm x 85 cm.</div>\n<div class=""page3a2a2a1a2"">Équivalent à environ 3,5 sacs de chantier remplis en vrac.</div></td>\n</tr>\n</tbody>\n</table>\n</div>",,,taxable,,1,,,0,0,,,,,1,,184,230,Bois de chauffage,,,https://boispro.ch/wp-content/uploads/2023/08/00017.jpg,0,,,,kiln,,
simple,WH-0013,Bûches de bois de chauffage en chêne séché au four - caisse,1,0,visible,"De véritables bûches de bois dur mature, séchées au four et dont le taux d'humidité est inférieur à 20 %. Pour votre commodité, elles sont livrées prêtes à brûler et à dégager une chaleur maximale.","<div class=""page3a2a2"">\n<table class=""page3a2a2a"">\n<tbody>\n<tr class=""page3a2a2a1"">\n<td class=""page3a2a2a1a"">\n<div class=""page3a2a2a1a1"">Présentation</div></td>\n<td class=""page3a2a2a1b"">\n<div class=""page3a2a2a1a2"">En empilant les bûches de bois de chauffage dans les caisses, nous pouvons charger 20% de bûches en plus, par rapport aux sacs en vrac. En éliminant les espaces vides entre les bûches. Le même montant d'argent, mais 20 % de bûches de bois de chauffage de bouleau séchées au four en plus.</div>\n<div class=""page3a2a2a1a3"">Notre objectif est de rendre le processus d'allumage et d'entretien du feu aussi simple et agréable que possible.</div>\n<div class=""page3a2a2a1a2"">Oubliez le bois séché à l'air avec un taux d'humidité élevé qui nécessite des soins et de l'attention pour être prêt à brûler. Nous savons que lorsque vous voulez allumer un feu, vous voulez le faire rapidement avec des bûches de haute qualité qui brûleront et brûleront sans attention constante.</div></td>\n</tr>\n</tbody>\n</table>\n</div>\n<div class=""page3a2a2"">\n<table class=""page3a2a2a"">\n<tbody>\n<tr class=""page3a2a2a1"">\n<td class=""page3a2a2a1a"">\n<div class=""page3a2a2a1a1"">Informations complémentaires</div></td>\n<td class=""page3a2a2a1b"">\n<div class=""page3a2a2a1a3"">Volume</div>\n<div class=""page3a2a2a1a2"">1.96 m3</div>\n<div class=""page3a2a2a1a3"">Dimensions</div>\n<div class=""page3a2a2a1a2"">0,85m x 1,5m x 2m</div>\n<div class=""page3a2a2a1a3"">Poids</div>\n<div class=""page3a2a2a1a2"">800 kg</div></td>\n</tr>\n</tbody>\n</table>\n</div>",,,taxable,,1,,,0,0,,,,,1,,280,400,Bois de chauffage,,,https://boispro.ch/wp-content/uploads/2023/08/00019.jpg,0,oak,,,kiln,,
simple,WH-0014,Caisse de hêtre super ordinaire,1,0,visible,"La caisse Super Regular, qui se situe entre la caisse normale et la grande caisse, est remplie de bois de hêtre séché au four de première qualité. L'empilage soigné assure un volume équivalent à environ 2,5 sacs de bûches. Si vous utilisez votre poêle à bois de manière intensive le soir et le week-end, cette caisse est parfaite et vous permettra de passer l'hiver.","<div class=""page3a2a2"">\n<table class=""page3a2a2a"">\n<tbody>\n<tr class=""page3a2a2a1"">\n<td class=""page3a2a2a1a"">\n<div class=""page3a2a2a1a1"">Présentation</div></td>\n<td class=""page3a2a2a1b"">\n<div class=""page3a2a2a1a3"">L'arbre national du Danemark, le hêtre (fagus), est un arbre à croissance lente mais qui atteint des hauteurs énormes une fois arrivé à maturité.</div>\n<div class=""page3a2a2a1a2"">À l'âge mûr de 400 ans, certains hêtres peuvent atteindre plus de 125 pieds de haut et 5 pieds de diamètre ! Le hêtre est le leader en termes de production de chaleur, avec un rendement sensationnel de 3 000 kilowattheures par mètre cube. C'est environ 1 000 mj/kg de plus que les autres bois listés sur Logs Near Me.</div>\n<div class=""page3a2a2a1a3"">Le bois le plus brûlant!</div>\n<div class=""page3a2a2a1a2"">Brûle plus fort que le frêne et le bouleau.</div></td>\n</tr>\n</tbody>\n</table>\n</div>\n<div class=""page3a2a2"">\n<table class=""page3a2a2a"">\n<tbody>\n<tr class=""page3a2a2a1"">\n<td class=""page3a2a2a1a"">\n<div class=""page3a2a2a1a1"">Informations complémentaires</div></td>\n<td class=""page3a2a2a1b"">\n<div class=""page3a2a2a1a3"">Teneur en humidité</div>\n<div class=""page3a2a2a1a2"">18% ou moins</div>\n<div class=""page3a2a2a1a3"">Poids de la caisse</div>\n<div class=""page3a2a2a1a2"">525 kg</div>\n<div class=""page3a2a2a1a3"">Longueur des bûches</div>\n<div class=""page3a2a2a1a2"">23-25cm (convient à 95% des poêles)</div>\n<div class=""page3a2a2a1a3"">Diamètre de la bûche</div>\n<div class=""page3a2a2a1a2"">6-15cm</div>\n<div class=""page3a2a2a1a3"">Dimensions extérieures de la caisse</div>\n<div class=""page3a2a2a1a2"">113x110x115</div></td>\n</tr>\n</tbody>\n</table>\n</div>",,,taxable,,1,,,0,0,,,,,1,,225,300,Bois de chauffage,,,https://boispro.ch/wp-content/uploads/2023/08/00032.jpg,0,beech,,,,,
simple,WH-0015,Bouleau séché au four - Bûches de bois de chauffage - Caisse classique,1,0,visible,"<div class=""page3a1b1g"">Le bois de chauffage de bouleau séché au four de qualité supérieure a été produit pour les utilisateurs de bûches qui souhaitent brûler un combustible de haute qualité à forte teneur en chaleur. Notre bois sec est composé à 100 % de bois vierge local provenant de sources durables et certifié BSL/FSC, avec une faible teneur en humidité (moins de 20 %). C'est le combustible idéal pour votre chaudière à bûches, votre poêle à bois ou votre feu ouvert, que vous chauffiez votre maison ou votre entreprise.</div>","<div class=""page3a2a2"">\n<table class=""page3a2a2a"">\n<tbody>\n<tr class=""page3a2a2a1"">\n<td class=""page3a2a2a1a"">\n<div class=""page3a2a2a1a1"">Présentation</div></td>\n<td class=""page3a2a2a1b"">\n<div class=""page3a2a2a1a3"">Bûches de bois de chauffage de bouleau séché au four, prêtes à brûler et certifiées par Woodsure.</div>\n<div class=""page3a2a2a1a2"">Nos bûches sèches garantissent de faibles émissions et un chauffage sans problème avec une valeur énergétique et thermique élevée.</div>\n<div class=""page3a2a2a1a2"">Le bois de chauffage séché au four Premium a été produit pour permettre aux utilisateurs de bois de chauffage d'avoir une confiance totale dans la qualité et la disponibilité de leur combustible.</div>\n<div class=""page3a2a2a1a2"">Les bûches mixtes séchées au four sont composées de bouleau. Tout le bois est issu de forêts et d'exploitations forestières 100% vierges, traçables et durables. La faible teneur en humidité (moins de 20 %) permet une combustion propre et un rendement calorifique élevé.</div></td>\n</tr>\n</tbody>\n</table>\n</div>\n<div class=""page3a2a2"">\n<table class=""page3a2a2a"">\n<tbody>\n<tr class=""page3a2a2a1"">\n<td class=""page3a2a2a1a"">\n<div class=""page3a2a2a1a1"">Informations complémentaires</div></td>\n<td class=""page3a2a2a1b"">\n<div class=""page3a2a2a1a3"">Dimension</div>\n<div class=""page3a2a2a1a2"">Length 84cm x Width 110cm x Height 140cm</div>\n<div class=""page3a2a2a1a3"">Poids approximatif</div>\n<div class=""page3a2a2a1a2"">520 kg</div>\n<div class=""page3a2a2a1a3"">Longueur approximative des bûches</div>\n<div class=""page3a2a2a1a2"">25cm (10 pouces)</div></td>\n</tr>\n</tbody>\n</table>\n</div>",,,taxable,,1,,,0,0,,,,,1,,225,300,Bois de chauffage,,,https://boispro.ch/wp-content/uploads/2023/08/00025.jpg,0,birch,,20,kiln,,
simple,WH-0016,Bûches de bois de chauffage de frêne séché au four DUAL Bulk Bag,1,0,visible,"Le bois de chauffage de bouleau séché au four de qualité supérieure a été produit pour les utilisateurs de bûches qui souhaitent brûler un combustible de haute qualité à forte teneur en chaleur. Notre bois sec est composé à 100 % de bois vierge local provenant de sources durables et certifié BSL/FSC, avec une faible teneur en humidité (moins de 20 %). C'est le combustible idéal pour votre chaudière à bûches, votre poêle à bois ou votre feu ouvert, que vous chauffiez votre maison ou votre entreprise.","<div class=""page3a2a2"">\n<table class=""page3a2a2a"">\n<tbody>\n<tr class=""page3a2a2a1"">\n<td class=""page3a2a2a1a"">\n<div class=""page3a2a2a1a1"">Présentation</div></td>\n<td class=""page3a2a2a1b"">\n<div class=""page3a2a2a1a3"">Bûches de bois de chauffage de bouleau séché au four, prêtes à brûler et certifiées par Woodsure.</div>\n<div class=""page3a2a2a1a2"">Nos bûches sèches garantissent de faibles émissions et un chauffage sans problème avec une valeur énergétique et thermique élevée.</div>\n<div class=""page3a2a2a1a2"">Le bois de chauffage séché au four Premium a été produit pour permettre aux utilisateurs de bois de chauffage d'avoir une confiance totale dans la qualité et la disponibilité de leur combustible.</div>\n<div class=""page3a2a2a1a2"">Les bûches mixtes séchées au four sont composées de bouleau. Tout le bois est issu de forêts et d'exploitations forestières 100% vierges, traçables et durables. La faible teneur en humidité (moins de 20 %) permet une combustion propre et un rendement calorifique élevé.</div></td>\n</tr>\n</tbody>\n</table>\n</div>\n<div class=""page3a2a2"">\n<table class=""page3a2a2a"">\n<tbody>\n<tr class=""page3a2a2a1"">\n<td class=""page3a2a2a1a"">\n<div class=""page3a2a2a1a1"">Informations complémentaires</div></td>\n<td class=""page3a2a2a1b"">\n<div class=""page3a2a2a1a3"">Dimension</div>\n<div class=""page3a2a2a1a2"">Length 80cm x Width 80cm x Height 160cm</div>\n<div class=""page3a2a2a1a3"">Poids approximatif</div>\n<div class=""page3a2a2a1a2"">415 kg</div>\n<div class=""page3a2a2a1a3"">Longueur approximative des bûches</div>\n<div class=""page3a2a2a1a2"">25cm (10 pouces)</div></td>\n</tr>\n</tbody>\n</table>\n</div>",,,taxable,,1,,,0,0,,,,,1,,184,230,Bois de chauffage,,,https://boispro.ch/wp-content/uploads/2023/08/00026.jpg,0,ash,,20,kiln,,
simple,WH-0017,Bouleau séché au four - bois de chauffage - caisse géante,1,0,visible,"Le bois de chauffage de bouleau séché au four de qualité supérieure a été produit pour les utilisateurs de bûches qui souhaitent brûler un combustible de haute qualité à forte teneur en chaleur. Notre bois sec est composé à 100% de bois vierge local certifié BSL/FSC avec une faible teneur en humidité de moins de 20%. C'est le combustible idéal pour votre chaudière à bûches, votre poêle à bois ou votre feu ouvert, que vous chauffiez votre maison ou votre entreprise.","<div class=""page3a2a2"">\n<table class=""page3a2a2a"">\n<tbody>\n<tr class=""page3a2a2a1"">\n<td class=""page3a2a2a1a"">\n<div class=""page3a2a2a1a1"">Présentation</div></td>\n<td class=""page3a2a2a1b"">\n<div class=""page3a2a2a1a3"">100% bois dur certifié</div>\n<div class=""page3a2a2a1a2"">Nos bûches sèches garantissent de faibles émissions et un chauffage sans problème avec une valeur énergétique et thermique élevée.</div>\n<div class=""page3a2a2a1a2"">Le bois de chauffage de bouleau séché au four de qualité supérieure a été produit pour permettre aux utilisateurs de bois de chauffage d'avoir une confiance totale dans la qualité et la disponibilité de leur combustible.</div>\n<div class=""page3a2a2a1a2"">Bûches de bois de chauffage de bouleau séché au four prêtes à brûler et certifiées par Woodsure. Faible taux d'humidité (moins de 20 %) permettant une combustion propre et un rendement calorifique élevé. Un pouvoir calorifique élevé et une chaleur élevée. Un combustible très propre qui ne noircit pas la vitre de votre poêle à bois.</div></td>\n</tr>\n</tbody>\n</table>\n</div>\n<div class=""page3a2a2"">\n<table class=""page3a2a2a"">\n<tbody>\n<tr class=""page3a2a2a1"">\n<td class=""page3a2a2a1a"">\n<div class=""page3a2a2a1a1"">Informations complémentaires</div></td>\n<td class=""page3a2a2a1b"">\n<div class=""page3a2a2a1a3"">Dimensions</div>\n<div class=""page3a2a2a1a2"">Longueur 84cm x Largeur 109cm x Hauteur 187cm</div>\n<div class=""page3a2a2a1a3"">Poids approximatif</div>\n<div class=""page3a2a2a1a2"">690 kg</div></td>\n</tr>\n</tbody>\n</table>\n</div>",,,taxable,,1,,,0,0,,,,,1,,255,340,Bois de chauffage,,,https://boispro.ch/wp-content/uploads/2023/08/00024.jpg,0,birch,,20,kiln,,
simple,WH-0018,Caisse de bouleau séché au four 1.96m3 mètre cube,1,0,visible,"Ce produit est issu de forêts durables de qualité supérieure. Profitez de la caisse de 1,96 m3 livrée par notre camion et moffett mounty pour obtenir la meilleure valeur sur le marché.","<div class=""page3a2a2"">\n<table class=""page3a2a2a"">\n<tbody>\n<tr class=""page3a2a2a1"">\n<td class=""page3a2a2a1a"">\n<div class=""page3a2a2a1a1"">Présentation</div></td>\n<td class=""page3a2a2a1b"">\n<div class=""page3a2a2a1a2"">Le bois est séché au four pour atteindre une teneur en humidité inférieure à 20 %, ce qui permet une meilleure combustion. Plus de chaleur, moins de fumée, moins de suie et moins de cendres Un combustible propre, sec et sans poussière Livré à votre porte et placé dans votre magasin. Brûle plus chaud, brûle plus longtemps. Récolté dans des forêts gérées, ce qui réduit votre empreinte carbone.</div>\n<div class=""page3a2a2a1a2"">Une caisse de 2 m de côté permet d'obtenir 140 jours de chauffage sur un poêle à bois de 5 KW (un hiver pour un foyer typique !!).</div>\n<div class=""page3a2a2a1a3"">Vendu en palette emballée à la main</div>\n<div class=""page3a2a2a1a2"">Le bois de chauffage séché au four est le bois de chauffage par excellence. Il fournit la chaleur maximale et la combustion la plus propre. Séché à moins de 20 % d'humidité, le bois de chauffage séché au four brûle plus fort et plus longtemps que le bois de chauffage séché. Les bûches traitées et séchées sont empilées de manière compacte dans des caisses, puis placées dans des fours qui utilisent la chaleur résiduelle pour fournir la chaleur nécessaire au séchage.</div></td>\n</tr>\n</tbody>\n</table>\n</div>\n<div class=""page3a2a2"">\n<table class=""page3a2a2a"">\n<tbody>\n<tr class=""page3a2a2a1"">\n<td class=""page3a2a2a1a"">\n<div class=""page3a2a2a1a1"">Informations complémentaires</div></td>\n<td class=""page3a2a2a1b"">\n<div class=""page3a2a2a1a3"">Teneur en humidité</div>\n<div class=""page3a2a2a1a2"">Moins de 20%</div>\n<div class=""page3a2a2a1a3"">Taille des bûches</div>\n<div class=""page3a2a2a1a2"">25-30 Cm</div></td>\n</tr>\n</tbody>\n</table>\n</div>",,,taxable,,1,,,0,0,,,,,1,,280,400,Bois de chauffage,,,https://boispro.ch/wp-content/uploads/2023/08/00023.jpg,0,birch,,20,kiln,,
simple,WH-0019,Bûches de bois de chauffage Extra Chunky séchées au four Sac en vrac,1,0,visible,"Le bois de chauffage de bouleau séché au four de qualité supérieure a été produit pour les utilisateurs de bûches qui souhaitent brûler un combustible de haute qualité à forte teneur en chaleur. Notre combustible sec est composé à 100% de bois vierge local provenant de sources durables et certifié BSL/FSC, avec une faible teneur en humidité de moins de 20%. C'est le combustible idéal pour votre chaudière à bûches, votre poêle à bois ou votre feu ouvert, que vous chauffiez votre maison ou votre entreprise.","<div class=""page3a2a2"">\n<table class=""page3a2a2a"">\n<tbody>\n<tr class=""page3a2a2a1"">\n<td class=""page3a2a2a1a"">\n<div class=""page3a2a2a1a1"">Présentation</div></td>\n<td class=""page3a2a2a1b"">\n<div class=""page3a2a2a1a3"">Bûches de bois de chauffage de bouleau séché au four, prêtes à brûler et certifiées par Woodsure.</div>\n<div class=""page3a2a2a1a2"">Nos bûches sèches garantissent de faibles émissions et un chauffage sans problème avec une valeur énergétique et thermique élevée.</div>\n<div class=""page3a2a2a1a2"">Le bois de chauffage séché au four Premium a été produit pour permettre aux utilisateurs de bois de chauffage d'avoir une confiance totale dans la qualité et la disponibilité de leur combustible.</div>\n<div class=""page3a2a2a1a2"">Les bûches mixtes séchées au four sont composées de bouleau. Tout le bois est issu de forêts et d'exploitations forestières 100% vierges, traçables et durables. La faible teneur en humidité (moins de 20 %) permet une combustion propre et un rendement calorifique élevé.</div></td>\n</tr>\n</tbody>\n</table>\n</div>\n<div class=""page3a2a2"">\n<table class=""page3a2a2a"">\n<tbody>\n<tr class=""page3a2a2a1"">\n<td class=""page3a2a2a1a"">\n<div class=""page3a2a2a1a1"">Informations complémentaires</div></td>\n<td class=""page3a2a2a1b"">\n<div class=""page3a2a2a1a3"">Dimension</div>\n<div class=""page3a2a2a1a2"">Length 80cm x Width 80cm x Height 80cm</div>\n<div class=""page3a2a2a1a3"">Poids approximatif</div>\n<div class=""page3a2a2a1a2"">250 kg</div>\n<div class=""page3a2a2a1a3"">Longueur approximative des bûches</div>\n<div class=""page3a2a2a1a2"">25cm (10 pouces)</div></td>\n</tr>\n</tbody>\n</table>\n</div>",,,taxable,,1,,,0,0,,,,,1,,136,170,Bois de chauffage,,,https://boispro.ch/wp-content/uploads/2023/08/00028.jpg,0,,,20,kiln,,
simple,WH-0020,Sacs de brouette de bûches de bois dur mélangé séché au four x4,1,0,visible,"Le bois de chauffage de bouleau séché au four de qualité supérieure a été produit pour les utilisateurs de bûches qui souhaitent brûler un combustible de haute qualité à forte teneur en chaleur. Notre bois sec est composé à 100 % de bois vierge local provenant de sources durables certifiées BSL/FSC, avec une faible teneur en humidité de moins de 20 %. C'est le combustible idéal pour votre chaudière à bûches, votre poêle à bois ou votre feu ouvert, que vous chauffiez votre maison ou votre entreprise.","<div class=""page3a2a2"">\n<table class=""page3a2a2a"">\n<tbody>\n<tr class=""page3a2a2a1"">\n<td class=""page3a2a2a1a"">\n<div class=""page3a2a2a1a1"">Présentation</div></td>\n<td class=""page3a2a2a1b"">\n<div class=""page3a2a2a1a3"">Bûches de bois de chauffage de bouleau séché au four, prêtes à brûler et certifiées par Woodsure.</div>\n<div class=""page3a2a2a1a2"">Nos bûches sèches garantissent de faibles émissions et un chauffage sans problème avec une valeur énergétique et thermique élevée.</div>\n<div class=""page3a2a2a1a2"">Le bois de chauffage séché au four Premium a été produit pour permettre aux utilisateurs de bois de chauffage d'avoir une confiance totale dans la qualité et la disponibilité de leur combustible.</div>\n<div class=""page3a2a2a1a2"">Les bûches mixtes séchées au four sont composées de bouleau. Tout le bois est issu de forêts et d'exploitations forestières 100% vierges, traçables et durables. La faible teneur en humidité (moins de 20 %) permet une combustion propre et un rendement calorifique élevé.</div></td>\n</tr>\n</tbody>\n</table>\n</div>\n<div class=""page3a2a2"">\n<table class=""page3a2a2a"">\n<tbody>\n<tr class=""page3a2a2a1"">\n<td class=""page3a2a2a1a"">\n<div class=""page3a2a2a1a1"">Informations complémentaires</div></td>\n<td class=""page3a2a2a1b"">\n<div class=""page3a2a2a1a3"">Dimension</div>\n<div class=""page3a2a2a1a2"">Length 100cm x Width 100cm x Height 95cm</div>\n<div class=""page3a2a2a1a3"">Poids approximatif</div>\n<div class=""page3a2a2a1a2"">240 kg</div>\n<div class=""page3a2a2a1a3"">Longueur approximative des bûches</div>\n<div class=""page3a2a2a1a2"">25cm (10 pouces)</div></td>\n</tr>\n</tbody>\n</table>\n</div>",,,taxable,,1,,,0,0,,,,,1,,128,160,Bois de chauffage,,,https://boispro.ch/wp-content/uploads/2023/08/00027.jpg,0,mixed,,20,kiln,,
simple,WH-0021,54 Filets Bouleau Kiln Dried Logs (500kg),1,0,visible,"Si la prise en charge d'une caisse de bûches est trop importante pour vous pour diverses raisons, nous avons une demi-palette de 52 filets pour vous. Faciles à transporter, à décharger et à stocker, 54 filets (environ 500 kg) vous offriront un volume de bois se situant entre notre caisse économique et notre grande caisse.","<div class=""page3a2a2"">\n<table class=""page3a2a2a"">\n<tbody>\n<tr class=""page3a2a2a1"">\n<td class=""page3a2a2a1a"">\n<div class=""page3a2a2a1a1"">Présentation</div></td>\n<td class=""page3a2a2a1b"">\n<div class=""page3a2a2a1a3"">Le bouleau, comme le frêne, est un autre bois dur et un bon bois de chauffage à brûler, surtout si vous voulez une chaleur rapide.</div>\n<div class=""page3a2a2a1a2"">L'écorce de bouleau est un excellent allume-feu car elle ressemble au papier et dégage une odeur unique, légèrement sucrée, que la plupart des gens trouvent agréable. Le bouleau est parfait si vos bûches doivent être exposées en raison de son écorce argentée et floconneuse. Nous recommandons le bouleau si vous faites des feux occasionnels et que vous souhaitez une chaleur rapide et élevée.</div>\n<div class=""page3a2a2a1a2"">Il est excellent lorsqu'il est brûlé avec d'autres bûches à combustion plus lente.</div></td>\n</tr>\n</tbody>\n</table>\n</div>\n<div class=""page3a2a2"">\n<table class=""page3a2a2a"">\n<tbody>\n<tr class=""page3a2a2a1"">\n<td class=""page3a2a2a1a"">\n<div class=""page3a2a2a1a1"">Informations complémentaires</div></td>\n<td class=""page3a2a2a1b"">\n<div class=""page3a2a2a1a3"">Teneur en humidité</div>\n<div class=""page3a2a2a1a2"">18% ou moins</div>\n<div class=""page3a2a2a1a3"">Poids</div>\n<div class=""page3a2a2a1a2"">500kg</div>\n<div class=""page3a2a2a1a3"">Longueur des bûches</div>\n<div class=""page3a2a2a1a2"">23-25cm (convient à 95% des poêles)</div>\n<div class=""page3a2a2a1a3"">Diamètre de la bûche</div>\n<div class=""page3a2a2a1a2"">6-15cm</div>\n<div class=""page3a2a2a1a3"">Mesures intérieures du filet</div>\n<div class=""page3a2a2a1a2"">45cmx55cm</div></td>\n</tr>\n</tbody>\n</table>\n</div>",,,taxable,,1,,,0,0,,,,,1,,224,280,Bois de chauffage,,,https://boispro.ch/wp-content/uploads/2023/08/00034.jpg,0,birch,,,kiln,kg,500
simple,WH-0022,Caisse de bouleau ordinaire,1,0,visible,"Cette caisse régulière est remplie de bouleau de qualité supérieure, séché au four. L'empilage soigné garantit un volume équivalent à environ 2,1 grands sacs de bûches. Si vous utilisez votre poêle à bois principalement le soir et le week-end, cette caisse est parfaite et vous permettra de passer l'hiver.","<div class=""page3a2a2"">\n<table class=""page3a2a2a"">\n<tbody>\n<tr class=""page3a2a2a1"">\n<td class=""page3a2a2a1a"">\n<div class=""page3a2a2a1a1"">Présentation</div></td>\n<td class=""page3a2a2a1b"">\n<div class=""page3a2a2a1a3"">Le bouleau, comme le frêne, est un autre bois dur et un bon bois de chauffage à brûler, surtout si vous voulez une chaleur rapide.</div>\n<div class=""page3a2a2a1a2"">L'écorce de bouleau est un excellent allume-feu car elle ressemble au papier et dégage une odeur unique, légèrement sucrée, que la plupart des gens trouvent agréable. Le bouleau est parfait si vos bûches doivent être exposées en raison de son écorce argentée et floconneuse. Nous recommandons le bouleau si vous faites des feux occasionnels et que vous souhaitez une chaleur rapide et élevée.</div>\n<div class=""page3a2a2a1a2"">Il est excellent lorsqu'il est brûlé avec d'autres bûches à combustion plus lente.</div>\n<div class=""page3a2a2a1a3"">Teneur en humidité</div>\n<div class=""page3a2a2a1a2"">18% ou moins</div>\n<div class=""page3a2a2a1a3"">Poids de la caisse</div>\n<div class=""page3a2a2a1a2"">400kg</div></td>\n</tr>\n</tbody>\n</table>\n</div>\n<div class=""page3a2a2"">\n<table class=""page3a2a2a"">\n<tbody>\n<tr class=""page3a2a2a1"">\n<td class=""page3a2a2a1a"">\n<div class=""page3a2a2a1a1"">Informations complémentaires</div></td>\n<td class=""page3a2a2a1b"">\n<div class=""page3a2a2a1a3"">Longueur des bûches</div>\n<div class=""page3a2a2a1a2"">23-25cm (convient à 95% des poêles)</div>\n<div class=""page3a2a2a1a3"">Diamètre de la bûche</div>\n<div class=""page3a2a2a1a2"">6-15cm</div>\n<div class=""page3a2a2a1a3"">Volume en vrac</div>\n<div class=""page3a2a2a1a2"">1.34m3</div>\n<div class=""page3a2a2a1a3"">Volume empilé</div>\n<div class=""page3a2a2a1a2"">0.79m3</div>\n<div class=""page3a2a2a1a3"">Dimensions extérieures de la caisse</div>\n<div class=""page3a2a2a1a2"">112x114x80</div>\n<div class=""page3a2a2a1a3"">Dimensions intérieures de la caisse</div>\n<div class=""page3a2a2a1a2"">107x109x66</div></td>\n</tr>\n</tbody>\n</table>\n</div>",,,taxable,,1,,,0,0,,,,,1,,184,230,Bois de chauffage,,,https://boispro.ch/wp-content/uploads/2023/08/00037.jpg,0,birch,,,,,
simple,WH-0023,50 cm - Mélange de bois durs - Palette 2 m3 - 2.5 stères,1,0,visible,"Ces bûches sont refendues en 50 cm, idéales pour les cheminées et inserts. Ce bois conviendra parfaitement dans les foyers ouverts ou fermés de grandes dimensions.","<div class=""page3a2a2"">\n<table class=""page3a2a2a"">\n<tbody>\n<tr class=""page3a2a2a1"">\n<td class=""page3a2a2a1a"">\n<div class=""page3a2a2a1a1"">Présentation</div></td>\n<td class=""page3a2a2a1b"">\n<div class=""page3a2a2a1a3"">Palette de 2M3 soit 2.5 stères de bois, en bûches refendues en 50-55 cm, mélange de bois durs (frêne, hêtre et charme)</div>\n<div class=""page3a2a2a1a2"">N'oubliez pas que pour bien faire sécher votre bois, il faut le stocker dans un endroit sec, ventilé et à l'abri de l'humidité.</div>\n<div class=""page3a2a2a1a2"">L'idéal est sous abri de type préau (ouvert sur le devant et fermé sur les côtés et le dessus) l'air passe bien entre le bois et la pluie n'entre pas.</div>\n<div class=""page3a2a2a1a3"">Taux D'humidité</div>\n<div class=""page3a2a2a1a2"">Inférieur à 20%</div>\n<div class=""page3a2a2a1a3"">Essence</div>\n<div class=""page3a2a2a1a2"">Mélange de bois durs</div></td>\n</tr>\n</tbody>\n</table>\n</div>\n<div class=""page3a2a2"">\n<table class=""page3a2a2a"">\n<tbody>\n<tr class=""page3a2a2a1"">\n<td class=""page3a2a2a1a"">\n<div class=""page3a2a2a1a1"">Informations complémentaires</div></td>\n<td class=""page3a2a2a1b"">\n<div class=""page3a2a2a1a3"">Volume En M3</div>\n<div class=""page3a2a2a1a2"">2 m3</div>\n<div class=""page3a2a2a1a3"">Volume En Stères</div>\n<div class=""page3a2a2a1a2"">2.5 stères</div>\n<div class=""page3a2a2a1a3"">Technique De Séchage</div>\n<div class=""page3a2a2a1a2"">Naturel en extérieur</div>\n<div class=""page3a2a2a1a3"">Type De Bois</div>\n<div class=""page3a2a2a1a2"">Bois dur (feuillus)</div>\n<div class=""page3a2a2a1a3"">Longueur</div>\n<div class=""page3a2a2a1a2"">50 cm</div></td>\n</tr>\n</tbody>\n</table>\n</div>",,,taxable,,1,,,0,0,,,,,1,,225,300,Bois de chauffage,,,https://boispro.ch/wp-content/uploads/2023/08/00051.jpg,0,mixed,50,20,air,rm,2.5
simple,WH-0024,Bûches de nuit - Palette de 960 kg,1,0,visible,"Bois densifié longue durée, mélange bois durs (hêtre, frêne et chêne) + miscanthus. 100 % naturel, sans colle, ni additifs. Vendu pour un poids total de palette faisant 960 kg.","<div class=""page3a2a2"">\n<table class=""page3a2a2a"">\n<tbody>\n<tr class=""page3a2a2a1"">\n<td class=""page3a2a2a1a"">\n<div class=""page3a2a2a1a1"">Présentation</div></td>\n<td class=""page3a2a2a1b"">\n<div class=""page3a2a2a1a3"">Ces bûches à combustion longue durée sont très pratiques en fin de feu.</div>\n<div class=""page3a2a2a1a2"">Elles sont à déposer sur un lit de braises en fermant les arrivées d'air de votre appareil. Elles durent entre 6 à 8h pour une tranquillité durant votre absence ou la nuit. Un taux d'humidité très faible inférieur à 7% et fort pouvoir calorifique à 4.9 kWh/kg.</div>\n<div class=""page3a2a2a1a2"">En utilisant ces bûches, vous contribuez au nettoyage du conduit grâce au miscanthus qui sèche les suies.</div>\n<div class=""page3a2a2a1a3"">Pouvoir Calorifique</div>\n<div class=""page3a2a2a1a2"">4.9 kWh/kg</div>\n<div class=""page3a2a2a1a3"">Taux D'humidité</div>\n<div class=""page3a2a2a1a2"">Inférieur à 7%</div></td>\n</tr>\n</tbody>\n</table>\n</div>\n<div class=""page3a2a2"">\n<table class=""page3a2a2a"">\n<tbody>\n<tr class=""page3a2a2a1"">\n<td class=""page3a2a2a1a"">\n<div class=""page3a2a2a1a1"">Informations complémentaires</div></td>\n<td class=""page3a2a2a1b"">\n<div class=""page3a2a2a1a3"">Taux De Cendres</div>\n<div class=""page3a2a2a1a2"">Inférieur à 1.5%</div>\n<div class=""page3a2a2a1a3"">Type De Bois</div>\n<div class=""page3a2a2a1a2"">Bois durs et miscanthus</div>\n<div class=""page3a2a2a1a3"">Longueur</div>\n<div class=""page3a2a2a1a2"">28 à 29 cm</div>\n<div class=""page3a2a2a1a3"">Diamètre</div>\n<div class=""page3a2a2a1a2"">8.5 cm</div></td>\n</tr>\n</tbody>\n</table>\n</div>",,,taxable,,1,,,0,0,,,,,1,,216,270,Bûches compressées,,,https://boispro.ch/wp-content/uploads/2023/08/00057.jpg,0,,,,,kg,960
simple,WH-0025,Briquettes de bois de chauffage,1,0,visible,"Convient aux poêles à bois, aux poêles multicombustibles et aux feux ouverts. Pouvoir calorifique ~4,8 kwh/kg. Durée de combustion d'environ 1,5 heure","<div class=""page3a2a2"">\n<table class=""page3a2a2a"">\n<tbody>\n<tr class=""page3a2a2a1"">\n<td class=""page3a2a2a1a"">\n<div class=""page3a2a2a1a1"">Présentation</div></td>\n<td class=""page3a2a2a1b"">\n<div class=""page3a2a2a1a3"">Nous avons obtenu une durée de combustion d'environ 1,5 à 2 heures en les utilisant sur un feu établi.</div>\n<div class=""page3a2a2a1a2"">Elles peuvent rester incandescentes pendant une heure de plus, ce qui donne une durée totale d'environ 3 heures. Comme toujours, le temps de combustion et le temps d'incandescence peuvent varier en fonction du poêle dans lequel ils sont utilisés et de la façon dont le poêle est utilisé. Cette durée de combustion est une moyenne obtenue sur un certain nombre de semaines d'essai sur différents poêles.</div></td>\n</tr>\n</tbody>\n</table>\n</div>\n<div class=""page3a2a2"">\n<table class=""page3a2a2a"">\n<tbody>\n<tr class=""page3a2a2a1"">\n<td class=""page3a2a2a1a"">\n<div class=""page3a2a2a1a1"">Informations complémentaires</div></td>\n<td class=""page3a2a2a1b"">\n<div class=""page3a2a2a1a3"">Poids d'expédition</div>\n<div class=""page3a2a2a1a2"">960 kg</div>\n<div class=""page3a2a2a1a3"">Taille de la briquette</div>\n<div class=""page3a2a2a1a2"">~ 300mm x 75mm x 75mm</div>\n<div class=""page3a2a2a1a3"">Pouvoir calorifique</div>\n<div class=""page3a2a2a1a2"">~4.8 kWh/kg</div></td>\n</tr>\n</tbody>\n</table>\n</div>",,,taxable,,1,,,0,0,,,,,1,,216,270,Bûches compressées,,,"https://boispro.ch/wp-content/uploads/2023/08/00010.jpg, https://boispro.ch/wp-content/uploads/2023/08/00012.jpg, https://boispro.ch/wp-content/uploads/2023/08/00011.jpg",0,,,,,,
simple,WH-0026,Grand sac en vrac de HotRods Ecofire,1,0,visible,"Briquettes de bois Ecofire HotRods, fabriquées par une presse mécanique à usage intensif. Ces briquettes sont des bûches de chaleur de haute qualité, très denses, durables et très sèches. Elles sont parfaites pour les cheminées, les feux ouverts et les poêles multicombustibles.","<div class=""page3a2a2"">\n<table class=""page3a2a2a"">\n<tbody>\n<tr class=""page3a2a2a1"">\n<td class=""page3a2a2a1a"">\n<div class=""page3a2a2a1a1"">Présentation</div></td>\n<td class=""page3a2a2a1b"">\n<div class=""page3a2a2a1a3"">Idéales pour une utilisation immédiate sur les brûleurs à bûches, les poêles multicombustibles et les cheminées.</div>\n<div class=""page3a2a2a1a2"">Les bûches de bois de chauffage ordinaires produisent moins de chaleur jusqu'à ce que toute l'humidité soit évaporée de la bûche. Avec ces superbes briquettes de bois, la chaleur est produite presque instantanément en raison de la très faible teneur en humidité.</div>\n<div class=""page3a2a2a1a2"">Ces briquettes, également connues sous le nom de bûches de chaleur ou bûches écologiques, peuvent être cassées à n'importe quelle taille assez facilement, les plus petits morceaux peuvent même servir de bois d'allumage, donc il n'y a vraiment aucun gaspillage avec cet article. L'impact environnemental de cette briquette est réduit par l'absence d'emballage individuel du produit, le seul emballage étant la palette (qui peut également être brûlée) et la petite quantité de film rétractable externe pour empêcher l'infiltration d'humidité.</div>\n<div class=""page3a2a2a1a2"">Ces briquettes doivent être stockées dans des conditions sèches et sous abri pour conserver leurs excellentes qualités de combustion.</div></td>\n</tr>\n</tbody>\n</table>\n</div>\n<div class=""page3a2a2"">\n<table class=""page3a2a2a"">\n<tbody>\n<tr class=""page3a2a2a1"">\n<td class=""page3a2a2a1a"">\n<div class=""page3a2a2a1a1"">Informations complémentaires</div></td>\n<td class=""page3a2a2a1b"">\n<div class=""page3a2a2a1a3"">Poids</div>\n<div class=""page3a2a2a1a2"">Sac en vrac extra large : environ 500kg.</div>\n<div class=""page3a2a2a1a3"">Valeur calorifique</div>\n<div class=""page3a2a2a1a2"">~4.8 kWh/kg</div>\n<div class=""page3a2a2a1a2"">Veuillez noter que les briquettes de bois se dilatent un peu pendant l'utilisation. Remplissez donc la grille du foyer un peu moins que vous ne le feriez avec d'autres combustibles et soyez étonné de voir le combustible s'adapter et dégager presque instantanément d'énormes quantités de chaleur écologique ! Ces briquettes sont fabriquées à partir de déchets vierges (non recyclés) provenant de divers processus de sciage - la plupart du bois traité est certifié FSC. Vous pouvez donc être certain qu'il s'agit de l'alternative au charbon la plus propre et la plus écologique qui soit.</div></td>\n</tr>\n</tbody>\n</table>\n</div>",,,taxable,,1,,,0,0,,,,,1,,120,150,Bûches compressées,,,https://boispro.ch/wp-content/uploads/2023/08/00059.jpg,0,,,,,,
simple,WH-0027,Briquettes de bois - Palette complète,1,0,visible,"Fabriquées à partir de résidus de scierie d'origine locale, ces briquettes sont une excellente alternative aux bûches séchées au four. Les briquettes sont une excellente alternative aux bûches séchées au four, composées de biomasse combustible telle que la sciure, les copeaux de bois et la tourbe.","<div class=""page3a2a2"">\n<table class=""page3a2a2a"">\n<tbody>\n<tr class=""page3a2a2a1"">\n<td class=""page3a2a2a1a"">\n<div class=""page3a2a2a1a1"">Présentation</div></td>\n<td class=""page3a2a2a1b"">\n<div class=""page3a2a2a1a3"">Convient aux poêles à bois, aux poêles multicombustibles et aux feux ouverts.</div>\n<div class=""page3a2a2a1a2"">Étonnamment, les briquettes fournissent environ 50 % de chaleur en plus pour chaque € dépensé que les bûches, en raison de leur faible teneur en humidité et de leur plus grande densité. Leurs excellentes références environnementales en font un choix populaire car elles sont fabriquées à partir de déchets de bois provenant d'autres produits tels que les meubles ou les matériaux de construction.</div></td>\n</tr>\n</tbody>\n</table>\n</div>\n<div class=""page3a2a2"">\n<table class=""page3a2a2a"">\n<tbody>\n<tr class=""page3a2a2a1"">\n<td class=""page3a2a2a1a"">\n<div class=""page3a2a2a1a1"">Informations complémentaires</div></td>\n<td class=""page3a2a2a1b"">\n<div class=""page3a2a2a1a3"">Dimensions</div>\n<div class=""page3a2a2a1a2"">290mm x 90mm - 10kg par pack approx.</div>\n<div class=""page3a2a2a1a3"">Valeur calorifique</div>\n<div class=""page3a2a2a1a2"">~16.6MJ/kg ou 4.6kWh/kg</div>\n<div class=""page3a2a2a1a3"">Palette complète</div>\n<div class=""page3a2a2a1a2"">96 Paquets</div></td>\n</tr>\n</tbody>\n</table>\n</div>",,,taxable,,1,,,0,0,,,,,1,,224,280,Bûches compressées,,,"https://boispro.ch/wp-content/uploads/2023/08/00047.jpg, https://boispro.ch/wp-content/uploads/2023/08/00048.jpg",0,,,,,,
simple,WH-0028,Feuillus - Palette de 1 tonne,1,0,visible,"Bois densifié, 100 % feuillus (hêtre, charme, chêne et peuplier). 100 % naturel, sans colle, ni additifs et 100 % Européen. Vendu par palette de 117 packs de 5 bûchettes.","<div class=""page3a2a2"">\n<table class=""page3a2a2a"">\n<tbody>\n<tr class=""page3a2a2a1"">\n<td class=""page3a2a2a1a"">\n<div class=""page3a2a2a1a1"">Présentation</div></td>\n<td class=""page3a2a2a1b"">\n<div class=""page3a2a2a1a3"">Le bois densifié que nous vous proposons, est 100 % naturel et 100 % feuillus.</div>\n<div class=""page3a2a2a1a2"">Idéal pour être utiliser dans tous les systèmes de chauffage à bois : cheminées, poêles et inserts. Une palette de bois densifié correspond à 4 stères de bois ultra sec. Un bûchette de bois densifié vaut 4 bûches de bois traditionnel en terme de combustion. Une bûche se consume en +/- 1h.</div>\n<div class=""page3a2a2a1a2"">Vous pouvez mélanger sans problème des bûches de bois sèches traditionnelles à votre bois densifié. N'oubliez pas que le bois densifié déteste l'humidité, il faut prévoir un abri sec et tempéré. Le bois densifié étant propre et sans poussières, vous pouvez également lui trouver une place à côté de votre poêle.</div></td>\n</tr>\n</tbody>\n</table>\n</div>\n<div class=""page3a2a2"">\n<table class=""page3a2a2a"">\n<tbody>\n<tr class=""page3a2a2a1"">\n<td class=""page3a2a2a1a"">\n<div class=""page3a2a2a1a1"">Informations complémentaires</div></td>\n<td class=""page3a2a2a1b"">\n<div class=""page3a2a2a1a3"">Pouvoir Calorifique</div>\n<div class=""page3a2a2a1a2"">Supérieur à 4,5 kWh/kg</div>\n<div class=""page3a2a2a1a3"">Poids</div>\n<div class=""page3a2a2a1a2"">8,55 kg par lot environ</div>\n<div class=""page3a2a2a1a3"">Essence</div>\n<div class=""page3a2a2a1a2"">Feuillus (chêne, charme, hêtre, peuplier)</div>\n<div class=""page3a2a2a1a3"">Longueur</div>\n<div class=""page3a2a2a1a2"">30 cm environ</div>\n<div class=""page3a2a2a1a3"">Diamètre</div>\n<div class=""page3a2a2a1a2"">8 cm environ</div></td>\n</tr>\n</tbody>\n</table>\n</div>",,,taxable,,1,,,0,0,,,,,1,,224,280,Bûches compressées,,,https://boispro.ch/wp-content/uploads/2023/08/00055.jpg,0,,,,,kg,1000
simple,WH-0029,Sac en vrac extra large de HotRods Ecofire,1,0,visible,"Briquettes de bois Ecofire HotRods, fabriquées par une presse mécanique à usage intensif. Ces briquettes sont des bûches de chaleur de haute qualité, très denses, durables et très sèches. Elles sont parfaites pour les cheminées, les feux ouverts et les poêles multicombustibles.","<div class=""page3a2a2"">\n<table class=""page3a2a2a"">\n<tbody>\n<tr class=""page3a2a2a1"">\n<td class=""page3a2a2a1a"">\n<div class=""page3a2a2a1a1"">Présentation</div></td>\n<td class=""page3a2a2a1b"">\n<div class=""page3a2a2a1a3"">Idéales pour une utilisation immédiate sur les brûleurs à bûches, les poêles multicombustibles et les cheminées.</div>\n<div class=""page3a2a2a1a2"">Les bûches de bois de chauffage ordinaires produisent moins de chaleur jusqu'à ce que toute l'humidité soit évaporée de la bûche. Avec ces superbes briquettes de bois, la chaleur est produite presque instantanément en raison de la très faible teneur en humidité.</div>\n<div class=""page3a2a2a1a2"">Ces briquettes, également connues sous le nom de bûches de chaleur ou bûches écologiques, peuvent être cassées à n'importe quelle taille assez facilement, les plus petits morceaux peuvent même servir de bois d'allumage, donc il n'y a vraiment aucun gaspillage avec cet article. L'impact environnemental de cette briquette est réduit par l'absence d'emballage individuel du produit, le seul emballage étant la palette (qui peut également être brûlée) et la petite quantité de film rétractable externe pour empêcher l'infiltration d'humidité.</div>\n<div class=""page3a2a2a1a2"">Ces briquettes doivent être stockées dans des conditions sèches et sous abri pour conserver leurs excellentes qualités de combustion.</div></td>\n</tr>\n</tbody>\n</table>\n</div>\n<div class=""page3a2a2"">\n<table class=""page3a2a2a"">\n<tbody>\n<tr class=""page3a2a2a1"">\n<td class=""page3a2a2a1a"">\n<div class=""page3a2a2a1a1"">Informations complémentaires</div></td>\n<td class=""page3a2a2a1b"">\n<div class=""page3a2a2a1a3"">Poids</div>\n<div class=""page3a2a2a1a2"">Sac en vrac extra large : environ 900 kg.</div>\n<div class=""page3a2a2a1a3"">Valeur calorifique</div>\n<div class=""page3a2a2a1a2"">~4.8 kWh/kg</div>\n<div class=""page3a2a2a1a2"">Veuillez noter que les briquettes de bois se dilatent un peu pendant l'utilisation. Remplissez donc la grille du foyer un peu moins que vous ne le feriez avec d'autres combustibles et soyez étonné de voir le combustible s'adapter et dégager presque instantanément d'énormes quantités de chaleur écologique ! Ces briquettes sont fabriquées à partir de déchets vierges (non recyclés) provenant de divers processus de sciage - la plupart du bois traité est certifié FSC. Vous pouvez donc être certain qu'il s'agit de l'alternative au charbon la plus propre et la plus écologique qui soit.</div></td>\n</tr>\n</tbody>\n</table>\n</div>",,,taxable,,1,,,0,0,,,,,1,,200,250,Bûches compressées,,,https://boispro.ch/wp-content/uploads/2023/08/00061.jpg,0,,,,,,
simple,WH-0030,Bûches de nuit - 1/2 palette de 480 kg,1,0,visible,"Bois densifié longue durée, mélange bois durs (hêtre, frêne et chêne) + miscanthus. 100 % naturel, sans colle, ni additifs. Vendu pour un poids total de palette faisant 480 kg.","<div class=""page3a2a2"">\n<table class=""page3a2a2a"">\n<tbody>\n<tr class=""page3a2a2a1"">\n<td class=""page3a2a2a1a"">\n<div class=""page3a2a2a1a1"">Présentation</div></td>\n<td class=""page3a2a2a1b"">\n<div class=""page3a2a2a1a3"">Le bois densifié bien pratique en petit format pour les personnes n'ayant pas beaucoup de place de stockage ou une faible consommation.</div>\n<div class=""page3a2a2a1a2"">Ces bûches à combustion longue durée sont très pratiques en fin de feu, elles sont à déposer sur un lit de braises en fermant les arrivées d'air de votre appareil. Elles durent entre 6 à 8h pour une tranquillité durant votre absence ou la nuit. Un taux d'humidité très faible inférieur à 7% et fort pouvoir calorifique à 4.9 kWh/kg.</div>\n<div class=""page3a2a2a1a2"">Grâce au miscanthus, le conduit sera nettoyé car il sèche les suies. Le bois densifié doit être impérativement stocké à l'abri de l'humidité, dans un endroit sec et fermé.</div></td>\n</tr>\n</tbody>\n</table>\n</div>\n<div class=""page3a2a2"">\n<table class=""page3a2a2a"">\n<tbody>\n<tr class=""page3a2a2a1"">\n<td class=""page3a2a2a1a"">\n<div class=""page3a2a2a1a1"">Informations complémentaires</div></td>\n<td class=""page3a2a2a1b"">\n<div class=""page3a2a2a1a3"">Pouvoir Calorifique</div>\n<div class=""page3a2a2a1a2"">4.9 kWh/kg</div>\n<div class=""page3a2a2a1a3"">Taux D'humidité</div>\n<div class=""page3a2a2a1a2"">Inférieur à 7%</div>\n<div class=""page3a2a2a1a3"">Poids</div>\n<div class=""page3a2a2a1a2"">480 kg</div></td>\n</tr>\n</tbody>\n</table>\n</div>",,,taxable,,1,,,0,0,,,,,1,,128,160,Bûches compressées,,,https://boispro.ch/wp-content/uploads/2023/08/00058.jpg,0,,,,,kg,480
simple,WH-0031,Hêtre - Palette de 960 kg,1,0,visible,Bois densifié de haute qualité fabriqué à partir de sciures de ponçage de hêtre. Sans colle ni additif,"<div class=""page3a2a2"">\n<table class=""page3a2a2a"">\n<tbody>\n<tr class=""page3a2a2a1"">\n<td class=""page3a2a2a1a"">\n<div class=""page3a2a2a1a1"">Présentation</div></td>\n<td class=""page3a2a2a1b"">\n<div class=""page3a2a2a1a3"">Ce bois densifié dispose d'un fort pouvoir calorifique supérieur grâce à sa composition 100% hêtre.</div>\n<div class=""page3a2a2a1a2"">Grâce à sa forte densité, son temps de combustion beaucoup plus long que le bois de chauffage.</div>\n<div class=""page3a2a2a1a2"">Il produit peu de cendres et permet de diminuer la formation de suie en raison de la faible humidité du bois (environ 8 %). Les flammes sont belles et vives.</div>\n<div class=""page3a2a2a1a3"">Pouvoir Calorifique</div>\n<div class=""page3a2a2a1a2"">Supérieur à 5 kWh/kg</div>\n<div class=""page3a2a2a1a3"">Poids</div>\n<div class=""page3a2a2a1a2"">10 kg par lot environ</div></td>\n</tr>\n</tbody>\n</table>\n</div>\n<div class=""page3a2a2"">\n<table class=""page3a2a2a"">\n<tbody>\n<tr class=""page3a2a2a1"">\n<td class=""page3a2a2a1a"">\n<div class=""page3a2a2a1a1"">Informations complémentaires</div></td>\n<td class=""page3a2a2a1b"">\n<div class=""page3a2a2a1a3"">Essence</div>\n<div class=""page3a2a2a1a2"">100% hêtre</div>\n<div class=""page3a2a2a1a3"">Longueur</div>\n<div class=""page3a2a2a1a2"">30 cm environ</div>\n<div class=""page3a2a2a1a3"">Diamètre</div>\n<div class=""page3a2a2a1a2"">10 cm environ</div>\n<div class=""page3a2a2a1a3"">Taux D'humidité</div>\n<div class=""page3a2a2a1a2"">Inférieur à 8%</div>\n<div class=""page3a2a2a1a3"">Taux De Cendres</div>\n<div class=""page3a2a2a1a2"">Inférieur à 1%</div>\n<div class=""page3a2a2a1a3"">Quantité</div>\n<div class=""page3a2a2a1a2"">96 lots de 4 bûche</div></td>\n</tr>\n</tbody>\n</table>\n</div>",,,taxable,,1,,,0,0,,,,,1,,216,270,Bûches compressées,,,https://boispro.ch/wp-content/uploads/2023/08/00056.jpg,0,,,,,kg,960
simple,WH-0032,Briquettes de bois - demi-palette,1,0,visible,"Fabriquées à partir de résidus de scierie d'origine locale, ces briquettes sont une excellente alternative aux bûches séchées au four. Les briquettes sont une excellente alternative aux bûches séchées au four, composées de biomasse combustible telle que la sciure, les copeaux de bois et la tourbe.","<div class=""page3a2a2"">\n<table class=""page3a2a2a"">\n<tbody>\n<tr class=""page3a2a2a1"">\n<td class=""page3a2a2a1a"">\n<div class=""page3a2a2a1a1"">Présentation</div></td>\n<td class=""page3a2a2a1b"">\n<div class=""page3a2a2a1a3"">Convient aux poêles à bois, aux poêles multicombustibles et aux feux ouverts.</div>\n<div class=""page3a2a2a1a2"">Étonnamment, les briquettes fournissent environ 50 % de chaleur en plus pour chaque € dépensé que les bûches, en raison de leur faible teneur en humidité et de leur plus grande densité. Leurs excellentes références environnementales en font un choix populaire car elles sont fabriquées à partir de déchets de bois provenant d'autres produits tels que les meubles ou les matériaux de construction.</div></td>\n</tr>\n</tbody>\n</table>\n</div>\n<div class=""page3a2a2"">\n<table class=""page3a2a2a"">\n<tbody>\n<tr class=""page3a2a2a1"">\n<td class=""page3a2a2a1a"">\n<div class=""page3a2a2a1a1"">Informations complémentaires</div></td>\n<td class=""page3a2a2a1b"">\n<div class=""page3a2a2a1a3"">Dimensions</div>\n<div class=""page3a2a2a1a2"">290mm x 90mm - 10kg par pack approx.</div>\n<div class=""page3a2a2a1a3"">Valeur calorifique</div>\n<div class=""page3a2a2a1a2"">~16.6MJ/kg ou 4.6kWh/kg</div>\n<div class=""page3a2a2a1a3"">Demi palette</div>\n<div class=""page3a2a2a1a2"">48 Paquets</div></td>\n</tr>\n</tbody>\n</table>\n</div>",,,taxable,,1,,,0,0,,,,,1,,115,144,Bûches compressées,,,"https://boispro.ch/wp-content/uploads/2023/08/00044.jpg, https://boispro.ch/wp-content/uploads/2023/08/00045.jpg",0,,,,,,
simple,WH-0033,Briquettes de bois,1,0,visible,"Convient aux poêles à bois, aux poêles multicombustibles et aux feux ouverts. Couvertures de four à pizza au bois taille de la briquette ~ 280mm x 90mm Valeur calorifique ~4,8 kWh/kg.","<div class=""page3a2a2"">\n<table class=""page3a2a2a"">\n<tbody>\n<tr class=""page3a2a2a1"">\n<td class=""page3a2a2a1a"">\n<div class=""page3a2a2a1a1"">Présentation</div></td>\n<td class=""page3a2a2a1b"">\n<div class=""page3a2a2a1a3"">Fabriqués à partir de résidus de scierie d'origine locale</div>\n<div class=""page3a2a2a1a2"">Contrairement à la plupart des briquettes, ces nouvelles briquettes de bois n'utilisent pas de résines supplémentaires dans le processus de fabrication. Elles constituent un excellent choix pour ceux qui ont la durabilité à l'esprit.</div>\n<div class=""page3a2a2a1a2"">Comme ces briquettes sont plus courtes, nous constatons qu'elles conviennent à un plus grand nombre de poêles sans qu'il soit nécessaire de les casser. Elles se dilatent en brûlant, mais cette dilatation est bien moindre que celle des autres bûches ou briquettes que nous avons essayées. Cela est dû à la matière première utilisée dans le processus de production et aussi à la façon dont les briquettes sont compactées.</div>\n<div class=""page3a2a2a1a3"">Nous avons obtenu une durée de combustion d'environ 1,5 à 2 heures en les utilisant sur un feu établi.</div>\n<div class=""page3a2a2a1a2"">Elles peuvent rester incandescentes pendant une heure de plus, ce qui donne une durée totale d'environ 3 heures. Comme toujours, le temps de combustion et le temps d'incandescence peuvent varier en fonction du poêle dans lequel ils sont utilisés et de la façon dont le poêle est utilisé. Cette durée de combustion est une moyenne obtenue sur un certain nombre de semaines d'essai sur différents poêles.</div></td>\n</tr>\n</tbody>\n</table>\n</div>\n<div class=""page3a2a2"">\n<table class=""page3a2a2a"">\n<tbody>\n<tr class=""page3a2a2a1"">\n<td class=""page3a2a2a1a"">\n<div class=""page3a2a2a1a1"">Informations complémentaires</div></td>\n<td class=""page3a2a2a1b"">\n<div class=""page3a2a2a1a3"">Poids d'expédition</div>\n<div class=""page3a2a2a1a2"">960 kg</div>\n<div class=""page3a2a2a1a3"">Contenu</div>\n<div class=""page3a2a2a1a2"">5 briquettes par paquet de 10 kg.</div>\n<div class=""page3a2a2a1a3"">Pouvoir calorifique</div>\n<div class=""page3a2a2a1a2"">~4.8 kWh/kg</div>\n<div class=""page3a2a2a1a3"">Taille de la briquette</div>\n<div class=""page3a2a2a1a2"">~ 280mm x 90mm</div></td>\n</tr>\n</tbody>\n</table>\n</div>",,,taxable,,1,,,0,0,,,,,1,,224,280,Bûches compressées,,,"https://boispro.ch/wp-content/uploads/2023/08/00013.jpg, https://boispro.ch/wp-content/uploads/2023/08/00014.jpg",0,,,,,,
simple,WH-0034,Sac en vrac de briquettes de bois,1,0,visible,"Convient aux poêles à bois, aux poêles multicombustibles et aux feux ouverts. Diamètre de 90mm et un mélange de longueurs. Valeur calorifique ~4,8 kwh/kg.","<div class=""page3a2a2"">\n<table class=""page3a2a2a"">\n<tbody>\n<tr class=""page3a2a2a1"">\n<td class=""page3a2a2a1a"">\n<div class=""page3a2a2a1a1"">Informations complémentaires</div></td>\n<td class=""page3a2a2a1b"">\n<div class=""page3a2a2a1a2"">Comme ces briquettes sont plus courtes, nous constatons qu'elles conviennent à un plus grand nombre de poêles sans qu'il soit nécessaire de les casser. Elles se dilatent en brûlant, mais cette dilatation est bien moindre que celle des autres bûches ou briquettes que nous avons essayées. Cela est dû à la matière première utilisée dans le processus de production et aussi à la façon dont les briquettes sont compactées.</div>\n<div class=""page3a2a2a1a3"">Fabriqués à partir de résidus de scierie d'origine locale</div>\n<div class=""page3a2a2a1a2"">Contrairement à la plupart des briquettes, ces nouvelles briquettes de bois n'utilisent pas de résines supplémentaires dans le processus de fabrication. Elles constituent un excellent choix pour ceux qui ont la durabilité à l'esprit.</div></td>\n</tr>\n</tbody>\n</table>\n</div>\n<div class=""page3a2a2"">\n<table class=""page3a2a2a"">\n<tbody>\n<tr class=""page3a2a2a1"">\n<td class=""page3a2a2a1a"">\n<div class=""page3a2a2a1a1"">Présentation</div></td>\n<td class=""page3a2a2a1b"">\n<div class=""page3a2a2a1a3"">Poids d'expédition</div>\n<div class=""page3a2a2a1a2"">400 kg</div></td>\n</tr>\n</tbody>\n</table>\n</div>",,,taxable,,1,,,0,0,,,,,1,,100,125,Bûches compressées,,,https://boispro.ch/wp-content/uploads/2023/08/00015.jpg,0,,,,,,
simple,WH-0035,Feuillus + résineux - 1/2 palette de 480 kg,1,0,visible,"Bois densifié de jour, composé de mélange de plaquettes de hêtre, chêne, frêne et de résineux issus de scieries locales, 100 % naturel, sans colle, ni additifs. Vendu avec un poids total de palette faisant 480 kg.","<div class=""page3a2a2"">\n<table class=""page3a2a2a"">\n<tbody>\n<tr class=""page3a2a2a1"">\n<td class=""page3a2a2a1a"">\n<div class=""page3a2a2a1a1"">Présentation</div></td>\n<td class=""page3a2a2a1b"">\n<div class=""page3a2a2a1a3"">Un bois de chauffage propre, économique et écologique : le bois densifié.</div>\n<div class=""page3a2a2a1a2"">Un bois ultra sec grâce à un taux d'humidité inférieur à 8%. Un fort pouvoir calorifique 3 à 4 fois supérieur au bois traditionnel.Une durée de combustion de 1h30 à 2h et n'encrasse pas avec son faible taux en cendres inférieur à 1.5%. Le bois densifié bien pratique en petit format pour les personnes n'ayant pas beaucoup de place de stockage ou une faible consommation.</div>\n<div class=""page3a2a2a1a2"">Grâce à ces bûches vous bénéficierez d'une chaleur constante. Pour rappel, le bois densifié doit être stocké à l'abri de l'humidité.</div></td>\n</tr>\n</tbody>\n</table>\n</div>\n<div class=""page3a2a2"">\n<table class=""page3a2a2a"">\n<tbody>\n<tr class=""page3a2a2a1"">\n<td class=""page3a2a2a1a"">\n<div class=""page3a2a2a1a1"">Informations complémentaires</div></td>\n<td class=""page3a2a2a1b"">\n<div class=""page3a2a2a1a3"">Pouvoir Calorifique</div>\n<div class=""page3a2a2a1a2"">4.9 kWh/kg</div>\n<div class=""page3a2a2a1a3"">Taux D'humidité</div>\n<div class=""page3a2a2a1a2"">Inférieur à 8%</div></td>\n</tr>\n</tbody>\n</table>\n</div>",,,taxable,,1,,,0,0,,,,,1,,120,150,Bûches compressées,,,https://boispro.ch/wp-content/uploads/2023/08/00058-1.jpg,0,,,,,kg,480
simple,WH-0036,Briquettes bois vierge,1,0,visible,"Les briquettes de bois vierge de première qualité sont destinées aux utilisateurs de bûches pour brûler un combustible de haute qualité à forte teneur en chaleur. Notre combustible sec est fabriqué à partir de bois vierge 100% local, certifié BSL/FSC, avec une faible teneur en humidité de moins de 20%. C'est le combustible idéal pour votre chaudière à bûches, votre poêle à bois ou votre feu ouvert, que vous chauffiez votre maison ou votre entreprise.","<div class=""page3a2a2"">\n<table class=""page3a2a2a"">\n<tbody>\n<tr class=""page3a2a2a1"">\n<td class=""page3a2a2a1a"">\n<div class=""page3a2a2a1a1"">Présentation</div></td>\n<td class=""page3a2a2a1b"">\n<div class=""page3a2a2a1a3"">Briquettes de bois de chauffage à haute densité et à haut rendement thermique.</div>\n<div class=""page3a2a2a1a2"">Nos bûches sèches garantissent de faibles émissions et un chauffage sans problème avec une valeur énergétique et thermique élevée.</div>\n<div class=""page3a2a2a1a2"">Le bois de chauffage séché au four Premium a été produit pour permettre aux utilisateurs de bois de chauffage d'avoir une confiance totale dans la qualité et la disponibilité de leur combustible.</div></td>\n</tr>\n</tbody>\n</table>\n</div>\n<div class=""page3a2a2"">\n<table class=""page3a2a2a"">\n<tbody>\n<tr class=""page3a2a2a1"">\n<td class=""page3a2a2a1a"">\n<div class=""page3a2a2a1a1"">Informations complémentaires</div></td>\n<td class=""page3a2a2a1b"">\n<div class=""page3a2a2a1a3"">Dimension</div>\n<div class=""page3a2a2a1a2"">Length 1.2m x Width 1.2m x Height 1.2m</div>\n<div class=""page3a2a2a1a3"">Poids approximatif</div>\n<div class=""page3a2a2a1a2"">960 kg</div>\n<div class=""page3a2a2a1a3"">Longueur approximative des bûches</div>\n<div class=""page3a2a2a1a2"">25cm (10 pouces)</div>\n<div class=""page3a2a2a1a3"">Volume</div>\n<div class=""page3a2a2a1a2"">2.2m3</div></td>\n</tr>\n</tbody>\n</table>\n</div>",,,taxable,,1,,,0,0,,,,,1,,208,260,Bûches compressées,,,https://boispro.ch/wp-content/uploads/2023/08/00029.jpg,0,,,,,,
simple,WH-0037,Briquettes de bois - quart de palette,1,0,visible,"Fabriquées à partir de résidus de scierie d'origine locale, ces briquettes de bois sont excellentes. Les briquettes sont une excellente alternative aux bûches séchées au four, composées de biomasse combustible telle que la sciure, les copeaux de bois et la tourbe.","<div class=""page3a2a2"">\n<table class=""page3a2a2a"">\n<tbody>\n<tr class=""page3a2a2a1"">\n<td class=""page3a2a2a1a"">\n<div class=""page3a2a2a1a1"">Présentation</div></td>\n<td class=""page3a2a2a1b"">\n<div class=""page3a2a2a1a3"">Convient aux poêles à bois, aux poêles multicombustibles et aux feux ouverts.</div>\n<div class=""page3a2a2a1a2"">Étonnamment, les briquettes fournissent environ 50 % de chaleur en plus pour chaque € dépensé que les bûches, en raison de leur faible teneur en humidité et de leur plus grande densité. Leurs excellentes références environnementales en font un choix populaire car elles sont fabriquées à partir de déchets de bois provenant d'autres produits tels que les meubles ou les matériaux de construction.</div></td>\n</tr>\n</tbody>\n</table>\n</div>\n<div class=""page3a2a2"">\n<table class=""page3a2a2a"">\n<tbody>\n<tr class=""page3a2a2a1"">\n<td class=""page3a2a2a1a"">\n<div class=""page3a2a2a1a1"">Informations complémentaires</div></td>\n<td class=""page3a2a2a1b"">\n<div class=""page3a2a2a1a3"">Dimensions</div>\n<div class=""page3a2a2a1a2"">290mm x 90mm - 10kg par pack approx.</div>\n<div class=""page3a2a2a1a3"">Valeur calorifique</div>\n<div class=""page3a2a2a1a2"">~16.6MJ/kg ou 4.6kWh/kg</div>\n<div class=""page3a2a2a1a3"">Quart de palette</div>\n<div class=""page3a2a2a1a2"">24 Paquets</div></td>\n</tr>\n</tbody>\n</table>\n</div>",,,taxable,,1,,,0,0,,,,,1,,57,72,Bûches compressées,,,"https://boispro.ch/wp-content/uploads/2023/08/00044-1.jpg, https://boispro.ch/wp-content/uploads/2023/08/00045-1.jpg",0,,,,,,
simple,WH-0038,Feuillus + résineux - Palette de 960 kg,1,0,visible,"Bois densifié de jour, composé de mélange de plaquettes de hêtre, chêne, frêne et de résineux issus de scieries locales, 100 % naturel, sans colle, ni additifs. Vendu avec un poids total de palette faisant 960 kg.","<div class=""page3a2a2"">\n<table class=""page3a2a2a"">\n<tbody>\n<tr class=""page3a2a2a1"">\n<td class=""page3a2a2a1a"">\n<div class=""page3a2a2a1a1"">Présentation</div></td>\n<td class=""page3a2a2a1b"">\n<div class=""page3a2a2a1a3"">Un bois de chauffage propre, économique et écologique : le bois densifié.</div>\n<div class=""page3a2a2a1a2"">Un bois ultra sec grâce à un taux d'humidité inférieur à 8%. Un fort pouvoir calorifique 3 à 4 fois supérieur au bois traditionnel.Une durée de combustion de 1h30 à 2h et n'encrasse pas avec son faible taux en cendres inférieur à 1.5%.</div>\n<div class=""page3a2a2a1a2"">Ces bûches vous offriront une chaleur constante et vous procureront un confort stable et de qualité. Nous vous rappelons que le bois densifié est impérativement à stocker en intérieur à l'abri de toute humidité</div>\n<div class=""page3a2a2a1a3"">Pouvoir Calorifique</div>\n<div class=""page3a2a2a1a2"">4.9 kWh/kg</div></td>\n</tr>\n</tbody>\n</table>\n</div>\n<div class=""page3a2a2"">\n<table class=""page3a2a2a"">\n<tbody>\n<tr class=""page3a2a2a1"">\n<td class=""page3a2a2a1a"">\n<div class=""page3a2a2a1a1"">Informations complémentaires</div></td>\n<td class=""page3a2a2a1b"">\n<div class=""page3a2a2a1a3"">Taux D'humidité</div>\n<div class=""page3a2a2a1a2"">Inférieur à 8%</div>\n<div class=""page3a2a2a1a3"">Taux De Cendres</div>\n<div class=""page3a2a2a1a2"">Inférieur à 1.5%</div>\n<div class=""page3a2a2a1a3"">Essence</div>\n<div class=""page3a2a2a1a2"">Feuillus et résineux</div>\n<div class=""page3a2a2a1a3"">Longueur</div>\n<div class=""page3a2a2a1a2"">26 à 29 cm</div></td>\n</tr>\n</tbody>\n</table>\n</div>",,,taxable,,1,,,0,0,,,,,1,,216,270,Bûches compressées,,,https://boispro.ch/wp-content/uploads/2023/08/00053.jpg,0,,,,,kg,960
simple,WH-0039,Pellet Van Roje - Palette de 65 sacs de 15 kg,1,0,visible,"Pellet de bois VANROJE fabriqué dans une scierie située en Allemagne, soucieuse de l'environnement. Notre pellet HAUT DE GAMME à fort pouvoir calorifique et très faibles taux de cendres, de poussières et d'humidité. Ce pellet est notre fierté depuis plus de 10 ans ! Sa qualité va bien au-delà des normes DIN Plus et EN Plus A1. Son bois provient de forêts gérées durablement, il est PEFC.","<div class=""page3a2a2"">\n<table class=""page3a2a2a"">\n<tbody>\n<tr class=""page3a2a2a1"">\n<td class=""page3a2a2a1a"">\n<div class=""page3a2a2a1a1"">Présentation</div></td>\n<td class=""page3a2a2a1b"">\n<div class=""page3a2a2a1a3"">Le pellet VanRoje est notre pellet de bois le plus haut de gamme.</div>\n<div class=""page3a2a2a1a2"">Le pellet de bois VANROJE dépasse les exigences des normes DIN Plus et EN Plus, il est également labellisé PEFC (gestion durable des forêts). Son pouvoir calorifique est 7% au-dessus de la norme DIN Plus. Il vous garantit 44 % de cendres en moins et 77 % de poussières en moins par rapport à un pellet standard. 100 % résineux, sans additif et neutre en CO2, ce pellet de bois est idéal pour votre poêle ou chaudière. Il procure une montée rapide en température, garde une chaleur constante, vous consommerez moins de pellet qu'avec une autre marque.</div>\n<div class=""page3a2a2a1a3"">Un pellet de Haute qualité allemande !</div>\n<div class=""page3a2a2a1a2"">Vous avez choisi d'installer un système de chauffage aux granulés de bois et avez eu raison !! en plus d'être un chauffage à énergie renouvelable, il est aussi économique. Avec le pellet VANROJE, vous bénéficierez d'une montée rapide en température et grâce à ses faibles taux de poussières et de cendres, vous n'aurez qu'à profiter de sa chaleur sans devoir le nettoyer tous les jours.</div></td>\n</tr>\n</tbody>\n</table>\n</div>\n<div class=""page3a2a2"">\n<table class=""page3a2a2a"">\n<tbody>\n<tr class=""page3a2a2a1"">\n<td class=""page3a2a2a1a"">\n<div class=""page3a2a2a1a1"">Informations complémentaires</div></td>\n<td class=""page3a2a2a1b"">\n<div class=""page3a2a2a1a3"">Composition</div>\n<div class=""page3a2a2a1a2"">100% résineux</div>\n<div class=""page3a2a2a1a3"">Certificats</div>\n<div class=""page3a2a2a1a2"">DIN Plus, EN Plus A1, PEFC</div>\n<div class=""page3a2a2a1a3"">Pouvoir Calorifique</div>\n<div class=""page3a2a2a1a2"">Supérieur à 4,9 kWh/kg</div>\n<div class=""page3a2a2a1a3"">Taux D'humidité</div>\n<div class=""page3a2a2a1a2"">Inférieur à 7,8 %</div>\n<div class=""page3a2a2a1a3"">Taux De Cendres</div>\n<div class=""page3a2a2a1a2"">Inférieur à 0,39 %</div>\n<div class=""page3a2a2a1a3"">Taux De Poussière</div>\n<div class=""page3a2a2a1a2"">Inférieur à 0,23 %</div>\n<div class=""page3a2a2a1a3"">Diamètre</div>\n<div class=""page3a2a2a1a2"">6 mm</div></td>\n</tr>\n</tbody>\n</table>\n</div>",,,taxable,,1,,,0,0,,,,,1,,400,500,Granulés et pellets,,,https://boispro.ch/wp-content/uploads/2023/08/00066.jpg,0,,,,,kg,975
simple,WH-0040,Pellet Valboval - Palette de 65 sacs de 15 kg,1,0,visible,"Pellet de bois VALBOVAL, 100 % français, 100 % résineux et certifié DIN Plus. Pouvoir calorifique élevé et faibles taux en cendres et en poussières. Produit local de bonne qualité et à petit prix.","<div class=""page3a2a2"">\n<table class=""page3a2a2a"">\n<tbody>\n<tr class=""page3a2a2a1"">\n<td class=""page3a2a2a1a"">\n<div class=""page3a2a2a1a1"">Présentation</div></td>\n<td class=""page3a2a2a1b"">\n<div class=""page3a2a2a1a3"">Idéal pour tous les systèmes de chauffage à granulés.</div>\n<div class=""page3a2a2a1a2"">Le pellet VALBOVAL est un de nos produits haut de gamme, sa qualité est supérieure aux exigences de la norme DIN Plus. Avec des taux de cendres et de poussières faibles, vous n'encrasserez pas votre poêle, insert ou chaudière. Son pouvoir calorifique étant élevé (5 kWh/kg) vous êtes assurés d'obtenir une chaleur constante dans votre foyer et une montée rapide en température.</div>\n<div class=""page3a2a2a1a2"">Ce granulé est fabriqué en France, en l'achetant, vous choisissez un mode de chauffage écologique et économique, tout en préservant votre appareil.</div>\n<div class=""page3a2a2a1a3"">Composition</div>\n<div class=""page3a2a2a1a2"">100% résineux</div>\n<div class=""page3a2a2a1a3"">Certificats</div>\n<div class=""page3a2a2a1a2"">DIN Plus</div></td>\n</tr>\n</tbody>\n</table>\n</div>\n<div class=""page3a2a2"">\n<table class=""page3a2a2a"">\n<tbody>\n<tr class=""page3a2a2a1"">\n<td class=""page3a2a2a1a"">\n<div class=""page3a2a2a1a1"">Informations complémentaires</div></td>\n<td class=""page3a2a2a1b"">\n<div class=""page3a2a2a1a3"">Pouvoir Calorifique</div>\n<div class=""page3a2a2a1a2"">Supérieur à 5 kWh/kg</div>\n<div class=""page3a2a2a1a3"">Taux D'humidité</div>\n<div class=""page3a2a2a1a2"">Inférieur à 10 %</div>\n<div class=""page3a2a2a1a3"">Taux De Cendres</div>\n<div class=""page3a2a2a1a2"">Inférieur à 0,7 %</div>\n<div class=""page3a2a2a1a3"">Diamètre</div>\n<div class=""page3a2a2a1a2"">6 mm</div>\n<div class=""page3a2a2a1a3"">Taux De Poussière</div>\n<div class=""page3a2a2a1a2"">Inférieur à 0,5 %</div></td>\n</tr>\n</tbody>\n</table>\n</div>",,,taxable,,1,,,0,0,,,,,1,,376,470,Granulés et pellets,,,https://boispro.ch/wp-content/uploads/2023/08/00063.jpg,0,,,,,kg,975
simple,WH-0041,Granulés de bois Din Plus - 75 sacs x 10 kg,1,0,visible,"Pouvoir calorifique env. 49kW/h par kg, Densité apparente non inférieure à 600 kg/m3, Diamètre 8 mm, Longueur 5mm. Humidité totale telle que reçue max 10%, Cendres 0,5 %.","<div class=""page3a2a2"">\n<table class=""page3a2a2a"">\n<tbody>\n<tr class=""page3a2a2a1"">\n<td class=""page3a2a2a1a"">\n<div class=""page3a2a2a1a1"">Présentation</div></td>\n<td class=""page3a2a2a1b"">\n<div class=""page3a2a2a1a3"">Type de produit</div>\n<div class=""page3a2a2a1a2"">Granulés de bois</div>\n<div class=""page3a2a2a1a2"">Les matières premières (sciure de bois, etc.) entrent dans le broyeur où elles sont réduites en farine. La masse reçue entre dans le séchoir puis dans la presse à granulés, où la farine de bois est comprimée en granulés.</div>\n<div class=""page3a2a2a1a3"">Poids</div>\n<div class=""page3a2a2a1a2"">750 Kg</div>\n<div class=""page3a2a2a1a3"">Valeur calorifique</div>\n<div class=""page3a2a2a1a2"">More than 5 kWh/kg</div></td>\n</tr>\n</tbody>\n</table>\n</div>\n<div class=""page3a2a2"">\n<table class=""page3a2a2a"">\n<tbody>\n<tr class=""page3a2a2a1"">\n<td class=""page3a2a2a1a"">\n<div class=""page3a2a2a1a1"">Informations complémentaires</div></td>\n<td class=""page3a2a2a1b"">\n<div class=""page3a2a2a1a3"">Diamètre</div>\n<div class=""page3a2a2a1a2"">6mm</div>\n<div class=""page3a2a2a1a3"">Longueur</div>\n<div class=""page3a2a2a1a2"">30mm</div>\n<div class=""page3a2a2a1a3"">Humidité</div>\n<div class=""page3a2a2a1a2"">10% max</div>\n<div class=""page3a2a2a1a3"">Cendres (base sèche)</div>\n<div class=""page3a2a2a1a2"">0,6% max</div>\n<div class=""page3a2a2a1a3"">Certificats</div>\n<div class=""page3a2a2a1a2"">DIN Plus</div></td>\n</tr>\n</tbody>\n</table>\n</div>",,,taxable,,1,,,0,0,,,,,1,,288,360,Granulés et pellets,,,https://boispro.ch/wp-content/uploads/2023/08/00062.jpg,0,,,,,kg,750
simple,WH-0042,Granulés de bois de hêtre de 60sacs x 15kg,1,0,visible,Granulés de bois idéale pour système de chauffage/centrale électrique pour la combustion. Densité : 800kg/m3. Longueur : ‚â§ 32mm. Humidité (%) : 7. EN Plus-A1 Granulés de Bois: Chauffage Bio Granulés De Bois.,"<div class=""page3a2a2"">\n<table class=""page3a2a2a"">\n<tbody>\n<tr class=""page3a2a2a1"">\n<td class=""page3a2a2a1a"">\n<div class=""page3a2a2a1a1"">Présentation</div></td>\n<td class=""page3a2a2a1b"">\n<div class=""page3a2a2a1a3"">Granulés de bois avec un pouvoir calorifique élevé</div>\n<div class=""page3a2a2a1a2"">Efficacité économique: les granulés de bois sont extrêmement denses et peuvent être produits avec une faible teneur en humidité (inférieure à 10%) qui leur permet d'être brûlés avec une efficacité de combustion très élevée. Leur haute densité permet également un stockage compact et un transport judicieux sur de longues distances. L'électricité générée par les granulés dans les usines de charbon converties est presque au même coût que l'électricité générée par le gaz naturel, le diesel.</div>\n<div class=""page3a2a2a1a2"">Respectueux de l'environnement: les granulés de bois sont un carburant durable qui peut réduire considérablement les émissions nettes de carbone par rapport aux carburants fossile. Sa production et son utilisation apportent également des avantages environnementaux et sociaux supplémentaires.</div>\n<div class=""page3a2a2a1a3"">Poids</div>\n<div class=""page3a2a2a1a2"">900kg</div></td>\n</tr>\n</tbody>\n</table>\n</div>\n<div class=""page3a2a2"">\n<table class=""page3a2a2a"">\n<tbody>\n<tr class=""page3a2a2a1"">\n<td class=""page3a2a2a1a"">\n<div class=""page3a2a2a1a1"">Informations complémentaires</div></td>\n<td class=""page3a2a2a1b"">\n<div class=""page3a2a2a1a3"">Certificats</div>\n<div class=""page3a2a2a1a2"">DIN Plus</div>\n<div class=""page3a2a2a1a3"">Densité</div>\n<div class=""page3a2a2a1a2"">800kg/m3</div>\n<div class=""page3a2a2a1a3"">Diamètre</div>\n<div class=""page3a2a2a1a2"">Taille standard 8mm</div>\n<div class=""page3a2a2a1a3"">Longueur</div>\n<div class=""page3a2a2a1a2"">≤ 32mm</div>\n<div class=""page3a2a2a1a3"">Humidité (%)</div>\n<div class=""page3a2a2a1a2"">7</div>\n<div class=""page3a2a2a1a3"">Teneur en cendres (%)</div>\n<div class=""page3a2a2a1a2"">1</div></td>\n</tr>\n</tbody>\n</table>\n</div>",,,taxable,,1,,,0,0,,,,,1,,344,430,Granulés et pellets,,,"https://boispro.ch/wp-content/uploads/2023/08/00064.jpg, https://boispro.ch/wp-content/uploads/2023/08/00065.jpg",0,,,,,kg,900
simple,WH-0043,Palette Premium de 25 sacs de 15 kg - DIN Plus,1,0,visible,"Ces briques sont une excellente alternative au bois de chauffage. 100% européennes et certifiés DIN Plus. Elles vous sont livrées sur palette. Stockez la palette dans votre garage, votre abri ou votre sous-sol et vous aurez fini de fendre et d'empiler en quelques minutes ! Une palette de briques Original Bio Bricks remplace environ une corde de bois de chauffage !","<div class=""page3a2a2"">\n<table class=""page3a2a2a"">\n<tbody>\n<tr class=""page3a2a2a1"">\n<td class=""page3a2a2a1a"">\n<div class=""page3a2a2a1a1"">Présentation</div></td>\n<td class=""page3a2a2a1b"">\n<div class=""page3a2a2a1a3"">Keep your pellet grill and smoker fired up with the Premium Hardwood Pellets DIN Plus.</div>\n<div class=""page3a2a2a1a2"">Les granules de bois dur Premium DIN Plus offrent une meilleure saveur et une combustion plus efficace. Pourquoi ? Contrairement à la plupart des granules disponibles, ces granules ne sont pas un sous-produit mais plutôt du bois franc vierge à 100 %. Aucune huile, aucun produit chimique ni aucun liant n'est ajouté. Le processus de séchage au four crée un faible taux d'humidité pour un granulé très sec et brûlant. Cela signifie qu'il brûle moins pour maintenir la température désirée, ce qui vous donne plus de granulés pour votre prochain barbecue et moins de cendres à nettoyer.</div>\n<div class=""page3a2a2a1a2"">Pour des granules au goût plus prononcé et à la combustion constante, utilisez les granules de bois franc Premium DIN Plus.</div></td>\n</tr>\n</tbody>\n</table>\n</div>\n<div class=""page3a2a2"">\n<table class=""page3a2a2a"">\n<tbody>\n<tr class=""page3a2a2a1"">\n<td class=""page3a2a2a1a"">\n<div class=""page3a2a2a1a1"">Informations complémentaires</div></td>\n<td class=""page3a2a2a1b"">\n<div class=""page3a2a2a1a3"">Composition</div>\n<div class=""page3a2a2a1a2"">100% résineux</div>\n<div class=""page3a2a2a1a3"">Certificats</div>\n<div class=""page3a2a2a1a2"">DIN Plus</div>\n<div class=""page3a2a2a1a3"">Pouvoir Calorifique</div>\n<div class=""page3a2a2a1a2"">Supérieur à 5kWh/kg</div>\n<div class=""page3a2a2a1a3"">Taux D'humidité</div>\n<div class=""page3a2a2a1a2"">Inférieur à 8 %</div>\n<div class=""page3a2a2a1a3"">Taux De Cendres</div>\n<div class=""page3a2a2a1a2"">Inférieur à 0,3 %</div></td>\n</tr>\n</tbody>\n</table>\n</div>",,,taxable,,1,,,0,0,,,,,1,,168,210,Granulés et pellets,,,https://boispro.ch/wp-content/uploads/2023/08/00081.jpg,0,,,,,kg,375
simple,WH-0044,Granulés de bois mélangés 650kg - EN Plus A1,1,0,visible,"Ces granulés de bois sont un peu différents de la plupart des palettes mixtes, car ils sont composés de 60 % de bois tendre et de 40 % de bois dur. Ce mélange permet aux granules de brûler plus proprement et de dégager plus de chaleur que la plupart des autres mélanges de qualité supérieure.","<div class=""page3a2a2"">\n<table class=""page3a2a2a"">\n<tbody>\n<tr class=""page3a2a2a1"">\n<td class=""page3a2a2a1a"">\n<div class=""page3a2a2a1a1"">Présentation</div></td>\n<td class=""page3a2a2a1b"">\n<div class=""page3a2a2a1a3"">Si vous recherchez un peu plus de chaleur pour vos granules, c'est celui qu'il vous faut !</div>\n<div class=""page3a2a2a1a2"">Ils sont capables de retirer un pourcentage plus élevé d'humidité de leur produit, ce qui leur permet de brûler à chaud ! Ce produit est fabriqué à partir de bois de résineux et de feuillus tels que le chêne, l'érable, le bouleau, le hêtre, le frêne, le cerisier et le noyer noir.</div>\n<div class=""page3a2a2a1a2"">La plus grande caractéristique de leur produit, outre la combustion chaude et propre, est le nombre extrêmement faible de fines à l'intérieur du sac. Lorsque vous versez les granulés dans votre poêle, vous remarquerez à quel point chaque granulé est propre et compressé. De plus, ils ont une très faible teneur en humidité, ce qui permet au produit de brûler avec très peu de cendres et sans créosote.</div>\n<div class=""page3a2a2a1a3"">Fines</div>\n<div class=""page3a2a2a1a2"">Moins de 0,50</div></td>\n</tr>\n</tbody>\n</table>\n</div>\n<div class=""page3a2a2"">\n<table class=""page3a2a2a"">\n<tbody>\n<tr class=""page3a2a2a1"">\n<td class=""page3a2a2a1a"">\n<div class=""page3a2a2a1a1"">Informations complémentaires</div></td>\n<td class=""page3a2a2a1b"">\n<div class=""page3a2a2a1a3"">Certificats</div>\n<div class=""page3a2a2a1a2"">EN Plus A1</div>\n<div class=""page3a2a2a1a3"">Pouvoir Calorifique</div>\n<div class=""page3a2a2a1a2"">Supérieur à 5kWh/kg</div>\n<div class=""page3a2a2a1a3"">Taux D'humidité</div>\n<div class=""page3a2a2a1a2"">Inférieur à 7.5 %</div>\n<div class=""page3a2a2a1a3"">Taux De Cendres</div>\n<div class=""page3a2a2a1a2"">Inférieur à 0,4 %</div>\n<div class=""page3a2a2a1a3"">Poids</div>\n<div class=""page3a2a2a1a2"">650 kg</div></td>\n</tr>\n</tbody>\n</table>\n</div>",,,taxable,,1,,,0,0,,,,,1,,256,320,Granulés et pellets,,,https://boispro.ch/wp-content/uploads/2023/08/00082.jpg,0,,,,,kg,650
simple,WH-0045,Pellet Coterram - Palette de 70 sacs de 15 kg,1,0,visible,"Les granulés de bois COTERRAM sont certifiés EN Plus A1, 100 % résineux. Fabriqués en Espagne.","<div class=""page3a2a2"">\n<table class=""page3a2a2a"">\n<tbody>\n<tr class=""page3a2a2a1"">\n<td class=""page3a2a2a1a"">\n<div class=""page3a2a2a1a1"">Présentation</div></td>\n<td class=""page3a2a2a1b"">\n<div class=""page3a2a2a1a3"">Ces pellets sont de bonne qualité, la matière première est issue de copeaux de pin.</div>\n<div class=""page3a2a2a1a2"">L'entreprise est experte dans la fabrication des granulés depuis 2013 et grâce à des machines performantes et un système de nettoyage et d'écorçage, ces granulés sont les meilleurs du marché en Espagne.</div>\n<div class=""page3a2a2a1a2"">Avec la certification EN Plus A1, norme Européenne, vous avez la garantie d'avoir un pellet de qualité répondant à des critères stricts sur l'entreposage, l'origine de la matière première et le suivi de la fabrication.</div></td>\n</tr>\n</tbody>\n</table>\n</div>\n<div class=""page3a2a2"">\n<table class=""page3a2a2a"">\n<tbody>\n<tr class=""page3a2a2a1"">\n<td class=""page3a2a2a1a"">\n<div class=""page3a2a2a1a1"">Informations complémentaires</div></td>\n<td class=""page3a2a2a1b"">\n<div class=""page3a2a2a1a3"">Composition</div>\n<div class=""page3a2a2a1a2"">100% résineux</div>\n<div class=""page3a2a2a1a3"">Certificats</div>\n<div class=""page3a2a2a1a2"">EN Plus A1</div></td>\n</tr>\n</tbody>\n</table>\n</div>",,,taxable,,1,,,0,0,,,,,1,,408,510,Granulés et pellets,,,https://boispro.ch/wp-content/uploads/2023/08/00074.jpg,0,,,,,kg,1050
simple,WH-0046,Pellet Ecofogo - Palette de 66 sacs de 15 kg,1,0,visible,"Les granulés de bois ECOFOGO sont certifiés EN Plus A1, 100 % résineux. Fabriqués en Espagne dans une entreprise soucieuse de l'environnement.","<div class=""page3a2a2"">\n<table class=""page3a2a2a"">\n<tbody>\n<tr class=""page3a2a2a1"">\n<td class=""page3a2a2a1a"">\n<div class=""page3a2a2a1a1"">Présentation</div></td>\n<td class=""page3a2a2a1b"">\n<div class=""page3a2a2a1a3"">Ces pellets sont fabriqués grâce à des sciures de pin en provenance d'entreprises locales.</div>\n<div class=""page3a2a2a1a2"">Les sciures proviennent de déchiquetage de grumes de pin non traitées sans colle ni additif. Ces pellets sont de bonne qualité et conviendront parfaitement à tous les systèmes de chauffage aux granulés (poêles, inserts et chaudières).</div>\n<div class=""page3a2a2a1a2"">La norme EN Plus A1 est une norme Européenne très stricte qui contrôle scrupuleusement la matière première et l'entreposage de celle-ci. La matière première doit provenir impérativement de : - Forêts, plantations ou bois vierges.- Sous produits et résidus d'industries de transformation du bois - Bois usagés non traités chimiquement</div></td>\n</tr>\n</tbody>\n</table>\n</div>\n<div class=""page3a2a2"">\n<table class=""page3a2a2a"">\n<tbody>\n<tr class=""page3a2a2a1"">\n<td class=""page3a2a2a1a"">\n<div class=""page3a2a2a1a1"">Informations complémentaires</div></td>\n<td class=""page3a2a2a1b"">\n<div class=""page3a2a2a1a3"">Composition</div>\n<div class=""page3a2a2a1a2"">100% résineux</div>\n<div class=""page3a2a2a1a3"">Certificats</div>\n<div class=""page3a2a2a1a2"">EN Plus A1</div>\n<div class=""page3a2a2a1a3"">Pouvoir Calorifique</div>\n<div class=""page3a2a2a1a2"">Supérieur à 4,6 kWh/kg</div>\n<div class=""page3a2a2a1a3"">Taux D'humidité</div>\n<div class=""page3a2a2a1a2"">Inférieur à 10 %</div>\n<div class=""page3a2a2a1a3"">Taux De Cendres</div>\n<div class=""page3a2a2a1a2"">Inférieur à 0,7 %</div></td>\n</tr>\n</tbody>\n</table>\n</div>",,,taxable,,1,,,0,0,,,,,1,,360,480,Granulés et pellets,,,https://boispro.ch/wp-content/uploads/2023/08/00067.jpg,0,,,,,kg,990
simple,WH-0047,Pellet Strielciu - Palette de 70 sacs de 15 kg,1,0,visible,"Les granulés de bois STRIELCIU sont certifiés EN Plus A1, 100 % résineux. Fabriqués en Lituanie.","<div class=""page3a2a2"">\n<table class=""page3a2a2a"">\n<tbody>\n<tr class=""page3a2a2a1"">\n<td class=""page3a2a2a1a"">\n<div class=""page3a2a2a1a1"">Présentation</div></td>\n<td class=""page3a2a2a1b"">\n<div class=""page3a2a2a1a3"">Ces pellets sont de bonne qualité avec un fort pouvoir calorifique supérieur à 5 kWh/kg.</div>\n<div class=""page3a2a2a1a2"">Un diamètre 6mm et des faibles taux en cendres, poussières et humidité. L'activité principale de la société STRIELCIU est le bois de construction. Soucieuse de l'environnement, cette entreprise a décidé de récupérer leurs sciures afin de proposer un combustible, propre et écologique : le granulé de bois.</div>\n<div class=""page3a2a2a1a2"">Un produit sans colles, ni additifs, sans écorces ni déchets = l'assurance d'un produit de haute qualité qui convient parfaitement à tous les systèmes de chauffage à granulés. En choisissant de vous chauffer aux pellets, vous avez la garantie d'une énergie moins chère et écologique.</div></td>\n</tr>\n</tbody>\n</table>\n</div>\n<div class=""page3a2a2"">\n<table class=""page3a2a2a"">\n<tbody>\n<tr class=""page3a2a2a1"">\n<td class=""page3a2a2a1a"">\n<div class=""page3a2a2a1a1"">Informations complémentaires</div></td>\n<td class=""page3a2a2a1b"">\n<div class=""page3a2a2a1a3"">Composition</div>\n<div class=""page3a2a2a1a2"">100% résineux</div>\n<div class=""page3a2a2a1a3"">Certificats</div>\n<div class=""page3a2a2a1a2"">EN Plus A1</div>\n<div class=""page3a2a2a1a3"">Pouvoir Calorifique</div>\n<div class=""page3a2a2a1a2"">Supérieur à 5 kWh/kg</div>\n<div class=""page3a2a2a1a3"">Taux D'humidité</div>\n<div class=""page3a2a2a1a2"">Inférieur à 8 %</div>\n<div class=""page3a2a2a1a3"">Taux De Cendres</div>\n<div class=""page3a2a2a1a2"">Inférieur à 0,7 %</div>\n<div class=""page3a2a2a1a3"">Diamètre</div>\n<div class=""page3a2a2a1a2"">6 mm</div></td>\n</tr>\n</tbody>\n</table>\n</div>",,,taxable,,1,,,0,0,,,,,1,,408,510,Granulés et pellets,,,https://boispro.ch/wp-content/uploads/2023/08/00076.jpg,0,,,,,kg,1050
simple,WH-0048,Pellet Starforest - Palette de 70 sacs de 15 kg,1,0,visible,Les granulés de bois STARFOREST sont certifiés DIN Plus et composés à 100 % de bois résineux. Ils sont fabriqués en Champagne Ardenne. Ils disposent d'un excellent pouvoir calorifique.,"<div class=""page3a2a2"">\n<table class=""page3a2a2a"">\n<tbody>\n<tr class=""page3a2a2a1"">\n<td class=""page3a2a2a1a"">\n<div class=""page3a2a2a1a1"">Présentation</div></td>\n<td class=""page3a2a2a1b"">\n<div class=""page3a2a2a1a3"">Les pellets STARFOREST vous garantissent une bonne combustion, ils sont parfaits pour les poêles, inserts et chaudières à granulés.</div>\n<div class=""page3a2a2a1a2"">Ils sont de très bonne qualité avec un prix très abordable, en choisissant un pellet Français, vous participez à la réduction de CO2. Ils sont fabriqués dans l'Est de la France et plus exactement en Champagne Ardenne. Avec un faible taux de poussières et de cendres et un pouvoir calorifique élevé, vous n'encrasserez pas votre chauffage.</div>\n<div class=""page3a2a2a1a2"">Si vous souhaitez un pellet DIN Plus, 100 % résineux, fabriqué en France, respectueux de l'environnement, avec un sac recyclable aux jolies couleurs, la marque STARFOREST est faite pour vous. Ce pellet est de très bonne qualité avec un pouvoir calorifique élevé &gt;5 kWh/kg. C'est pourquoi, choisir ce pellet c'est choisir un pellet peut être un peu plus cher mais au final grâce à son PCI, vous regagnerez en consommation et en performance et donc vous ferez des économies :-)</div></td>\n</tr>\n</tbody>\n</table>\n</div>\n<div class=""page3a2a2"">\n<table class=""page3a2a2a"">\n<tbody>\n<tr class=""page3a2a2a1"">\n<td class=""page3a2a2a1a"">\n<div class=""page3a2a2a1a1"">Informations complémentaires</div></td>\n<td class=""page3a2a2a1b"">\n<div class=""page3a2a2a1a3"">Composition</div>\n<div class=""page3a2a2a1a2"">100% résineux</div>\n<div class=""page3a2a2a1a3"">Certificats</div>\n<div class=""page3a2a2a1a2"">DIN Plus</div>\n<div class=""page3a2a2a1a3"">Pouvoir Calorifique</div>\n<div class=""page3a2a2a1a2"">Supérieur à 5 kWh/kg</div>\n<div class=""page3a2a2a1a3"">Taux D'humidité</div>\n<div class=""page3a2a2a1a2"">Inférieur à 10 %</div>\n<div class=""page3a2a2a1a3"">Taux De Cendres</div>\n<div class=""page3a2a2a1a2"">Inférieur à 0,7 %</div>\n<div class=""page3a2a2a1a3"">Taux De Poussière</div>\n<div class=""page3a2a2a1a2"">Inférieur à 0,5 %</div>\n<div class=""page3a2a2a1a3"">Diamètre</div>\n<div class=""page3a2a2a1a2"">6 mm</div></td>\n</tr>\n</tbody>\n</table>\n</div>",,,taxable,,1,,,0,0,,,,,1,,408,510,Granulés et pellets,,,https://boispro.ch/wp-content/uploads/2023/08/00072.jpg,0,,,,,kg,1050
simple,WH-0049,Pellet Ardenforest - Palette de 70 sacs de 15 kg,1,0,visible,Les granulés de bois ARDENFOREST sont DIN Plus et fabriqués en Champagne Ardenne. Ces pellets sont constitués de 70 % de bois de résineux et 30 % de bois de feuillus pour une chaleur constante et une bonne combustion.,"<div class=""page3a2a2"">\n<table class=""page3a2a2a"">\n<tbody>\n<tr class=""page3a2a2a1"">\n<td class=""page3a2a2a1a"">\n<div class=""page3a2a2a1a1"">Présentation</div></td>\n<td class=""page3a2a2a1b"">\n<div class=""page3a2a2a1a3"">Les pellets de bois Ardenforest sont certifiés DIN Plus, fabriqués en Champagne Ardenne avec un mélange de bois résineux et feuillus, avec un fort pouvoir calorifique.</div>\n<div class=""page3a2a2a1a2"">Ces pellets sont de bonne qualité et conviennent parfaitement à tous les systèmes de chauffage à pellet comme les poêles, les inserts et les chaudières. Le 100 % résineux n'est pas une obligation, n'hésitez plus, testez le mélange de bois. Il n'encrassera pas votre chauffage mais vous offrira une chaleur constante et une montée rapide en température. Et oui, il est possible de se chauffer avec un pellet qui n'est pas 100 % résineux !!</div>\n<div class=""page3a2a2a1a2"">Un mélange de feuillus avec du résineux permet d'obtenir une colle naturelle sur les pellets pour ne pas qu'ils se cassent lors de la compression et du voyage vers la vis sans fin. L'origine du bois est très importante pour l'environnement, plus vous choisissez un pellet proche de chez vous et moins il y aura de CO2. Pour avoir un bon pellet, il faut avoir un taux d'humidité &lt; 10%, un taux de cendre &lt; 0,7%, un taux de poussières &lt; 0,5 % et un pouvoir calorique &gt; 4,6 kWh/kg.</div></td>\n</tr>\n</tbody>\n</table>\n</div>\n<div class=""page3a2a2"">\n<table class=""page3a2a2a"">\n<tbody>\n<tr class=""page3a2a2a1"">\n<td class=""page3a2a2a1a"">\n<div class=""page3a2a2a1a1"">Informations complémentaires</div></td>\n<td class=""page3a2a2a1b"">\n<div class=""page3a2a2a1a3"">Composition</div>\n<div class=""page3a2a2a1a2"">Résineux et feuillus</div>\n<div class=""page3a2a2a1a3"">Certificats</div>\n<div class=""page3a2a2a1a2"">DIN Plus, PEFC</div>\n<div class=""page3a2a2a1a3"">Pouvoir Calorifique</div>\n<div class=""page3a2a2a1a2"">Supérieur à 5 kWh/kg</div>\n<div class=""page3a2a2a1a3"">Taux D'humidité</div>\n<div class=""page3a2a2a1a2"">Inférieur à 10 %</div>\n<div class=""page3a2a2a1a3"">Taux De Cendres</div>\n<div class=""page3a2a2a1a2"">Inférieur à 0,7 %</div>\n<div class=""page3a2a2a1a3"">Taux De Poussière</div>\n<div class=""page3a2a2a1a2"">Inférieur à 0,5 %</div>\n<div class=""page3a2a2a1a3"">Diamètre</div>\n<div class=""page3a2a2a1a2"">6 mm</div></td>\n</tr>\n</tbody>\n</table>\n</div>",,,taxable,,1,,,0,0,,,,,1,,416,520,Granulés et pellets,,,https://boispro.ch/wp-content/uploads/2023/08/00071.jpg,0,,,,,kg,1050
simple,WH-0050,Pellet Badger - Palette de 65 sacs de 15 kg,1,0,visible,"Les granulés de bois BADGER, certifiés DIN Plus et 100% résineux. Les sacs, très pratiques, sont en papier recyclé. Les pellets Badger ont une solide réputation, connus sur le marché depuis de nombreuses années.","<div class=""page3a2a2"">\n<table class=""page3a2a2a"">\n<tbody>\n<tr class=""page3a2a2a1"">\n<td class=""page3a2a2a1a"">\n<div class=""page3a2a2a1a1"">Présentation</div></td>\n<td class=""page3a2a2a1b"">\n<div class=""page3a2a2a1a3"">Les granulés de bois Badger de fabrication Belge, de qualité constante, bois issus de résineux de forêts gérées durablement, soucieux de l'environnement.</div>\n<div class=""page3a2a2a1a2"">Ces pellets sont 100 % naturels, sans colle ni additif et respectent les exigences des normes DIN Plus et EN Plus. Avec des contrôles réguliers, allant du processus de fabrication, de l'approvisionnement de la matière première à la confection. Vous avez la garantie d'acheter un pellet de qualité, hautement performant, qui conviendra à votre système de chauffage sans l'encrasser.</div>\n<div class=""page3a2a2a1a2"">Ces sacs sont constitués de papier recyclés et facilement recyclables. Il est donc plus facile de les jeter dans votre poubelle à papier. En choisissant ce pellet, vous serez garantis d'avoir un pellet haut de gamme, de bonne qualité, très connu sur le marché depuis plus de 10 ans.</div></td>\n</tr>\n</tbody>\n</table>\n</div>\n<div class=""page3a2a2"">\n<table class=""page3a2a2a"">\n<tbody>\n<tr class=""page3a2a2a1"">\n<td class=""page3a2a2a1a"">\n<div class=""page3a2a2a1a1"">Informations complémentaires</div></td>\n<td class=""page3a2a2a1b"">\n<div class=""page3a2a2a1a3"">Composition</div>\n<div class=""page3a2a2a1a2"">100% résineux</div>\n<div class=""page3a2a2a1a3"">Certificats</div>\n<div class=""page3a2a2a1a2"">DIN Plus, EN Plus A1</div>\n<div class=""page3a2a2a1a3"">Pouvoir Calorifique</div>\n<div class=""page3a2a2a1a2"">Supérieur à 4,6 kWh/kg</div>\n<div class=""page3a2a2a1a3"">Taux D'humidité</div>\n<div class=""page3a2a2a1a2"">Inférieur à 10 %</div>\n<div class=""page3a2a2a1a3"">Taux De Cendres</div>\n<div class=""page3a2a2a1a2"">Inférieur à 0,7 %</div>\n<div class=""page3a2a2a1a3"">Taux De Poussière</div>\n<div class=""page3a2a2a1a2"">Inférieur à 0,5 %</div>\n<div class=""page3a2a2a1a3"">Diamètre</div>\n<div class=""page3a2a2a1a2"">6 mm</div></td>\n</tr>\n</tbody>\n</table>\n</div>",,,taxable,,1,,,0,0,,,,,1,,384,480,Granulés et pellets,,,https://boispro.ch/wp-content/uploads/2023/08/00068.jpg,0,,,,,kg,975
simple,WH-0051,Pellet Bio Energie - Palette de 66 sacs de 15 kg,1,0,visible,"Granulés de bois BIOENERGIE, certifiés DIN Plus, EN Plus A1 et PEFC, 100% résineux. Fabriqués en Allemagne dans une scierie soucieuse de l'environnement. Leur priorité est la qualité des produits, naturels avec du bois provenant de forêts gérées durablement.","<div class=""page3a2a2"">\n<table class=""page3a2a2a"">\n<tbody>\n<tr class=""page3a2a2a1"">\n<td class=""page3a2a2a1a"">\n<div class=""page3a2a2a1a1"">Présentation</div></td>\n<td class=""page3a2a2a1b"">\n<div class=""page3a2a2a1a3"">Les pellets Bio Energie, issus de bois de forêts Allemandes gérées durablement.</div>\n<div class=""page3a2a2a1a2"">De bois 100 % résineux, ils sont fabriqués dans une entreprise soucieuse de l'environnement et souhaitant développer les énergies renouvelables.</div>\n<div class=""page3a2a2a1a2"">Ils sont certifés DIN Plus, EN Plus A1 et PEFC afin de convenir à tous les systèmes de chauffage à pellet. Ils n'encrasseront pas votre poêle ou chaudière.</div></td>\n</tr>\n</tbody>\n</table>\n</div>\n<div class=""page3a2a2"">\n<table class=""page3a2a2a"">\n<tbody>\n<tr class=""page3a2a2a1"">\n<td class=""page3a2a2a1a"">\n<div class=""page3a2a2a1a1"">Informations complémentaires</div></td>\n<td class=""page3a2a2a1b"">\n<div class=""page3a2a2a1a3"">Composition</div>\n<div class=""page3a2a2a1a2"">100% résineux</div>\n<div class=""page3a2a2a1a3"">Certificats</div>\n<div class=""page3a2a2a1a2"">DIN Plus, EN Plus A1</div>\n<div class=""page3a2a2a1a3"">Pouvoir Calorifique</div>\n<div class=""page3a2a2a1a2"">Supérieur à 4,6 kWh/kg</div>\n<div class=""page3a2a2a1a3"">Taux D'humidité</div>\n<div class=""page3a2a2a1a2"">Inférieur à 8 %</div>\n<div class=""page3a2a2a1a3"">Taux De Cendres</div>\n<div class=""page3a2a2a1a2"">Inférieur à 0,5 %</div>\n<div class=""page3a2a2a1a3"">Taux De Poussière</div>\n<div class=""page3a2a2a1a2"">Inférieur à 0,7 %</div></td>\n</tr>\n</tbody>\n</table>\n</div>",,,taxable,,1,,,0,0,,,,,1,,392,490,Granulés et pellets,,,https://boispro.ch/wp-content/uploads/2023/08/00070.jpg,0,,,,,kg,990
simple,WH-0052,Pellet Agricola - Palette de 70 sacs de 15 kg,1,0,visible,"Les granulés de bois AGRICOLA sont certifiés EN Plus A1, 100 % résineux. Fabriqués en Autriche dans une entreprise familiale.","<div class=""page3a2a2"">\n<table class=""page3a2a2a"">\n<tbody>\n<tr class=""page3a2a2a1"">\n<td class=""page3a2a2a1a"">\n<div class=""page3a2a2a1a1"">Présentation</div></td>\n<td class=""page3a2a2a1b"">\n<div class=""page3a2a2a1a3"">Ces granulés de bois sont composés de sciures d'épicéa provenant de forêts locales des Alpes Autrichiennes.</div>\n<div class=""page3a2a2a1a2"">Ils sont de bonne qualité avec un bon pouvoir calorifique et faibles taux en cendres, poussières et humidité. Ils conviendront parfaitement à tous les systèmes de chauffage aux granulés.</div>\n<div class=""page3a2a2a1a2"">Ces pellets sont très connus dans toute l'Europe et principalement dans l'Europe centrale. Nous vous rappelons que les pellets sont à stocker impérativement à l'abri de l'humidité.</div></td>\n</tr>\n</tbody>\n</table>\n</div>\n<div class=""page3a2a2"">\n<table class=""page3a2a2a"">\n<tbody>\n<tr class=""page3a2a2a1"">\n<td class=""page3a2a2a1a"">\n<div class=""page3a2a2a1a1"">Informations complémentaires</div></td>\n<td class=""page3a2a2a1b"">\n<div class=""page3a2a2a1a3"">Composition</div>\n<div class=""page3a2a2a1a2"">100% résineux</div>\n<div class=""page3a2a2a1a3"">Certificats</div>\n<div class=""page3a2a2a1a2"">EN Plus A1</div>\n<div class=""page3a2a2a1a3"">Pouvoir Calorifique</div>\n<div class=""page3a2a2a1a2"">Supérieur à 4,6 kWh/kg</div>\n<div class=""page3a2a2a1a3"">Taux D'humidité</div>\n<div class=""page3a2a2a1a2"">Inférieur à 10 %</div>\n<div class=""page3a2a2a1a3"">Taux De Cendres</div>\n<div class=""page3a2a2a1a2"">Inférieur à 0,7 %</div>\n<div class=""page3a2a2a1a3"">Taux De Poussière</div>\n<div class=""page3a2a2a1a2"">Inférieur à 0,5 %</div></td>\n</tr>\n</tbody>\n</table>\n</div>",,,taxable,,1,,,0,0,,,,,1,,357,510,Granulés et pellets,,,https://boispro.ch/wp-content/uploads/2023/08/00075.jpg,0,,,,,kg,1050
simple,WH-0053,Pellet Limouzi - Palette de 66 sacs de 15 kg,1,0,visible,"Les granulés de bois LIMOUZI possèdent 2 certifications : DIN Plus et PEFC et sont 100% résineux. Ces pellets de qualité sont fabriqués en France dans le Limousin. Economique, performant et 100% naturel.","<div class=""page3a2a2"">\n<table class=""page3a2a2a"">\n<tbody>\n<tr class=""page3a2a2a1"">\n<td class=""page3a2a2a1a"">\n<div class=""page3a2a2a1a1"">Présentation</div></td>\n<td class=""page3a2a2a1b"">\n<div class=""page3a2a2a1a3"">Ces pellets sont de très bonne qualité grâce à une matière première fraiche, constante issue de leur propre scierie.</div>\n<div class=""page3a2a2a1a2"">Ils ont un faible taux d'humidité &lt; 8% les pellets LIMOUZI n'encrasseront pas votre poêle, insert ou chaudière. Grâce à un pouvoir calorifique compris entre 4.6 et 5 KWh/kg, vous bénéficierez d'une combustion lente et complète ce qui réduira votre consommation.</div>\n<div class=""page3a2a2a1a2"">De nombreux contrôles qualité sont effectués régulièrement : qualité des matières premières, process séchage, presse, tamiseur et refroidisseur. Toute la chaîne de fabrication. Ils sont certifiés DIN Plus et sont 100% naturels, sans additif. Des tests sont réalisés 4 fois par jour sur site et en laboratoire avec traçabilité du produit. Les sacs en format pratique, recyclables en polyéthylène, plus resistants et faciles à transvider.</div></td>\n</tr>\n</tbody>\n</table>\n</div>\n<div class=""page3a2a2"">\n<table class=""page3a2a2a"">\n<tbody>\n<tr class=""page3a2a2a1"">\n<td class=""page3a2a2a1a"">\n<div class=""page3a2a2a1a1"">Informations complémentaires</div></td>\n<td class=""page3a2a2a1b"">\n<div class=""page3a2a2a1a3"">Composition</div>\n<div class=""page3a2a2a1a2"">100% résineux</div>\n<div class=""page3a2a2a1a3"">Certificats</div>\n<div class=""page3a2a2a1a2"">DIN Plus, PEFC</div>\n<div class=""page3a2a2a1a3"">Pouvoir Calorifique</div>\n<div class=""page3a2a2a1a2"">Entre 4.6 et 5 KWh/KG</div>\n<div class=""page3a2a2a1a3"">Taux D'humidité</div>\n<div class=""page3a2a2a1a2"">Inférieur à 8 %</div>\n<div class=""page3a2a2a1a3"">Taux De Cendres</div>\n<div class=""page3a2a2a1a2"">Inférieur à 0,5 %</div>\n<div class=""page3a2a2a1a3"">Taux De Poussière</div>\n<div class=""page3a2a2a1a2"">inférieur à 0.4%</div>\n<div class=""page3a2a2a1a3"">Diamètre</div>\n<div class=""page3a2a2a1a2"">6 mm</div></td>\n</tr>\n</tbody>\n</table>\n</div>",,,taxable,,1,,,0,0,,,,,1,,392,490,Granulés et pellets,,,https://boispro.ch/wp-content/uploads/2023/08/00078.jpg,0,,,,,kg,990
simple,WH-0054,Pellet Olczyk - Palette de 70 sacs de 15 kg,1,0,visible,"Les granulés de bois PREMIUM OLCZYK sont certifiés DIN Plus et EN Plus A1, 100 % résineux. Fabriqués en Pologne dans une entreprise leader de l'industrie bois.","<div class=""page3a2a2"">\n<table class=""page3a2a2a"">\n<tbody>\n<tr class=""page3a2a2a1"">\n<td class=""page3a2a2a1a"">\n<div class=""page3a2a2a1a1"">Présentation</div></td>\n<td class=""page3a2a2a1b"">\n<div class=""page3a2a2a1a3"">Ce pellet est fabriqué dans une scierie de Pologne possédant plus de 40 ans d'expérience dans la filière bois.</div>\n<div class=""page3a2a2a1a2"">Grâce à un pouvoir calorifique de 4,6 kWh/kg, vous obtiendrez une chaleur constante et avec de faibles taux en cendres, poussières et humidité, vous n'encrasserez pas votre poêle. Cette entreprise a fait le choix de récupérer leurs sciures de pin (résineux) afin de fabriquer des granulés de bois 100 % naturels tout en respectant des normes strictes.</div>\n<div class=""page3a2a2a1a2"">En utilisant leurs propres sciures, vous avez la garantie d'avoir une qualité constante. En choisissant ce pellet, vous faites le choix de chauffer votre maison écologiquement.</div></td>\n</tr>\n</tbody>\n</table>\n</div>\n<div class=""page3a2a2"">\n<table class=""page3a2a2a"">\n<tbody>\n<tr class=""page3a2a2a1"">\n<td class=""page3a2a2a1a"">\n<div class=""page3a2a2a1a1"">Informations complémentaires</div></td>\n<td class=""page3a2a2a1b"">\n<div class=""page3a2a2a1a3"">Composition</div>\n<div class=""page3a2a2a1a2"">100% résineux</div>\n<div class=""page3a2a2a1a3"">Certificats</div>\n<div class=""page3a2a2a1a2"">DIN Plus, EN Plus A1</div>\n<div class=""page3a2a2a1a3"">Pouvoir Calorifique</div>\n<div class=""page3a2a2a1a2"">Supérieur à 4,6 kWh/kg</div>\n<div class=""page3a2a2a1a3"">Taux D'humidité</div>\n<div class=""page3a2a2a1a2"">Inférieur à 10 %</div>\n<div class=""page3a2a2a1a3"">Taux De Cendres</div>\n<div class=""page3a2a2a1a2"">Inférieur à 0,7 %</div>\n<div class=""page3a2a2a1a3"">Diamètre</div>\n<div class=""page3a2a2a1a2"">6 mm</div></td>\n</tr>\n</tbody>\n</table>\n</div>",,,taxable,,1,,,0,0,,,,,1,,390,520,Granulés et pellets,,,https://boispro.ch/wp-content/uploads/2023/08/00073.jpg,0,,,,,kg,1050
simple,WH-0055,Pellet Solaris - Palette de 65 sacs de 15 kg,1,0,visible,Les granulés de bois SOLARIS sont certifiés DIN Plus et sont 100 % résineux. Ils sont fabriqués avec des sciures issues de forêts locales gérées durablement.,"<div class=""page3a2a2"">\n<table class=""page3a2a2a"">\n<tbody>\n<tr class=""page3a2a2a1"">\n<td class=""page3a2a2a1a"">\n<div class=""page3a2a2a1a1"">Présentation</div></td>\n<td class=""page3a2a2a1b"">\n<div class=""page3a2a2a1a3"">Les pellets de bois de marque SOLARIS sont issus de bois résineux 100 % naturel, sans additif.</div>\n<div class=""page3a2a2a1a2"">Avec un pouvoir calorifique supérieur à 4.6 kWh/KG, vous obtiendrez une chaleur constante dans votre foyer. Il possède des taux en cendres, poussières et humidité respectant les normes DIN Plus, ce qui encrassera moins votre poêle.</div>\n<div class=""page3a2a2a1a2"">Fabriqués en scierie moderne, avec une maîtrise impeccable et un contrôle régulier de la matière première. Un pellet certifié est une garantie de qualité pour l'utilisateur.</div></td>\n</tr>\n</tbody>\n</table>\n</div>\n<div class=""page3a2a2"">\n<table class=""page3a2a2a"">\n<tbody>\n<tr class=""page3a2a2a1"">\n<td class=""page3a2a2a1a"">\n<div class=""page3a2a2a1a1"">Informations complémentaires</div></td>\n<td class=""page3a2a2a1b"">\n<div class=""page3a2a2a1a3"">Composition</div>\n<div class=""page3a2a2a1a2"">100% résineux</div>\n<div class=""page3a2a2a1a3"">Certificats</div>\n<div class=""page3a2a2a1a2"">DIN Plus et EN Plus A1</div>\n<div class=""page3a2a2a1a3"">Pouvoir Calorifique</div>\n<div class=""page3a2a2a1a2"">Supérieur à 4,6 kWh/kg</div>\n<div class=""page3a2a2a1a3"">Taux D'humidité</div>\n<div class=""page3a2a2a1a2"">Inférieur à 10 %</div>\n<div class=""page3a2a2a1a3"">Taux De Cendres</div>\n<div class=""page3a2a2a1a2"">Inférieur à 0,7 %</div>\n<div class=""page3a2a2a1a3"">Taux De Poussière</div>\n<div class=""page3a2a2a1a2"">inférieur à 0.5 %</div>\n<div class=""page3a2a2a1a3"">Diamètre</div>\n<div class=""page3a2a2a1a2"">6 mm (+/- 1 mm)</div></td>\n</tr>\n</tbody>\n</table>\n</div>",,,taxable,,1,,,0,0,,,,,1,,360,480,Granulés et pellets,,,https://boispro.ch/wp-content/uploads/2023/08/00079.jpg,0,,,,,kg,975
simple,WH-0056,Pellet Excellent Pellets - Palette de 65 sacs de 15 kg,1,0,visible,"Granulés de bois EXCELLENT PELLETS, certifiés DIN Plus et EN Plus A1. Fabriqués en Belgique, un produit local, 100% résineux et naturel.","<div class=""page3a2a2"">\n<table class=""page3a2a2a"">\n<tbody>\n<tr class=""page3a2a2a1"">\n<td class=""page3a2a2a1a"">\n<div class=""page3a2a2a1a1"">Présentation</div></td>\n<td class=""page3a2a2a1b"">\n<div class=""page3a2a2a1a3"">Ils sont fabriqués au sein d'une très grosse scierie, où les sciures sont directement utilisées sur place pour fabriquer les granulés.</div>\n<div class=""page3a2a2a1a2"">L'utilisation de la sciure en circuit court permet de conserver sa grande fraicheur. Ces matières premières sont ensuite séchées à basse température (séchoir à bande). Cette maitrise des matières premières permet l'obtention d'un faible taux de cendre et une température de déformation des cendres élevée (évite la formation de machefer).</div>\n<div class=""page3a2a2a1a2"">La dureté importante du granulé par un pressage haute densité, le faible taux d'humidité et enfin un tamisage effectuée avant le remplissage de chaque sac permet un taux de poussière sortie usine très faible. Ils dépassent les normes de qualité les plus strictes DIN Plus ou EN Plus. Ils conviennent parfaitement pour tous les systèmes de chauffage aux granulés de bois.</div></td>\n</tr>\n</tbody>\n</table>\n</div>\n<div class=""page3a2a2"">\n<table class=""page3a2a2a"">\n<tbody>\n<tr class=""page3a2a2a1"">\n<td class=""page3a2a2a1a"">\n<div class=""page3a2a2a1a1"">Informations complémentaires</div></td>\n<td class=""page3a2a2a1b"">\n<div class=""page3a2a2a1a3"">Type de bois</div>\n<div class=""page3a2a2a1a2"">100% résineux</div>\n<div class=""page3a2a2a1a3"">Certificats</div>\n<div class=""page3a2a2a1a2"">DIN Plus, EN Plus A1</div>\n<div class=""page3a2a2a1a3"">Pouvoir Calorifique</div>\n<div class=""page3a2a2a1a2"">Supérieur à 4,9 kWh/kg</div>\n<div class=""page3a2a2a1a3"">Taux D'humidité</div>\n<div class=""page3a2a2a1a2"">Inférieur à 8 %</div>\n<div class=""page3a2a2a1a3"">Taux De Cendres</div>\n<div class=""page3a2a2a1a2"">Inférieur à 0,5 %</div>\n<div class=""page3a2a2a1a3"">Taux De Poussière</div>\n<div class=""page3a2a2a1a2"">Inférieur à 0,21 %</div></td>\n</tr>\n</tbody>\n</table>\n</div>",,,taxable,,1,,,0,0,,,,,1,,384,480,Granulés et pellets,,,https://boispro.ch/wp-content/uploads/2023/08/00069.jpg,0,,,,,kg,975
simple,WH-0057,Pellet Green Forest - Palette de 70 sacs de 15 kg,1,0,visible,"Les granulés de bois GREEN FOREST sont certifiés EN Plus A1, 100 % naturels. Fabriqués en Lituanie.","<div class=""page3a2a2"">\n<table class=""page3a2a2a"">\n<tbody>\n<tr class=""page3a2a2a1"">\n<td class=""page3a2a2a1a"">\n<div class=""page3a2a2a1a1"">Présentation</div></td>\n<td class=""page3a2a2a1b"">\n<div class=""page3a2a2a1a3"">Ces granulés de bois sont 100% naturels, sans colle ni additif.</div>\n<div class=""page3a2a2a1a2"">Ils ont la certification FSC (Forest Stewardship Council) assure une gestion écologique, économique et sociale des forêts.</div>\n<div class=""page3a2a2a1a2"">Ces pellets conviennent à tous les systèmes de chauffage fonctionnant aux granulés de bois, sans les encrasser tout en vous offrant une chaleur de qualité.</div></td>\n</tr>\n</tbody>\n</table>\n</div>\n<div class=""page3a2a2"">\n<table class=""page3a2a2a"">\n<tbody>\n<tr class=""page3a2a2a1"">\n<td class=""page3a2a2a1a"">\n<div class=""page3a2a2a1a1"">Informations complémentaires</div></td>\n<td class=""page3a2a2a1b"">\n<div class=""page3a2a2a1a3"">Composition</div>\n<div class=""page3a2a2a1a2"">100% résineux</div>\n<div class=""page3a2a2a1a3"">Certificats</div>\n<div class=""page3a2a2a1a2"">EN Plus A1</div>\n<div class=""page3a2a2a1a3"">Pouvoir Calorifique</div>\n<div class=""page3a2a2a1a2"">Supérieur à 4,6 kWh/kg</div>\n<div class=""page3a2a2a1a3"">Taux D'humidité</div>\n<div class=""page3a2a2a1a2"">Inférieur à 10 %</div>\n<div class=""page3a2a2a1a3"">Taux De Cendres</div>\n<div class=""page3a2a2a1a2"">Inférieur à 0,7 %</div>\n<div class=""page3a2a2a1a3"">Diamètre</div>\n<div class=""page3a2a2a1a2"">6 mm</div></td>\n</tr>\n</tbody>\n</table>\n</div>",,,taxable,,1,,,0,0,,,,,1,,408,510,Granulés et pellets,,,https://boispro.ch/wp-content/uploads/2023/08/00077.jpg,0,,,,,kg,1050
simple,WH-0058,Pellet Bonus - Palette de 70 sacs de 15 kg,1,0,visible,"Les granulés de bois BONUS sont certifiés EN Plus A1, 100 % résineux. Ils sont fabriqués dans l'une des plus grosses usines de Lituanie.","<div class=""page3a2a3"">\n<div class=""page3a2a3a""></div>\n</div>\n<div class=""page3a2a2"">\n<table class=""page3a2a2a"">\n<tbody>\n<tr class=""page3a2a2a1"">\n<td class=""page3a2a2a1a"">\n<div class=""page3a2a2a1a1"">Présentation</div></td>\n<td class=""page3a2a2a1b"">\n<div class=""page3a2a2a1a3"">Ces pellets de bois sont de qualité Premium et certifiés EN Plus A1 ISO 17225-2.</div>\n<div class=""page3a2a2a1a2"">La norme EN Plus A1 est une norme Européenne très stricte qui contrôle scrupuleusement la matière première et l'entreposage de celle-ci. La matière première doit provenir impérativement de : - Forêts, plantations ou bois vierges - Sous produits et résidus d'industries de transformation du bois - Bois usagés non traités chimiquement</div>\n<div class=""page3a2a2a1a2"">Ils possèdent un fort pouvoir calorifique supérieur à 5 kWh/kg et des faibles taux en cendres et poussières et humidité. Grâce à pellet vous aurez une bonne chaleur constante et n'encrasserez pas votre poêle, insert ou chaudière.</div></td>\n</tr>\n</tbody>\n</table>\n</div>\n<div class=""page3a2a2"">\n<table class=""page3a2a2a"">\n<tbody>\n<tr class=""page3a2a2a1"">\n<td class=""page3a2a2a1a"">\n<div class=""page3a2a2a1a1"">Informations complémentaires</div></td>\n<td class=""page3a2a2a1b"">\n<div class=""page3a2a2a1a3"">Composition</div>\n<div class=""page3a2a2a1a2"">100% résineux</div>\n<div class=""page3a2a2a1a3"">Certificats</div>\n<div class=""page3a2a2a1a2"">EN Plus A1</div>\n<div class=""page3a2a2a1a3"">Pouvoir Calorifique</div>\n<div class=""page3a2a2a1a2"">Supérieur à 5kWh/kg</div>\n<div class=""page3a2a2a1a3"">Taux D'humidité</div>\n<div class=""page3a2a2a1a2"">Inférieur à 8 %</div>\n<div class=""page3a2a2a1a3"">Taux De Cendres</div>\n<div class=""page3a2a2a1a2"">Inférieur à 0,3 %</div></td>\n</tr>\n</tbody>\n</table>\n</div>",,,taxable,,1,,,0,0,,,,,1,,408,510,Granulés et pellets,,,https://boispro.ch/wp-content/uploads/2023/08/00080.jpg,0,,,,,kg,1050
simple,WH-0059,Palette Bois De Chauffage Chêne- 40 CM- 2 STÈRES,1,0,visible,"<div class=""woocommerce-product-details__short-description"">Les bûches de bois garanti sec , avec moins de 10% d’humidité sont fabriquées à partir d’essences de chêne, de charme et de hêtre. Made in Belgique, séchées, fendues et écorsées, elles sont certifiées NF.\n\nNos bûches de bois de chauffage 40 cm vous garantissent une performance énergétique optimale. Elles ont l’avantage d’être pratiques à manipuler et faciles à stocker avec leur conditionnement en palette.</div>","<strong>ALETTE BOIS DE CHAUFFAGE – 40 CM – 2 STÈRES</strong><span id=""more-298""></span>\n\n* Une palette de bois de chauffage = 2 Stères\n\nBois bûche de qualité supérieure\n\nUn bois bûche de qualité supérieure pour une utilisation immédiate dans l’appareil de chauffage, ce qui garanti le meilleur rendement de l’appareil de chauffage, sans fumées, et un encrassement minimum du conduit de cheminée.\n\nLes avantages d’un bois passé en séchoir :\n<ul>\n 	<li>écorcé partiellement par le séchage et le tamisage</li>\n 	<li>sans parasites, insectes, champignons</li>\n 	<li>s’allume très facilement</li>\n 	<li>uniquement en quartiers</li>\n 	<li>brûle sans fumées</li>\n 	<li>n’encrasse pas la cheminée</li>\n 	<li>pas de gaspillage de calories</li>\n</ul>\n<strong>Le mélange est uniquement constitué de hêtre, charme, chêne, les essences les plus calorifiques pour le bois de chauffage.</strong>\n\nUn stère de bois séché artificiellement représente 1,3 stère de bois mi-sec en terme d’énergie calorifique dégagée.\n\nLe volume d’un stère de bois rangé représente en 33cm, un volume de 0,7m3. Aussi lorsque le bois est coupé en longueur de 25cm le volume d’un stère de bois est de 0,6m3 et enfin lorsqu’il est coupé en longueur de 50cm, le volume d’un stère de bois est de 0,8m3.\n\nPlus le bois de chauffage est coupé court, mieux il s’empile et il y a moins de vides entre les bûches, le volume apparent diminue mais la quantité de bois reste la même.\n\nHumidité contrôlée et garantie inférieure à 10%. (Norme NF Bois de Chauffage)\n\nLongueur : 40 cm\n\nLivraison sur Palette, plus de renseignements dans la section livraison.",,,taxable,,1,,,0,0,,,,,1,,,130,Bois de chauffage,,,https://boispro.ch/wp-content/uploads/2023/09/1-PALETTE-BOIS-DE-CHAUFFAGE-40-CM-3-STERES-1-1.jpeg,0,oak,40,,kiln,rm,2
simple,WH-0060,"Stère de Bois de chauffage Mélange Hêtre, Chêne sec – 40 cm 1 Stères",1,0,visible,"Les bûches de bois de chauffage garanti sec avec moins de 10% d’humidité sont fabriquées à partir d’essences de chêne, de charme et de hêtre. Made in Belgique, séchées, fendues et écorsées, elles sont certifiées NF.","<div id=""tab-description"" class=""entry-content woocommerce-Tabs-panel woocommerce-Tabs-panel--description wd-active wd-scroll wd-accordion-content"" role=""tabpanel"" aria-labelledby=""tab-title-description"" data-accordion-index=""description"">\n<div class=""wc-tab-inner wd-scroll-content"">\n\nLes bûches de bois de chauffage garanti sec avec moins de 10% d’humidité sont fabriquées à partir d’essences de chêne, de charme et de hêtre. Made in Belgique, séchées, fendues et écorsées, elles sont certifiées NF.\n\nNos bûches de bois de chauffage 40 cm vous garantissent une performance énergétique optimale. Elles ont l’avantage d’être pratiques à manipuler et faciles à stocker avec leur conditionnement en palette.\n\n</div>\n</div>",,,taxable,,1,,,0,0,,,,,1,,,65,Bois de chauffage,,,"https://boispro.ch/wp-content/uploads/2023/09/888048.webp, https://boispro.ch/wp-content/uploads/2023/09/Bois-33cm.jpg",0,mixed,40,10,,rm,1
simple,WH-0061,"Stère de Bois de chauffage (Mélange Hêtre, Chêne) sec – 50 cm - 1 Stères",1,0,visible,"Nos bûches de bois de chauffage garanti sec , avec moins de 10% d’humidité sont fabriquées à partir d’essences de chêne, de charme et de hêtre. Made in Belgique, séchées, fendues et écorsées, elles sont certifiées NF.","<div id=""tab-description"" class=""entry-content woocommerce-Tabs-panel woocommerce-Tabs-panel--description wd-active wd-scroll wd-accordion-content"" role=""tabpanel"" aria-labelledby=""tab-title-description"" data-accordion-index=""description"">\n<div class=""wc-tab-inner wd-scroll-content"">\n\nNos bûches de bois de chauffage garanti sec , avec moins de 10% d’humidité sont fabriquées à partir d’essences de chêne, de charme et de hêtre. Made in Belgique, séchées, fendues et écorsées, elles sont certifiées NF.\n\nNos bûches de bois de chauffage 50 cm vous garantissent une performance énergétique optimale. Elles ont l’avantage d’être pratiques à manipuler et faciles à stocker avec leur conditionnement en palette.\n\n</div>\n</div>",,,taxable,,1,,,0,0,,,,,1,,,60,Bois de chauffage,,,"https://boispro.ch/wp-content/uploads/2023/09/DSC01529-removebg-preview.jpg, https://boispro.ch/wp-content/uploads/2023/09/Buches-FLAMINO.png, https://boispro.ch/wp-content/uploads/2023/09/Bois-33cm.jpg",0,mixed,50,10,,rm,1
simple,WH-0062,"Palette de 2st de 25cm de bois de chauffage (Mélange Hêtre, Chêne) sec - prêt à l'emploi",1,0,visible,"<strong>Palette de 2 stères de Bois de chauffage Sec</strong> séché en séchoirs.\n\nHumidité  du bois contrôlée lors du séchage, garantie inférieure à 20%, pour un rendement maximum.\n\nDéjà rangé,<strong> prêt à l'emploi</strong>, propre, pratique et esthétique.","<h2>Bois de chauffage sec en palettes</h2>\nVous voulez éviter la <strong>corvée de rangement</strong> de bois de chauffage, vous pouvez commander du bois de chauffage déjà rangé sur une structure en bois, livré dans votre garage! Vous n'aurez plus à ous soucier du stockage et du rangement du bois.\n\n<strong> Plus d'écorces ni de déchets</strong> à ramasser après la livraison, votre bois est propre et rangé, prêt à l'emploi.\n\nLa palette est composée uniquement de quartiers de bois, parmi les essences les plus calorifiques: le hêtre, le chêne, le charme et le frêne.\n\nLe bois de chauffage Piskorski est un produit unique<strong>: étuvé il est prêt à brûler dans la cheminée</strong>, le poêle ou l'insert; plus de parasites ni de mousses qui sont détruites au séchage. Vous profiterez d'un bois qui s'allume rapidement et facilement, qui dégage beaucoup plus d'énergie qu'un bois humide ou même séché naturellement.\n\n&nbsp;\n\nPlus de gaspillage de calories avec du bois de chauffage sec!\n<ul id=""idTab2"" class=""bullet"">\n 	<li>Hauteur 1,75m</li>\n 	<li>Largeur 1.20m</li>\n 	<li>Poids 860kg</li>\n 	<li>Longueur 0.8m</li>\n 	<li>Humidité contrôlée 20%</li>\n 	<li>Pouvoir calorifique 2000kWh/st</li>\n 	<li>Essences Hêtre 90% - Charme, Frêne et Chêne</li>\n 	<li>Format Palette</li>\n 	<li>Livraison Palette2st</li>\n</ul>\nPensez à laisser la place pour la livraison des palettes:\n<ul>\n 	<li>Sol lisse et roulant</li>\n 	<li>Dimensions de la palette (0.8m x 1m20 x 1m75 (40cm))</li>\n 	<li>Pas de marches ni de seuils de portes &gt;5cm</li>\n 	<li>Accès pour un camion 19T ou son chariot embarqué</li>\n</ul>",,,taxable,,1,,,0,0,,,,,0,,,160,Bois de chauffage,,,"https://boispro.ch/wp-content/uploads/2023/09/bois-de-chauffage-50-cm-melange-de-bois-durs-palette-2-m3-25-steres.webp, https://boispro.ch/wp-content/uploads/2023/09/bois-de-chauffage-nf-g1h1.jpg",0,mixed,25,,,rm,2
simple,WH-0063,"Palette de 1st de bois de 33 cm de chauffage (Mélange Hêtre, Chêne) sec séchoirs - prêt à l'emploi",1,0,visible,"Palette de 1 stère de bois de chauffage rangée.\n\nBois garanti sec, avec une humidité inférieure à 20%.\n\nLa palette est composée uniquement de quartiers de bois, parmi les essences les plus calorifiques: le hêtre, le chêne, le charme et le frêne.","Le <strong>bois de chauffage</strong> est séché artificiellement en séchoirs, pendant 5 jours à une température de 85°C pour atteindre une humidité garantie inférieure à 20%.\n\nCompte tenu de ce système de séchage, chaque bûche est sèche même à coeur, et ceci tout au long de l'année. Le bois de chauffage sec est disponible et de même qualité de Janvier à Décembre.\n\nAvec la palette de 1 stère de bois, vous disposez de votre bois prêt à l'emploi, pour un stockage facile et une combustion immédiate.\n\n&nbsp;\n\nLe <strong>bois</strong> séché en séchoirs contient 20% de plus d'énérgie que tout autre bois séché naturellement, car même à coeur, le bois est sec. Il est donc<strong> plus économique</strong> de brûler du bois séché que du bois traditionnel.\n\nDe plus, une partie de l'écorce se détachant lors du séchage, moins de cendres seront produites lors de la combustion.\n<ul id=""idTab2"" class=""bullet"">\n 	<li>Humidité contrôlée 20%</li>\n 	<li>Pouvoir calorifique 2000 kWh</li>\n 	<li>Essences Hêtre 90% - Charme, Frêne et Chêne</li>\n 	<li>Format Uniquement en Quartiers</li>\n 	<li>Livraison Palette1st</li>\n</ul>\nDe nombreux avantages sont liées à la consommation de bois de chauffage sec sur palettes:\n<ul>\n 	<li>Pas de corvée de rangement</li>\n 	<li>Stockage facile</li>\n 	<li>Livraison sur mesure, dans le garage</li>\n 	<li>Consommation immédiate</li>\n 	<li>Rendement énergétique exceptionnel</li>\n 	<li>Démarrage facile</li>\n 	<li>Pas de fumées</li>\n 	<li>Peu de cendres</li>\n 	<li>Chaleur incomparable</li>\n 	<li>Pas d'insectes</li>\n 	<li>Peu de poussière</li>\n</ul>",,,taxable,,1,,,0,0,,,,,1,,,70,Bois de chauffage,,,https://boispro.ch/wp-content/uploads/2023/09/bois-de-chauffage-bois-de-chauffage-nf-n-sec-g1-h1-n-palette-de-1st.jpg,0,mixed,33,,kiln,rm,1
simple,WH-0064,Palette bois de chauffage (Chêne) - 33 cm- 3 stères,1,0,visible,"Les bûches de bois garanti sec , avec moins de 10% d’humidité sont fabriquées à partir d’essences de chêne, de charme et de hêtre. Made in Belgique, séchées, fendues et écorsées, elles sont certifiées NF.","<div id=""tab-description"" class=""entry-content woocommerce-Tabs-panel woocommerce-Tabs-panel--description wd-active wd-scroll wd-accordion-content"" role=""tabpanel"" aria-labelledby=""tab-title-description"" data-accordion-index=""description"">\n<div class=""wc-tab-inner wd-scroll-content"">\n\n<strong>PALETTE BOIS DE CHAUFFAGE – 33 CM – 3 STÈRES</strong><span id=""more-297""></span>\n\n* Une palette de bois de chauffage = 3 Stères\n\nBois bûche de qualité supérieure\n\nUn bois bûche de qualité supérieure pour une utilisation immédiate dans l’appareil de chauffage, ce qui garanti le meilleur rendement de l’appareil de chauffage, sans fumées, et un encrassement minimum du conduit de cheminée.\n\nLes avantages d’un bois passé en séchoir :\n<ul>\n 	<li>écorcé partiellement par le séchage et le tamisage</li>\n 	<li>sans parasites, insectes, champignons</li>\n 	<li>s’allume très facilement</li>\n 	<li>uniquement en quartiers</li>\n 	<li>brûle sans fumées</li>\n 	<li>n’encrasse pas la cheminée</li>\n 	<li>pas de gaspillage de calories</li>\n</ul>\nLe mélange est uniquement constitué de hêtre, charme, chêne, les essences les plus calorifiques pour le bois de chauffage.\n\nUn stère de bois séché artificiellement représente 1,3 stère de bois mi-sec en terme d’énergie calorifique dégagée.\n\nLe volume d’un stère de bois rangé représente en 33cm, un volume de 0,7m3. Aussi lorsque le bois est coupé en longueur de 33cm le volume d’un stère de bois est de 0,6m3 et enfin lorsqu’il est coupé en longueur de 50cm, le volume d’un stère de bois est de 0,8m3.\n\nPlus le bois de chauffage est coupé court, mieux il s’empile et il y a moins de vides entre les bûches, le volume apparent diminue mais la quantité de bois reste la même.\n\nHumidité contrôlée et garantie inférieure à 10%. (Norme NF Bois de Chauffage)\n\nLongueur : 33 cm\n\nLivraison sur Palette, plus de renseignements dans la section livraison.\n\n<strong>Pas de commande minimum</strong>\n\n</div>\n</div>",,,taxable,,1,,,0,0,,,,,0,,,200,Bois de chauffage,,,https://boispro.ch/wp-content/uploads/2023/09/1-PALETTE-BOIS-DE-CHAUFFAGE-40-CM-3-STERES-1-1-700x700-1.jpeg,0,oak,33,,kiln,rm,3
simple,WH-0065,"Caisse bois de chauffage chêne ultra sec 30 cm - 2,5 Stères",1,0,visible,"<div class=""woocommerce-product-details__short-description"">\n<ul>\n 	<li><strong>30 cm bois de chauffage ultra sec chêne</strong></li>\n 	<li><strong>Prêt à l’emploi</strong></li>\n 	<li><strong>Empilés à la main</strong></li>\n 	<li><strong>Caisse solide Créme du Bois</strong></li>\n</ul>\n</div>",,,,taxable,,1,,,0,0,,,,,1,,,185,Bois de chauffage,,,"https://boispro.ch/wp-content/uploads/2023/09/Caisse-bois-bqsgdj.jpeg, https://boispro.ch/wp-content/uploads/2023/09/BOIS-dzsyef.jpg",0,oak,30,,,rm,2.5
simple,WH-0066,"Caisse de bois de chauffage(Mélange Hêtre Chêne): 30 cm 3,5 Stères chêne ultra sec",1,0,visible,"<div class=""woocommerce-product-details__short-description"">\n<ul>\n 	<li><strong>2 m3 Bois de chauffage ultra sec Chêne</strong></li>\n 	<li><strong>Prêt à l’emploi</strong></li>\n 	<li><strong>Empilés à la main</strong></li>\n 	<li><strong>Caisse solide</strong></li>\n 	<li><strong>Poids: 1000 Kg</strong></li>\n 	<li><strong>Dimensions: 120 × 100 × 195 cm</strong></li>\n 	<li><strong>Degré d’humidité: 10% – 20% prêt à l’emploi</strong></li>\n 	<li><strong>Clivé: +/- Epaisseur 5-15 cm +/- Longueur 30cm</strong></li>\n 	<li><strong>Volume: 2 m³ (empilés à la main) = +/- 3,4 stere</strong></li>\n 	<li><strong>Valeur calorifique: 8,6 Gj/m3</strong></li>\n 	<li><strong>Poids spécifique: 750kg/m³</strong></li>\n</ul>\n</div>","<div class=""wd-accordion-item"">\n<div id=""tab-description"" class=""entry-content woocommerce-Tabs-panel woocommerce-Tabs-panel--description wd-active wd-scroll wd-accordion-content"" role=""tabpanel"" aria-labelledby=""tab-title-description"" data-accordion-index=""description"">\n<div class=""wc-tab-inner wd-scroll-content"">\n\nLa sensation primordiale de la chaleur merveilleuse dans un feu crépitant\n\nAllumer votre poêle à bois doit être agréable et ne doit pas causer de stress dû au bois humide ou de mauvaise qualité. Une combustion stable assure votre sécurité (le bois humide dégage beaucoup de CO2), assure une chaleur agréable et vous permet de profiter sans soucis.\nLa qualité est plus importante qu’un prix bas. C’est le cas pour tous ce que vous achetez En raison de notre volume important, nous avons toutefois réussi à vous offrir le meilleur bois possible au meilleur prix.\n\n<strong>Chêne</strong>\nUne longue durée de combustion est assurée par sa dureté. En plus d’une efficacité élevée, la combustion du chêne procure un parfum délicieux et une belle flamme traditionnelle.\n\n<strong>Propriétés du bois de chêne</strong>\nType de bois dur;\nBrûle lentement\nFlammes vives;\nVous brûlez avec au moins 4 bûches;\nLe bois de chauffage par excellence pour les grands poêles et cheminées.\n\n</div>\n</div>\n</div>\n<div class=""wd-accordion-item""></div>",,,taxable,,1,,,0,0,,,,,1,,,260,Bois de chauffage,,,https://boispro.ch/wp-content/uploads/2023/09/Caisse-de-bois-de-chauffage-Chene-ultra-sec-2m3-1.jpeg,0,mixed,30,,,rm,3.5
simple,WH-0067,"Bois de chauffage (Mélange hêtre; frêne) 30 cm (Sec) 1,5 Stères",1,0,visible,"Caractéristiques et avantages des bûches de bois sec 30 cm : Haute performance énergétique : Avec un taux d’humidité inférieur à 20%, nos bûches de bois sec assurent une combustion efficace et puissante.","<div class=""flex-1 overflow-hidden"">\n<div class=""react-scroll-to-bottom--css-nwgjt-79elbk h-full dark:bg-gray-800"">\n<div class=""react-scroll-to-bottom--css-nwgjt-1n7m0yu"">\n<div class=""flex flex-col text-sm dark:bg-gray-800"">\n<div class=""group w-full text-gray-800 dark:text-gray-100 border-b border-black/10 dark:border-gray-900/50 bg-gray-50 dark:bg-[#444654]"">\n<div class=""flex p-4 gap-4 text-base md:gap-6 md:max-w-2xl lg:max-w-[38rem] xl:max-w-3xl md:py-6 lg:px-0 m-auto"">\n<div class=""relative flex w-[calc(100%-50px)] flex-col gap-1 md:gap-3 lg:w-[calc(100%-115px)]"">\n<div class=""flex flex-grow flex-col gap-3"">\n<div class=""min-h-[20px] flex flex-col items-start gap-4 whitespace-pre-wrap break-words"">\n<div class=""markdown prose w-full break-words dark:prose-invert light"">\n<h1><strong>Caractéristiques et avantages des bûches de bois sec 30 cm :</strong></h1>\n<ul>\n 	<li><strong>Haute performance énergétique</strong> : Avec un taux d’humidité inférieur à 20%, nos bûches de bois sec assurent une combustion efficace et puissante. Leur pouvoir de chauffe est 30% supérieur à celui du bois classique, vous permettant ainsi de profiter d’une chaleur agréable tout en réduisant votre consommation de combustible.</li>\n 	<li><strong>Propreté et praticité</strong> : Nos bûches de bois sec sont soigneusement fendues en petites sections, prêtes à être utilisées. Elles sont exemptes de poussière et produisent moins de cendres, facilitant ainsi leur manipulation et l’entretien de votre appareil de chauffage.</li>\n 	<li><strong>Compatibilité et polyvalence</strong> : Nos bûches de bois sec conviennent à une large gamme d’appareils de chauffage et de cuisson, tels que les cheminées, les poêles, les foyers fermés, les inserts, les cuisinières, les chaudières, les fours à bois et les foyers ouverts. Elles répondent aux exigences techniques des nouveaux équipements de chauffage, garantissant ainsi leur performance et leur durabilité.</li>\n 	<li><strong>Innovation écologique</strong> : Chez Brugs Stère, nous sommes engagés envers l’environnement. Nos bûches de bois sec sont fabriquées à partir d’essences de bois nobles provenant de sources durables, telles que le chêne, le charme et le hêtre. Elles respectent les normes environnementales et contribuent à réduire les émissions de particules fines lors de leur combustion, préservant ainsi la qualité de l’air que vous respirez.</li>\n 	<li><em>Origine : France | Certification : NF Bois de Chauffage | Classe – Groupe : Groupe H1 – G1 | Taux d’humidité (à cœur sur brut) : ≤ 20% | Utilisation : Immédiate | PCI sur brut</em> : ≥ 3,9 kWh kg-1*</li>\n</ul>\nProfitez dès maintenant de notre bois de chauffage haute performance et naturel pour une expérience de chauffage optimale. Commandez dès aujourd’hui et bénéficiez d’une livraison à domicile, avec notre transporteur qui vous contactera pour fixer une date de livraison. Optez pour nos bûches de bois sec 30 cm et transformez votre foyer en une source de chaleur confortable et écologique.\n\n<em>Le Pouvoir Calorifique Inférieur correspond à la quantité de chaleur en kWh dégagée par la combustion de 1 kg de bois, moins la chaleur latente de vaporisation de l’eau contenue dans les fumées.</em>\n\n</div>\n</div>\n</div>\n<div class=""flex justify-between lg:block""></div>\n</div>\n</div>\n</div>\n</div>\n</div>\n</div>\n</div>",,,taxable,,1,,,0,0,,,,,1,,,110,Bois de chauffage,,,"https://boispro.ch/wp-content/uploads/2023/09/DSC01529-removebg-preview.jpg, https://boispro.ch/wp-content/uploads/2023/09/DSC01570-1.jpg",0,mixed,30,20,,rm,1.5
simple,WH-0068,Bois de chauffage fendu (Chêne) 33 cm (Sec) 2 Stères,1,0,visible,Bois de chauffage 2.1m3 30-33 cm (Sec),"Bois de chauffage belge\n\nBois de chauffage sur palette\n\nNos palettes de bois de chauffage sont composées uniquement de bois durs feuillus (frêne et hêtre). Notre entreprise de combustibles commercialise uniquement du bois prêt à brûler dont le taux d'humidité est &lt; à 20 %. L'avantage du bois de chauffage sur palette est son conditionnement propre et rangé, facile à stocker.\n\nConseils de stockage pour le bois de chauffage\n\nIl est toujours préférable d'entreposer votre bois de chauffage dans un endroit aéré et protégé de l'humidité.\n\nBois local\n\nIl s'agit d'un bois belge. En effet, nous préférons travailler avec du bois de Belgique plutôt que du bois qui provient des pays de l'est.\n\nNous livrons votre bois de chauffage par camion muni d'un petit clark permettant de passer dans la pelouse et les graviers et même rentrer le bois directement dans votre garage lorsque cela s'avère possible.\n\nNous mettons donc tout en oeuvre afin de vous éviter un rangement trop fastidieux.\n\nUn bois de chauffage sec avant tout\n\nLe séchage du bois de chauffage est le critère le plus important pour une combustion de qualité. En effet, la présence d'eau dans le bois de chauffage absorbe énormément d'énergie lors de la combustion et par conséquent la chaleur dégagée est plus faible.\n\nNos bois de chauffage contiennent moins de 20 % d'humidité pour une combustion efficace.\n\nUne stère de bois de chauffage = 1m3 de bois de chauffage? NON\n\nL' unité traditionnelle pour le bois de chauffage est la stère.\n\nNe confondez pas stère et m3. En effet, 1stère = 1m3 lorsque le bois est coupé en bûches d'1 mètre de long. Plus on coupe le bois, plus il perd de son volume (donc moins on a de m3) mais le nombre de stère reste le même.\n\nConversion:\n\n- Bûches coupées en longueur de 30-33 cm : 2,1 M3 =3 stères\n\n- Bûches coupées en longueur de 50 cm: 2,1 M3 = 2,4 stères",,,taxable,,1,,,0,0,,,,,1,,,130,Bois de chauffage,,,"https://boispro.ch/wp-content/uploads/2023/09/DSC9143-removebg-preview-1.jpg, https://boispro.ch/wp-content/uploads/2023/09/Buches-FLAMINO.png",0,oak,33,20,,rm,2
simple,WH-0069,Bois de chauffage (Chêne) en palette (30 cm /- 3 stères),1,0,visible,"Palette (Mélange) Bois Coupé en 30cm (+/-3 st.) Le bois utilisé est un feuillus (Charme, chêne, hêtre, frêne, bouleau) Fini la corvée de rangement du bois de chauffage, vous pouvez commander du bois déjà rangé sur une structure en bois, livré dans votre garage (L 1.15m x P 1.15m x H 1.20m).","Palette (Mélange) Bois Coupé en 30cm (+/-3 st.)\n\nLe bois utilisé est un feuillus (Charme, chêne, hêtre, frêne, bouleau)\n\nFini la corvée de rangement du bois de chauffage, vous pouvez commander du bois déjà rangé sur une structure en bois, livré dans votre garage (L 1.15m x P 1.15m x H 1.20m).\n\nVous n'aurez plus à vous souciez du stockage et du rangement du bois.\n\nPlus d'écorces ni de déchets à ramasser après la livraison, votre bois est propre et rangé.",,,taxable,,1,,,0,0,,,,,0,,,220,Bois de chauffage,,,"https://boispro.ch/wp-content/uploads/2023/09/brennholz-birke-33cm-2rm-box-P-1914730-8253364_1.webp, https://boispro.ch/wp-content/uploads/2023/09/bois-buches-30.webp",0,oak,30,,,rm,3
simple,WH-0070,"Bois de chauffage (Mélange de Chêne, Charme) - 50 cm de 2.5 stères",1,0,visible,"Ces bûches sont refendues en 50 cm, idéales pour les cheminées et inserts. N'oubliez pas que pour bien faire sécher votre bois, il faut le stocker dans un endroit sec, ventilé et à l'abri de l'humidité.","Ces bûches sont refendues en 50 cm, idéales pour les cheminées et inserts.\n\nN'oubliez pas que pour bien faire sécher votre bois, il faut le stocker dans un endroit sec, ventilé et à l'abri de l'humidité.\n\nL'idéal est sous abri de type préau (ouvert sur le devant et fermé sur les côtés et le dessus) l'air passe bien entre le bois et la pluie n'entre pas.\n\nCe bois conviendra parfaitement dans les foyers ouverts ou fermés de grandes dimensions.\n\n<strong>Comment moins polluer?</strong>\n\n<strong>La technique de l'allumage du feu par le haut </strong>:\n\nIl faut empiler les bûches en plaçant les plus grosses en dessous et en laissant un peu d'espace entre chacune puis poser le petit bois d'allumage dessus. Les gaz de combustion éliminés dans les flammes.\n\n<strong>Rechargement du bois</strong> :\n\nDès qu'il n'y a plus de flammes et que les braises sont encore bien vives, en ne laissant pas trop longtemps la porte ouverte.\n\n<strong>Le conduit de fumées </strong>:\n\nIl doit être en bon état. Un bon tirage est important pour une bonne combustion.\n\n<strong>Le ramonage</strong> :\n\nIl est impératif d'effectuer un ramonage 2 fois par an, dont une fois durant la période de chauffe.",,,taxable,,1,,,0,0,,,,,1,,,140,Bois de chauffage,,,"https://boispro.ch/wp-content/uploads/2023/09/bois-de-chauffage-50-cm-melange-de-bois-durs-palette-2-m3-25-steres.webp, https://boispro.ch/wp-content/uploads/2023/09/brennholz-removebg-preview.webp",0,mixed,50,,,rm,2.5
simple,WH-0071,"Bûches de bois (Mélange Hêtre, Chêne) sec 30 cm (2 stères)",1,0,visible,"Découvrez nos bûches de bois sec 30 cm qui vous assurent une performance énergétique optimale. Leur format pratique facilite leur manipulation et leur conditionnement en palette les rend faciles à stocker. Vous pouvez également choisir parmi nos autres longueurs disponibles, telles que les bûches de bois sec de 50 cm ou encore les bûches de bois sec 40 cm.\n\nAvec un taux d’humidité inférieur à 20%.\n\nFaites le choix de la qualité et de la praticité avec nos bûches de bois de chauffage.\nConditionnement: 1 palette = 2 stères (volume bois vrac), Poids de 621 KG par palette.","<div class=""flex-1 overflow-hidden"">\n<div class=""react-scroll-to-bottom--css-nwgjt-79elbk h-full dark:bg-gray-800"">\n<div class=""react-scroll-to-bottom--css-nwgjt-1n7m0yu"">\n<div class=""flex flex-col text-sm dark:bg-gray-800"">\n<div class=""group w-full text-gray-800 dark:text-gray-100 border-b border-black/10 dark:border-gray-900/50 bg-gray-50 dark:bg-[#444654]"">\n<div class=""flex p-4 gap-4 text-base md:gap-6 md:max-w-2xl lg:max-w-[38rem] xl:max-w-3xl md:py-6 lg:px-0 m-auto"">\n<div class=""relative flex w-[calc(100%-50px)] flex-col gap-1 md:gap-3 lg:w-[calc(100%-115px)]"">\n<div class=""flex flex-grow flex-col gap-3"">\n<div class=""min-h-[20px] flex flex-col items-start gap-4 whitespace-pre-wrap break-words"">\n<div class=""markdown prose w-full break-words dark:prose-invert light"">\n<h1><strong>Caractéristiques et avantages des bûches de bois sec 30 cm :</strong></h1>\n<ul>\n	<li><strong>Haute performance énergétique</strong> : Avec un taux d’humidité inférieur à 20%, nos bûches de bois sec assurent une combustion efficace et puissante. Leur pouvoir de chauffe est 30% supérieur à celui du bois classique, vous permettant ainsi de profiter d’une chaleur agréable tout en réduisant votre consommation de combustible.</li>\n	<li><strong>Propreté et praticité</strong> : Nos bûches de bois sec sont soigneusement fendues en petites sections, prêtes à être utilisées. Elles sont exemptes de poussière et produisent moins de cendres, facilitant ainsi leur manipulation et l’entretien de votre appareil de chauffage.</li>\n	<li><strong>Compatibilité et polyvalence</strong> : Nos bûches de bois sec conviennent à une large gamme d’appareils de chauffage et de cuisson, tels que les cheminées, les poêles, les foyers fermés, les inserts, les cuisinières, les chaudières, les fours à bois et les foyers ouverts. Elles répondent aux exigences techniques des nouveaux équipements de chauffage, garantissant ainsi leur performance et leur durabilité.</li>\n	<li><strong>Innovation écologique</strong> : Chez Brugs Stère, nous sommes engagés envers l’environnement. Nos bûches de bois sec sont fabriquées à partir d’essences de bois nobles provenant de sources durables, telles que le chêne, le charme et le hêtre. Elles respectent les normes environnementales et contribuent à réduire les émissions de particules fines lors de leur combustion, préservant ainsi la qualité de l’air que vous respirez.</li>\n	<li><em>Origine : Belgique | Certification : NF Bois de Chauffage | Classe – Groupe : Groupe H1 – G1 | Taux d’humidité (à cœur sur brut) : ≤ 20% | Utilisation : Immédiate | PCI sur brut</em> : ≥ 3,9 kWh kg-1*</li>\n</ul>\nProfitez dès maintenant de notre bois de chauffage haute performance et naturel pour une expérience de chauffage optimale. Commandez dès aujourd’hui et bénéficiez d’une livraison à domicile, avec notre transporteur qui vous contactera pour fixer une date de livraison. Optez pour nos bûches de bois sec 30 cm et transformez votre foyer en une source de chaleur confortable et écologique.\n\n<em>Le Pouvoir Calorifique Inférieur correspond à la quantité de chaleur en kWh dégagée par la combustion de 1 kg de bois, moins la chaleur latente de vaporisation de l’eau contenue dans les fumées.</em></div>\n</div>\n</div>\n<div class=""flex justify-between lg:block""></div>\n</div>\n</div>\n</div>\n</div>\n</div>\n</div>\n</div>",,,taxable,,1,,,0,0,,,,,1,,,150,Bois de chauffage,,,"https://boispro.ch/wp-content/uploads/2023/09/Buche-2-Ster-Box.webp, https://boispro.ch/wp-content/uploads/2023/09/Buches-FLAMINO.png, https://boispro.ch/wp-content/uploads/2023/09/1-PALETTE-BOIS-DE-CHAUFFAGE-40-CM-3-STERES-1-1.jpeg",0,mixed,30,20,,rm,2
simple,WH-0072,Buches de bois (Chêne) sec 50cm (2 stères),1,0,visible,"Découvrez nos bûches de bois sec de 50 cm, certifiées NF Bois de Chauffage et d’origine Belge. Avec un taux d’humidité inférieur à 20%, ces bûches garantissent une utilisation immédiate et une performance énergétique optimale. Commandez dès maintenant et profitez d’une livraison à domicile pratique et fiable.\n\nConditionnement: 1 palette = 2 stères (volume bois vrac), Poids de 621 KG par palette.","<h3>Les avantages des bûches de bois haute performance énergétique</h3>\nÊtes-vous à la recherche d’un bois de chauffage sec de qualité supérieure pour optimiser votre système de chauffage ? Nos bûches de bois de chauffage sec de 50 cm sont la solution idéale. Fabriquées à partir d’essences nobles de chêne, de charme et de hêtre, ces bûches sont certifiées NF Bois de Chauffage et proviennent de sources Belge fiables.\n\nCaractéristiques des bûches de bois de chauffage sec 50 cm :\n<ul>\n	<li>Origine : Belgique</li>\n	<li>Certification : NF Bois de Chauffage</li>\n	<li>Classe – Groupe : Groupe H1 – G1</li>\n	<li>Taux d’humidité (à cœur sur brut) : ≤ 20%</li>\n	<li>Utilisation : Immédiate</li>\n	<li>Pouvoir Calorifique Inférieur (PCI) sur brut* : ≥ 3,9 kWh.kg-1</li>\n	<li>Type : Feuillus durs</li>\n	<li>Essences : Chêne – Charme – Hêtre</li>\n	<li>Comportement à l’allumage : Allumage rapide et chaleur immédiate</li>\n	<li>Performance de combustion : Garantie du rendement de l’appareil</li>\n	<li>Taux de cendre : ≤ 1,5%</li>\n	<li>Conditionnement : Longueur 50 cm (± 2 cm), Section : 8 cm ≤ 90% Vol. ≤ 14 cm, 1 palette = 1 Ballot, 1 Ballot = 2000 dm3 (volume bois vrac), Dimensions palette = 100 x 120 x H 185, Poids de 621 KG par palette (50 cm)</li>\n</ul>",,,taxable,,1,,,0,0,,,,,1,,,120,Bois de chauffage,,,"https://boispro.ch/wp-content/uploads/2023/09/1-PALETTE-BOIS-DE-CHAUFFAGE-40-CM-3-STERES-1-1.jpeg, https://boispro.ch/wp-content/uploads/2023/09/DSC9143-removebg-preview-1.jpg, https://boispro.ch/wp-content/uploads/2023/09/Bois-33cm.jpg",0,oak,50,,,rm,2
simple,WH-0073,"Buches de Bois (Mélange Hêtre, Chêne) Sec 40 cm (2 stères)",1,0,visible,"Les bûches de bois sec 40 cm Haute Performance Brugs-stere.be vous offrent une expérience de chauffage optimale grâce à leur garantie de qualité. Fabriquées à partir d’essences nobles de chêne, de charme et de hêtre, ces bûches garanties sèches avec moins de 20% d’humidité vous assurent une performance énergétique supérieure.\n\nConditionnement: 1 palette = 2 stères (volume bois vrac), Poids de 621 KG par palette.\n<div>\n<div class=""delivery_not_available""></div>\n</div>","<div class=""accordion-inner"" id=""accordion-description-content"" aria-labelledby=""accordion-description-label"">\n<div class=""flex-1 overflow-hidden"">\n<div class=""react-scroll-to-bottom--css-nwgjt-79elbk h-full dark:bg-gray-800"">\n<div class=""react-scroll-to-bottom--css-nwgjt-1n7m0yu"">\n<div class=""flex flex-col text-sm dark:bg-gray-800"">\n<div class=""group w-full text-gray-800 dark:text-gray-100 border-b border-black/10 dark:border-gray-900/50 bg-gray-50 dark:bg-[#444654]"">\n<div class=""flex p-4 gap-4 text-base md:gap-6 md:max-w-2xl lg:max-w-[38rem] xl:max-w-3xl md:py-6 lg:px-0 m-auto"">\n<div class=""relative flex w-[calc(100%-50px)] flex-col gap-1 md:gap-3 lg:w-[calc(100%-115px)]"">\n<div class=""flex flex-grow flex-col gap-3"">\n<div class=""min-h-[20px] flex flex-col items-start gap-4 whitespace-pre-wrap break-words"">\n<div class=""markdown prose w-full break-words dark:prose-invert light"">\n<h2>Caractéristiques des buches de bois sec 40 cm</h2>\n<ul>\n	<li><strong>Origine :</strong> Belgique</li>\n	<li><strong>Certification :</strong> NF Bois de Chauffage</li>\n	<li><strong>Classe – Groupe :</strong> Groupe H1 – G1</li>\n	<li><strong>Taux d’humidité (à cœur sur brut) :</strong> ≤ 20%</li>\n	<li><strong>Utilisation :</strong> Immédiate</li>\n	<li><em>PCI sur brut :</em>* ≥ 3,9 kWh.kg-1</li>\n</ul>\n<h2>Informations complémentaires</h2>\n<ul>\n	<li><strong>Type :</strong> Feuillus durs</li>\n	<li><strong>Essences :</strong> Chêne, Charme, Hêtre</li>\n	<li><strong>Comportement à l’allumage :</strong> Allumage rapide et chaleur immédiate</li>\n	<li><strong>Performance de combustion :</strong> Garantie du rendement de l’appareil</li>\n	<li><strong>Taux de cendre :</strong> ≤ 1,5%</li>\n</ul>\n<h2>Conditionnement</h2>\n<ul>\n	<li><strong>Longueur :</strong> 40 cm (± 2 cm)</li>\n	<li><strong>Section :</strong> 8 cm ≤ 90% Vol. ≤ 14 cm</li>\n	<li><strong>1 palette = 1 Ballot</strong></li>\n	<li><strong>1 Ballot = 2000 dm3 (volume bois vrac)</strong></li>\n	<li><strong>Dimensions palette :</strong> 100 x 120 x H 185</li>\n	<li><strong>Poids de la palette :</strong> 621 kg (40 cm)</li>\n</ul>\n<em>Le Pouvoir Calorifique Inférieur correspond à la quantité de chaleur en kW/h dégagée par la combustion de 1 kg de bois moins la chaleur latente de vaporisation de l’eau contenue dans les fumées.</em>\n<h2>Avantages des Buches de Bois 40 cm Haute Performance Énergétique</h2>\n<h3>Polyvalentes</h3>\nNos bûches de bois 40 cm sont idéales pour une utilisation avec tous types d’appareils de chauffage ou de cuisine, tels que :\n<ul>\n	<li>Les poêles</li>\n	<li>Les foyers fermés</li>\n	<li>Les inserts</li>\n	<li>Les cuisinières</li>\n	<li>Les chaudières</li>\n	<li>Les fours à bois et les foyers ouverts</li>\n</ul>\n<h3>100% Bois Nobles</h3>\nNos bûches de bois de chauffage appartiennent à la catégorie H1/G1 et sont certifiées NF. Elles sont fabriquées à partir d’essences nobles de chêne, de charme et de hêtre très secs (étuvés), garantissant ainsi un bois naturel de qualité supérieure.\n<h3>Propres</h3>\nNos bûches de bois premium sont soigneusement écorcées, dépoussiérées et brossées en tambour écorceur avant leur commercialisation. Vous pouvez compter sur leur propreté\n<div class=""group w-full text-gray-800 dark:text-gray-100 border-b border-black/10 dark:border-gray-900/50 bg-gray-50 dark:bg-[#444654]"">\n<div class=""flex p-4 gap-4 text-base md:gap-6 md:max-w-2xl lg:max-w-[38rem] xl:max-w-3xl md:py-6 lg:px-0 m-auto"">\n<div class=""relative flex w-[calc(100%-50px)] flex-col gap-1 md:gap-3 lg:w-[calc(100%-115px)]"">\n<div class=""flex flex-grow flex-col gap-3"">\n<div class=""min-h-[20px] flex flex-col items-start gap-4 whitespace-pre-wrap break-words"">\n<div class=""markdown prose w-full break-words dark:prose-invert light"">\n<h3>Economiques</h3>\nnos bûches de bois sec Bois Facile vous permettent de réaliser des économies significatives. Comparées au bois de chauffage traditionnel avec un taux d’humidité de 35%, elles réduisent votre consommation de bois de 30% en volume. Opter pour nos bûches de bois sec, c’est choisir une solution plus rentable pour se chauffer.\n<h3>Pratiques</h3>\nnos bûches de bois sec sont coupées en petites sections, 100% fendues et séchées, prêtes à être utilisées. Vous n’avez plus besoin de les stocker pendant des mois. Grâce à notre ballot de bois bûche Bois Facile, vous disposez d’une réserve de bûches emballées, offrant une praticité et une facilité de stockage optimales.\n\nN’hésitez pas à choisir la quantité qui correspond à vos besoins : 1 Palette (1,5 stères), 2 Palettes (3 stères), ou 3 Palettes (4,5 stères).\n\nProfitez dès maintenant de l’efficacité, de l’économie et de la praticité de nos bûches de bois sec à haute performance énergétique !</div>\n</div>\n</div>\n</div>\n</div>\n</div>\n</div>\n</div>\n</div>\n</div>\n</div>\n</div>\n</div>\n</div>\n</div>\n</div>\n</div>",,,taxable,,1,,,0,0,,,,,1,,,140,Bois de chauffage,,,"https://boispro.ch/wp-content/uploads/2023/09/Buche-2-Ster-Box.webp, https://boispro.ch/wp-content/uploads/2023/09/bois-buche-50.webp, https://boispro.ch/wp-content/uploads/2023/09/bois-de-chauffage-50-cm-melange-de-bois-durs-palette-2-m3-25-steres.webp",0,mixed,40,,,rm,2
simple,WH-0074,Bois de chauffage (Chêne) 30cm 1.7 stères,1,0,visible,Poids du produit nu (en kg) 600 Nom du produit Bois de chauffage Produit emballé : hauteur (en cm) 110 Produit emballé : largeur (en cm) 100 Produit emballé : profondeur (en cm) 120 Produit emballé : poids (en kg) 600,"<table class=""o-product-features"" role=""presentation"" data-cerberus=""TABLE_AttributesProduct"">\n<tbody>\n<tr class=""m-product-attr-row"">\n<th class=""m-product-attr-row__name"" scope=""row""></th>\n<td class=""m-product-attr-row__value""></td>\n</tr>\n<tr class=""m-product-attr-row"">\n<th class=""m-product-attr-row__name"" scope=""row"">&nbsp;</th>\n<td class=""m-product-attr-row__value""></td>\n</tr>\n<tr class=""m-product-attr-row"">\n<th class=""m-product-attr-row__name"" scope=""row"">Poids du produit nu (en kg)</th>\n<td class=""m-product-attr-row__value"">600</td>\n</tr>\n<tr class=""m-product-attr-row"">\n<th class=""m-product-attr-row__name"" scope=""row"">Nom du produit</th>\n<td class=""m-product-attr-row__value"">Bois de chauffage</td>\n</tr>\n<tr class=""m-product-attr-row"">\n<th class=""m-product-attr-row__name"" scope=""row"">Produit emballé : hauteur (en cm)</th>\n<td class=""m-product-attr-row__value"">110</td>\n</tr>\n<tr class=""m-product-attr-row"">\n<th class=""m-product-attr-row__name"" scope=""row"">Produit emballé : largeur (en cm)</th>\n<td class=""m-product-attr-row__value"">100</td>\n</tr>\n<tr class=""m-product-attr-row"">\n<th class=""m-product-attr-row__name"" scope=""row"">Produit emballé : profondeur (en cm)</th>\n<td class=""m-product-attr-row__value"">120</td>\n</tr>\n<tr class=""m-product-attr-row"">\n<th class=""m-product-attr-row__name"" scope=""row"">Produit emballé : poids (en kg)</th>\n<td class=""m-product-attr-row__value"">600</td>\n</tr>\n<tr class=""m-product-attr-row"">\n<th class=""m-product-attr-row__name"" scope=""row""></th>\n<td class=""m-product-attr-row__value""></td>\n</tr>\n</tbody>\n</table>\n<p class=""a-text-warranty""></p>",,,taxable,,1,,,0,0,,,,,0,,,110,Bois de chauffage,,,https://boispro.ch/wp-content/uploads/2023/09/888048.webp,0,oak,30,,,rm,1.7
simple,WH-0075,"Bois bûches (Mélange Hêtre, Chêne) extra-sec pour chauffage haute performance 33 cm 1 Stères",1,0,visible,Bois bûches extra-sec pour chauffage haute performance Ce bois de chauffage issu de feuillus durs est étuvé en séchoir industriel à air chaud à 80°C.,"Bois bûches extra-sec pour chauffage haute performance\n\nCe bois de chauffage issu de feuillus durs est étuvé en séchoir industriel à air chaud à 80°C. Le cycle de séchage de 5 à 10 jours permet d'atteindre un taux d'humidité inférieur à 18%, idéal pour une utilisation immédiate et une combustion performante.\n\nAllumage rapide et chaleur immédiate garantie !\n\nLes dimensions des bûches sont de 25, 33, 40 ou 50 cm environ, selon vos besoins. L'aspect visuel et la taille des bûches peut différer d'une bûche à l'autre.",,,taxable,,1,,,0,0,,,,,0,,,70,Bois de chauffage,,,"https://boispro.ch/wp-content/uploads/2023/09/888048.webp, https://boispro.ch/wp-content/uploads/2023/09/bois-buches-30.webp",0,mixed,33,18,kiln,rm,1
simple,WH-0076,Bois de chauffage (Hêtre) 50 cm 1.5 stères,1,0,visible,Acheter son bois de chauffage au fur et à mesure de sa consommation. Composition : 90% essences de bois dur. Essence du bois : hêtre.,"<div class=""o-product-detail-informations__description"">\n\nAcheter son bois de chauffage au fur et à mesure de sa consommation. Composition : 90% essences de bois dur.\n\nEssence du bois : hêtre.\n\n</div>\n<table class=""o-product-features"" style=""height: 290px;"" role=""presentation"" width=""811"" data-cerberus=""TABLE_AttributesProduct""><caption class=""kl-hidden-accessibility"">Tableau de caractéristiques du produit</caption>\n<tbody>\n<tr class=""m-product-attr-row"">\n<th class=""m-product-attr-row__name"" scope=""row""></th>\n<td class=""m-product-attr-row__value""></td>\n</tr>\n<tr class=""m-product-attr-row"">\n<th class=""m-product-attr-row__name"" scope=""row"">Combustible prêt à l'emploi</th>\n<td class=""m-product-attr-row__value"">Oui</td>\n</tr>\n<tr class=""m-product-attr-row"">\n<th class=""m-product-attr-row__name"" scope=""row""></th>\n<td class=""m-product-attr-row__value""></td>\n</tr>\n<tr class=""m-product-attr-row"">\n<th class=""m-product-attr-row__name"" scope=""row"">Nom du produit</th>\n<td class=""m-product-attr-row__value"">Bois de chauffage</td>\n</tr>\n<tr class=""m-product-attr-row"">\n<th class=""m-product-attr-row__name"" scope=""row"">Produit emballé : hauteur (en cm)</th>\n<td class=""m-product-attr-row__value"">110</td>\n</tr>\n<tr class=""m-product-attr-row"">\n<th class=""m-product-attr-row__name"" scope=""row"">Produit emballé : largeur (en cm)</th>\n<td class=""m-product-attr-row__value"">100</td>\n</tr>\n<tr class=""m-product-attr-row"">\n<th class=""m-product-attr-row__name"" scope=""row"">Produit emballé : profondeur (en cm)</th>\n<td class=""m-product-attr-row__value"">120</td>\n</tr>\n<tr class=""m-product-attr-row"">\n<th class=""m-product-attr-row__name"" scope=""row"">Produit emballé : poids (en kg)</th>\n<td class=""m-product-attr-row__value"">500</td>\n</tr>\n<tr class=""m-product-attr-row"">\n<th class=""m-product-attr-row__name"" scope=""row"">Indication du geste de tri (triman)</th>\n<td class=""m-product-attr-row__value"">Nos produits et emballages peuvent faire l'objet d'une consigne de tri.</td>\n</tr>\n</tbody>\n</table>\n<p class=""a-text-warranty""></p>",,,taxable,,1,,,0,0,,,,,0,,,90,Bois de chauffage,,,https://boispro.ch/wp-content/uploads/2023/09/888048.webp,0,beech,50,,,rm,1.5
simple,WH-0077,Bois de chauffage (Chêne) en palette (30 cm /- 1 stères),1,0,visible,"Palette (Mélange) Bois Coupé en 30cm (+/-1 st.) Le bois utilisé est un feuillus (Charme, chêne, hêtre, frêne, bouleau) Fini la corvée de rangement du bois de chauffage, vous pouvez commander du bois déjà rangé sur une structure en bois, livré dans votre garage (L 1.15m x P 1.15m x H 1.20m).","Palette (Mélange) Bois Coupé en 30cm (+/-1 st.)\n\nLe bois utilisé est un feuillus (Charme, chêne, hêtre, frêne, bouleau)\n\nFini la corvée de rangement du bois de chauffage, vous pouvez commander du bois déjà rangé sur une structure en bois, livré dans votre garage (L 1.15m x P 1.15m x H 1.20m).\n\nVous n'aurez plus à vous souciez du stockage et du rangement du bois.\n\nPlus d'écorces ni de déchets à ramasser après la livraison, votre bois est propre et rangé.",,,taxable,,1,,,0,0,,,,,0,,,75,Bois de chauffage,,,"https://boispro.ch/wp-content/uploads/2023/09/DSC01529-removebg-preview.jpg, https://boispro.ch/wp-content/uploads/2023/09/bois-buches-30.webp",0,oak,30,,,rm,1
simple,WH-0078,BOIS DE CHAUFFAGE – 40 CM – MÉLANGE DE BOIS DURS – PALETTE 2 M3 – 2.6 STÈRES,1,0,visible,"Prêt pour hiver prochain.\n<p style=""margin-top:0px;margin-bottom:0.4em;font-family:Raleway,"">La palette contient plusieurs essences(Hêtre,Chêne), exclusivement des bois durs. Cela est donc idéal pour un bon équilibre entre braises et flammes vives.</p>","<p style=""margin-top:0px;margin-bottom:0.4em;font-family:Raleway,"">Cette palette de bois d’environ 2 mètres de haut est facile à ranger (sous réserve d’accessibilité) et vous garantit d’avoir le nombre de stère commandé.</p>\n<p style=""margin-top:0px;margin-bottom:0.4em;font-family:Raleway,"">La palette contient plusieurs essences(Hêtre,Chêne), exclusivement des bois durs. Cela est donc idéal pour un bon équilibre entre braises et flammes vives.</p>\n<p style=""margin-top:0px;margin-bottom:0.4em;font-family:Raleway,"">Le bois est bien refendu en bûches de 40 cm, le format idéal pour une cheminée ou un insert.</p>\n<p style=""margin-top:0px;margin-bottom:0.4em;font-family:Raleway,""><span>Certificats :PEFC</span>\n<span>Taux D’humidité : 25 à 30%</span>\n<span>Essence : Mélange de bois durs</span>\n<span>Volume En M3 : 2 m3</span>\n<span>Volume En Stères : 2.6 stères</span>\n<span>Dimensions Palette : L120x l95x H 200cm</span>\n<span>Technique De Séchage : Naturel en extérieur</span>\n<span>Type De Bois : Bois dur</span>\n<span>Longueur : 40 cm</span>\n<span>Conditionnement : Palette</span>\n<span>Origine : Belgique</span></p>",,,shipping,,1,,,0,0,,,,,1,,,155.00,Bois de chauffage,,,https://boispro.ch/wp-content/uploads/2023/09/1515.jpg,0,mixed,40,,,rm,2.6
simple,WH-0079,Bûches densifiées longue durée - Palette de 1008kg,1,0,visible,"Les bûches de bois compressé au meilleur prix Les bûches de bois compressé sont produits uniquement à partir de sciures de bois et plaquettes forestières non traitées, simplement séchées, chauffées et compactées.","<p style=""margin-top:0px;margin-bottom:0.4em;font-family:Raleway,"">Les bûches de bois compressé au meilleur prix\nLes bûches de bois compressé sont produits uniquement à partir de sciures de bois et plaquettes forestières non traitées, simplement séchées, chauffées et compactées. Cela permet ainsi de gagner en compacité et de garantir un taux d'humidité idéal pour chauffer et dégager un maximum de chaleur.</p>\n<p style=""margin-top:0px;margin-bottom:0.4em;font-family:Raleway,"">La densité du produit est ainsi de plus de 1000kg par m3, soit 2,5 fois plus que du bois traditionnel. Le stockage est ainsi facilité, bien qu'il ne soit pas possible de le stocker en exterieur.</p>\n<p style=""margin-top:0px;margin-bottom:0.4em;font-family:Raleway,"">Les palettes sont livrées dans le lieu de stockage grâce à nos chariots emarqués à moteur.</p>\n<p style=""margin-top:0px;margin-bottom:0.4em;font-family:Raleway,"">Les bûches de bois 100% feuillus font 75mm de diamètre et +/- 280mm de longueur, ce qui en fait un produit adapté à l'ensemble des appareils de chauffage. Chaque paquet contient 5 bûches de 1.5kg, soit 7.5kg.</p>\n<p style=""margin-top:0px;margin-bottom:0.4em;font-family:Raleway,"">Longueur : +/- 28cm</p>\n<p style=""margin-top:0px;margin-bottom:0.4em;font-family:Raleway,"">Diamètre : 75mm</p>\n<p style=""margin-top:0px;margin-bottom:0.4em;font-family:Raleway,"">Humidité &lt;10%</p>\n<p style=""margin-top:0px;margin-bottom:0.4em;font-family:Raleway,"">Masse volumique &gt; 1000kg/m3</p>\n<p style=""margin-top:0px;margin-bottom:0.4em;font-family:Raleway,"">PCI sur brut &gt;4500kWh/T</p>\n<p style=""margin-top:0px;margin-bottom:0.4em;font-family:Raleway,"">Taux de cendre &lt; 4%</p>\n<p style=""margin-top:0px;margin-bottom:0.4em;font-family:Raleway,"">Hauteur 70mm\nPoids 1.5kg par bûche / 1008kg / pal\nLongueur 28cm\nPouvoir calorifique 4,6 kWh.kg-1 ≤ PCI ≤ 5 kWh.kg-1\nFormat 168 sacs de 6kg</p>\n<p style=""margin-top:0px;margin-bottom:0px;font-family:Raleway,"">Palette de 168 sacs de 6kg. 4 bûches par sac.</p>",,,shipping,,1,,,0,0,,,,,1,,399.00,450.00,Bois de chauffage,,,"https://boispro.ch/wp-content/uploads/2023/09/1535.jpg, https://boispro.ch/wp-content/uploads/2023/09/1533.jpg, https://boispro.ch/wp-content/uploads/2023/09/1534.jpg",0,,,,,kg,1008
simple,WH-0080,Palette bois de chauffage – 45 cm – Mélange de bois (2 m3 ),1,0,visible,<ul>\n	<li><strong>Bois de chauffage ultra sec </strong></li>\n	<li><strong>Prêt à l’emploi</strong></li>\n</ul>,"<p style=""margin-top:0px;margin-bottom:0.4em;font-family:Raleway,""><span>Palette de 2M3 soit +/- 3 stères de bois, en bûches refendues en 45 cm, mélange de bois(frêne, hêtre et charme), séchage naturel.</span></p>\n<p style=""margin-top:0px;margin-bottom:0.4em;font-family:Raleway,"">Bois de chauffage – 45 cm – Mélange de bois(2 m3)<br />\nCette palette de bois d’environ 2 mètres de haut est facile à ranger (sous réserve d’accessibilité) et vous garantit d’avoir le nombre de stère commandé.<br />\nLa palette contient plusieurs essences, exclusivement des bois. Cela est donc idéal pour un bon équilibre entre braises et flammes vives.<br />\nLe bois est bien refendu en bûches de 45 cm, le format idéal pour une cheminée ou un insert.</p>\n<p style=""margin-top:0px;margin-bottom:0.4em;font-family:Raleway,"">Bois de types lourds ou bois de types légers?<br />\nLes bois légers sont faciles à allumer mais se consument beaucoup trop vite (peuplier, érable, tilleul, aulne…)<br />\nLes bois lourds sont plus difficile à allumer mais ils possèdent un pouvoir calorifique élevé et se consument lentement.<br />\nIl est fortement recommandé d’éviter de brûler des résineux dans votre poêle à bois car ils encrassent votre système de chauffage, gênèrent beaucoup de fumée et émettent des projections pendant la combustion (foyer ouvert)<br />\nIl faut éviter de brûler des bois qui éclatent, comme le châtaignier et le platane car ils projettent des braises surtout ne pas utiliser dans des foyers ouverts.<br />\nIl faut également éviter les bois qui encrassent, comme les résineux et les bois trop humide car ils font trop de fumées et ils déposent de la résine dans les conduits.</p>\n<p style=""margin-top:0px;margin-bottom:0px;font-family:Raleway,"">Fiche technique<br />\nTaux d’humidité: Inférieur à 25%<br />\nEssence: Mélange de bois durs<br />\nVolume en m3: 2 m3<br />\nVolume en stères: 3 stères<br />\nDimensions palette: L120xl95xH200cm<br />\nTechnique de séchage: Naturel</p>\n",,,shipping,,1,,,0,0,,,,,1,,,135,Bois de chauffage,,,https://boispro.ch/wp-content/uploads/2023/09/1536.jpg,0,mixed,45,25,air,,
simple,WH-0081,Bois de chauffage en vrac – Bûche de 33 cm,1,0,visible,"Bûches fendues en 33 cm vendues en stère séché et prêt à utiliser prix/stère : 65€ Nos bûches de 33 cm sont constituées de bois durs et feuillus: chêne, charme, hêtre, frêne sec, reconnus comme les meilleurs bois de chauffage.","<ul class="""" style=""padding-left:1.5em;list-style-type:disc;margin-top:0px;margin-bottom:0.4em;font-family:Raleway,"">\n	<li>Bûches fendues en 33 cm vendues en stère</li>\n	<li><span class="""">séché et prêt à utiliser</span></li>\n	<li>prix/stère : 65€</li>\n	<li>Nos bûches  de 33 cm sont constituées de bois durs et feuillus: <span class="""">chêne, charme, hêtre, frêne sec,</span> reconnus comme les meilleurs bois de chauffage.\nLe bois dur est plus approprié pour les poêles à combustion continue, car il doit être rechargé moins souvent.</li>\n	<li>Fendue, séchée,  cette bûche de bois offre un pouvoir calorifique exceptionnel et un taux d’humidité très bas (-20%).</li>\n</ul>\n<ul class="""" style=""padding-left:1.5em;list-style-type:disc;margin-top:0px;margin-bottom:0.4em;font-family:Raleway,"">\n	<li>Type de bois : 100% bois durs (chêne, charme, hêtre, frêne).</li>\n</ul>",,,shipping,,1,,,0,0,,,,,1,,,65.00,Bois de chauffage,,,https://boispro.ch/wp-content/uploads/2023/09/1538.jpg,0,,33,,,,
simple,WH-0082,Bois de chauffage en vrac – Bûche de 50 cm,1,0,visible,"Type de bois : 100% bois durs (chêne, charme, hêtre, frêne) Pouvoir calorifique : 2000 kWh/stère. Nos Bûches de 50 cm sont constituées de bois durs et feuillus: chêne, charme, hêtre, frêne sec. reconnus comme les meilleurs bois de chauffage.","<p style=""margin-top:0px;margin-bottom:0.4em;font-family:Raleway,"">Type de bois : 100% bois durs (chêne, charme, hêtre, frêne)</p>\n<ul class="""" style=""padding-left:1.5em;list-style-type:disc;margin-top:0px;margin-bottom:0.4em;font-family:Raleway,"">\n	<li>Pouvoir calorifique : 2000 kWh/stère.</li>\n	<li>Nos Bûches  de 50 cm sont constituées de bois durs et feuillus: <span class="""">chêne, charme, hêtre, frêne sec.</span> reconnus comme les meilleurs bois de chauffage.</li>\n	<li><strong style=""font-weight: 700"">Le bois dur est plus approprié pour les poêles à combustion continue, car il doit être rechargé moins souvent.</strong></li>\n	<li><strong style=""font-weight: 700"">Cette catégorie de bois durs, est idéale pour le chauffage</strong>. Le chêne, l’hêtre , le frêne, le charme, produisent de belles flammes et beaucoup de braises qui restent longtemps incandescentes et leur densité limite la fréquence des chargements.</li>\n	<li><strong style=""font-weight: 700"">Fendue, séchée,  cette bûche de bois offre un pouvoir calorifique exceptionnel et un taux d’humidité très bas (-20%).</strong>\n<ul class="""" style=""padding-left:1.5em;list-style-type:circle;margin-top:0px;margin-bottom:0.4em"">\n	<li><strong style=""font-weight: 700"">Du bois sec tout l’hiver livré en vrac</strong></li>\n	<li>Les bûches de<span> </span><strong style=""font-weight: 700"">BOIS DE PERCHERON</strong> permettent une utilisation simplifiée de votre appareil à bois. En effet, grâce à son taux d’humidité faible (&lt;20%), vous obtenez une <strong style=""font-weight: 700"">efficacité énergétique maximale</strong> sans les contraintes du bois : pas de stockage ni de coupage nécessaire.</li>\n	<li>Les bûches de bois</li>\n	<li><em><strong style=""font-weight: 700"">BOIS DE PERCHERON</strong></em><span><em><strong style=""font-weight: 700""> </strong></em></span>sont déjà <strong style=""font-weight: 700"">fendues</strong>, <strong style=""font-weight: 700"">brossées</strong>  et <strong style=""font-weight: 700"">coupées </strong>en 25, 30 , 40 et 50 centimètres.</li>\n	<li><strong style=""font-weight: 700"">BOIS DE PERCHERON</strong></li>\n	<li>vous propose une livraison de ses bûches de bois  en vrac grâce à son réseau de distribution. Ainsi, vous avez à disposition du bois de chauffage sec (mélange de <strong style=""font-weight: 700"">chêne, charme, hêtre, frêne</strong>) dans les quantités nécessaires tout au long de la période de chauffe.</li>\n	<li><strong style=""font-weight: 700"">Un pouvoir calorifique maximal sans contrainte.</strong></li>\n	<li>Les bûches de<span> </span><strong style=""font-weight: 700"">BOIS DE PERCHERON </strong> sont prêtes à l’emploi. Dès la livraison de votre bois de chauffage en vrac, vous pourrez immédiatement l’utiliser afin de vous chauffer et de profiter des plaisirs du feu de bois. En effet, nos bûches sont déjà coupées et fendues en petites sections et  séchées .</li>\n	<li><strong style=""font-weight: 700"">Une solution économique et pratique</strong></li>\n	<li>Nos bûches vous assurent 30% de consommation en moins . Vous augmentez également la durée de vie de votre appareil et conduit car nos bûches extra sèches génèrent 2 à 3 fois moins de cendres et limitent l’encrassement de votre installation.</li>\n	<li>En comparaison avec du bois de chauffage traditionnel contenant ≈ 30% d’humidité</li>\n</ul>\n</li>\n</ul>",,,shipping,,1,,,0,0,,,,,1,,,60,Bois de chauffage,,,https://boispro.ch/wp-content/uploads/2023/09/1540.jpg,0,,50,20,,,
simple,WH-0083,MELANGE CHÊNE CHARME HÊTRE ET FRÊNE VRAC < 6 Stères 30-33 CM < 3.90 M3,1,0,visible,"Bois de chauffage en chêne, Bois de chauffage Frêne, Bois de chauffage hêtre, Charme de bois de chauffage Stères de bois en VRAC MELANGE Les Bûches de bois traditionnelles sont conditionnées en 6 stères en 33 cm.","<p style=""margin-top:0px;margin-bottom:0.4em;font-family:Raleway,"">Bois de chauffage en chêne,</p>\n<p style=""margin-top:0px;margin-bottom:0.4em;font-family:Raleway,"">Bois de chauffage Frêne,</p>\n<p style=""margin-top:0px;margin-bottom:0.4em;font-family:Raleway,"">Bois de chauffage hêtre,</p>\n<p style=""margin-top:0px;margin-bottom:0.4em;font-family:Raleway,"">Charme de bois de chauffage</p>\n<p style=""margin-top:0px;margin-bottom:0.4em;font-family:Raleway,"">Stères de bois en VRAC MELANGE Les Bûches de bois traditionnelles sont conditionnées en 6 stères en 33 cm. MELANGE CHÊNE CHARME</p>\n<p style=""margin-top:0px;margin-bottom:0.4em;font-family:Raleway,"">Utilisation dans tous types d’appareils   à bois, (foyers ouverts, inserts, poêles, chaudières, cuisinières à bois, y compris les barbecues, les fours à pizza ou de boulangerie).</p>\n<p style=""margin-top:0px;margin-bottom:0.4em;font-family:Raleway,""><strong style=""font-weight: 700"">OrigineFRANCE</strong><strong style=""font-weight: 700"">Calibre&lt; &gt; 33 cm</strong><strong style=""font-weight: 700"">Taux Cendre1.2 %</strong><strong style=""font-weight: 700"">Taux d’Humidité&lt; 20 à 25 %</strong><strong style=""font-weight: 700"">Pouvoir Calorifique2 150kWh/stère</strong><strong style=""font-weight: 700""> Qualité – Composition CHENE, CHARME,HETRE &amp; FRENE</strong></p>\n<p style=""margin-top:0px;margin-bottom:0.4em;font-family:Raleway,"">Nos Bûches une manipulation sans poussière ni résidu.</p>\n<p style=""margin-top:0px;margin-bottom:0.4em;font-family:Raleway,"">Le bois MELANGE vous facilitera le démarrage de votre feu et vous assurera de belles flammes ainsi qu’un rendu</p>\n<p style=""margin-top:0px;margin-bottom:0.4em;font-family:Raleway,"">calorifique conséquent.</p>\n<p style=""margin-top:0px;margin-bottom:0.4em;font-family:Raleway,"">Les bûches sont coupées et emballées suivant un cahier des charges strict et font l’objet de contrôles permanents MELANGE CHÊNE CHARME .</p>\n<p style=""margin-top:0px;margin-bottom:0px;font-family:Raleway,""><strong style=""font-weight: 700"">STOCKAGE INTÉRIEUR, POUR VOUS GARANTIR DES PRODUITS SECS TOUTE L’ANNÉE !</strong></p>",,,shipping,,1,,,0,0,,,,,1,,,260,Bois de chauffage,,,https://boispro.ch/wp-content/uploads/2023/09/1550.jpg,0,mixed,33,,,,
simple,WH-0084,BOIS DENSIFIÉ - FEUILLUS + RÉSINEUX,1,0,visible,"BOIS DENSIFIÉ – FEUILLUS + RÉSINEUX – PALETTE DE 960 KG Bois densifié de jour, composé de mélange de plaquettes de hêtre, chêne, frêne et de résineux issus de scieries locales, fabriqué en Picardie de forêts labellisées PEFC.","<p style=""margin-top:0px;margin-bottom:0.4em;font-family:Raleway,""><span>BOIS DENSIFIÉ – FEUILLUS + RÉSINEUX – PALETTE DE 960 KG</span></p>\n<p style=""margin-top:0px;margin-bottom:0.4em;font-family:Raleway,"">Bois densifié de jour, composé de mélange de plaquettes de hêtre, chêne, frêne et de résineux issus de scieries locales, fabriqué en Picardie de forêts labellisées PEFC.</p>\n<p style=""margin-top:0px;margin-bottom:0.4em;font-family:Raleway,"">100 % naturel, sans colle, ni additifs</p>\n<p style=""margin-top:0px;margin-bottom:0.4em;font-family:Raleway,"">Vendu selon les entrepôts, par 96 lots de 10 kg, ou 80 lots de 12 kg, le poids total de palette faisant toujours 960 kg.</p>\n<p style=""margin-top:0px;margin-bottom:0.4em;font-family:Raleway,"">Un bois de chauffage propre, économique et écologique : le bois densifié</p>\n<p style=""margin-top:0px;margin-bottom:0.4em;font-family:Raleway,"">Un bois ultra sec grâce à un taux d’humidité inférieur à 8%.</p>\n<p style=""margin-top:0px;margin-bottom:0.4em;font-family:Raleway,"">Un fort pouvoir calorifique 3 à 4 fois supérieur au bois traditionnel.</p>\n<p style=""margin-top:0px;margin-bottom:0.4em;font-family:Raleway,"">Une durée de combustion de 1h30 à 2h et n’encrasse pas avec son faible taux en cendres inférieur à 1.5%.</p>\n<p style=""margin-top:0px;margin-bottom:0.4em;font-family:Raleway,"">Sans plastique ou presque : les bûches sont uniquement cerclées pour éviter trop d’emballage.</p>\n<p style=""margin-top:0px;margin-bottom:0.4em;font-family:Raleway,"">Ces bûches vous offriront une chaleur constante et vous procureront un confort stable et de qualité.</p>\n<p style=""margin-top:0px;margin-bottom:0.4em;font-family:Raleway,"">Nous vous rappelons que le bois densifié est impérativement à stocker en intérieur à l’abri de toute humidité</p>\n<p style=""margin-top:0px;margin-bottom:0.4em;font-family:Raleway,"">Référence DENSIFIE_PALETTE_KALIMAX</p>\n<h3 class="""" style=""line-height:1.1;font-family:Dosis,"">Fiche technique</h3>\n<p style=""margin-top:0px;margin-bottom:0px;font-family:Raleway,""><span>Pouvoir Calorifique 4.9 kWh/kgTaux D’humidité Inférieur à 8%Taux De Cendres Inférieur à 1.5%Essence Feuillus et résineux Longueur 26 à 29 cmConditionnement Palette</span></p>",,,shipping,,1,,,0,0,,,,,1,,,280.00,Bois de chauffage,,,https://boispro.ch/wp-content/uploads/2023/09/1552.jpg,0,,,,,,
simple,WH-0085,1- PALETTE BOIS DE CHAUFFAGE- 25 CM- 3 STÈRES,1,0,visible,"Les bûches de bois garanti sec Brazeco, avec moins de 10% d’humidité sont fabriquées à partir d’essences de chêne, de charme et de hêtre. D’origine France, séchées, fendues et écossées, elles sont certifiées NF.","<p style=""margin-top:0px;margin-right:0px;margin-bottom:var(--wd-tags-mb);margin-left:0px;padding:0px;border:0px;vertical-align:baseline;font-style:normal;font-weight:400;line-height:inherit;font-family:Lato,Arial,Helvetica,sans-serif;font-size:14px;letter-spacing:normal;text-transform:none;text-align:left"">Les bûches de bois garanti sec Brazeco, avec moins de 10% d’humidité sont fabriquées à partir d’essences de chêne, de charme et de hêtre. D’origine France, séchées, fendues et écossées, elles sont certifiées NF.</p>\n<p style=""margin:0px;padding:0px;border:0px;vertical-align:baseline;font-style:normal;font-weight:400;line-height:inherit;font-family:Lato,Arial,Helvetica,sans-serif;font-size:14px;letter-spacing:normal;text-transform:none;text-align:left"">Nos bûches de bois de chauffage 25 cm vous garantissent une performance énergétique optimale. Elles ont l’avantage d’être pratiques à manipuler et faciles à stocker avec leur conditionnement en palette.</p>",,,shipping,,1,,,0,0,,,,,1,,,245.00,Bois de chauffage,,,https://boispro.ch/wp-content/uploads/2023/09/1774.jpg,0,,25,10,,rm,3
simple,WH-0086,Bois densifié – Bûches de nuit – 1/2 palette de 480 kg,1,0,visible,"Bois densifié longue durée de nuit, mélange bois durs (hêtre, frêne et chêne) + miscanthus 100 % naturel, sans colle, ni additifs","<p style=""margin-top:0px;margin-right:0px;margin-bottom:var(--wd-tags-mb);margin-left:0px;padding:0px;border:0px;vertical-align:baseline;font-style:normal;font-weight:400;line-height:inherit;font-family:Lato,Arial,Helvetica,sans-serif;font-size:14px;letter-spacing:normal;text-transform:none;text-align:left"">Bois densifié longue durée de nuit, mélange bois durs (hêtre, frêne et chêne) + miscanthus</p>\n<p style=""margin-top:0px;margin-right:0px;margin-bottom:var(--wd-tags-mb);margin-left:0px;padding:0px;border:0px;vertical-align:baseline;font-style:normal;font-weight:400;line-height:inherit;font-family:Lato,Arial,Helvetica,sans-serif;font-size:14px;letter-spacing:normal;text-transform:none;text-align:left"">100 % naturel, sans colle, ni additifs</p>",,,taxable,,1,,,0,0,,,,,1,,,115.00,Bois de chauffage,,,https://boispro.ch/wp-content/uploads/2023/09/1775.jpg,0,,,,,kg,480
simple,WH-0087,Bois densifié – Feuillus – Palette de 1 tonne,1,0,visible,"Bois densifié, 100 % feuillus (hêtre, charme, chêne et peuplier) 100 % naturel, sans colle, ni additifs et 100 % français","<p style=""margin-top:0px;margin-right:0px;margin-bottom:var(--wd-tags-mb);margin-left:0px;padding:0px;border:0px;vertical-align:baseline;font-style:normal;font-weight:400;line-height:inherit;font-family:Lato,Arial,Helvetica,sans-serif;font-size:14px;letter-spacing:normal;text-transform:none;text-align:left"">Bois densifié, 100 % feuillus (hêtre, charme, chêne et peuplier)</p>\n<p style=""margin:0px;padding:0px;border:0px;vertical-align:baseline;font-style:normal;font-weight:400;line-height:inherit;font-family:Lato,Arial,Helvetica,sans-serif;font-size:14px;letter-spacing:normal;text-transform:none;text-align:left"">100 % naturel, sans colle, ni additifs et 100 % français</p>",,,shipping,,1,,,0,0,,,,,1,,,145.00,Bois de chauffage,,,https://boispro.ch/wp-content/uploads/2023/09/1776.jpg,0,,,,,kg,1000
simple,WH-0088,"Bois bûches Hêtre extra-sec pour chauffage haute performance 2 m , 2 stères.",1,0,visible,Bois bûches extra-sec pour chauffage haute performance Ce bois de chauffage issu de feuillus durs est étuvé en séchoir industriel à air chaud à 80°C.,"<p style=""margin-top:0px;margin-bottom:1rem;font-family:Krub,sans-serif;font-size:14px;font-style:normal;font-weight:400;letter-spacing:-0.03px;text-transform:none;text-align:left"">Bois bûches extra-sec pour chauffage haute performance</p>\n<p style=""margin-top:0px;margin-bottom:1rem;font-family:Krub,sans-serif;font-size:14px;font-style:normal;font-weight:400;letter-spacing:-0.03px;text-transform:none;text-align:left"">Ce bois de chauffage issu de feuillus durs est étuvé en séchoir industriel à air chaud à 80°C. Le cycle de séchage de 5 à 10 jours permet d’atteindre un taux d’humidité inférieur à 18%, idéal pour une utilisation immédiate et une combustion performante.</p>\n<p style=""margin-top:0px;margin-bottom:1rem;font-family:Krub,sans-serif;font-size:14px;font-style:normal;font-weight:400;letter-spacing:-0.03px;text-transform:none;text-align:left"">Allumage rapide et chaleur immédiate garantie !</p>",,,shipping,,1,,,0,0,,,,,1,,,100.00,Bois de chauffage,,,https://boispro.ch/wp-content/uploads/2023/09/1774-1.jpg,0,beech,,18,kiln,rm,2
simple,WH-0089,"Bois bûches Hêtre extra-sec pour chauffage haute performance 1 m , 2 stères.",1,0,visible,Bois bûches extra-sec pour chauffage haute performance Ce bois de chauffage issu de feuillus durs est étuvé en séchoir industriel à air chaud à 80°C.,"<p style=""margin-top:0px;margin-bottom:1rem;font-family:Krub,sans-serif;font-size:14px;font-style:normal;font-weight:400;letter-spacing:-0.03px;text-indent:0px;text-transform:none;text-align:left"">Bois bûches extra-sec pour chauffage haute performance</p>\n<p style=""margin-top:0px;margin-bottom:1rem;font-family:Krub,sans-serif;font-size:14px;font-style:normal;font-weight:400;letter-spacing:-0.03px;text-indent:0px;text-transform:none;text-align:left"">Ce bois de chauffage issu de feuillus durs est étuvé en séchoir industriel à air chaud à 80°C. Le cycle de séchage de 5 à 10 jours permet d’atteindre un taux d’humidité inférieur à 18%, idéal pour une utilisation immédiate et une combustion performante.</p>\n<p style=""margin-top:0px;margin-bottom:1rem;font-family:Krub,sans-serif;font-size:14px;font-style:normal;font-weight:400;letter-spacing:-0.03px;text-indent:0px;text-transform:none;text-align:left"">Allumage rapide et chaleur immédiate garantie !</p>",,,shipping,,1,,,0,0,,,,,1,,,110.00,Bois de chauffage,,,https://boispro.ch/wp-content/uploads/2023/09/1774-2.jpg,0,beech,,18,kiln,rm,2
